{"type":"FeatureCollection","name":"caba_comunas","features":[{"type":"Feature","properties":{"comuna":1},"geometry":{"type":"MultiPolygon","coordinates":[[[[-58.34892,-34.61698],[-58.34901,-34.61698],[-58.34917,-34.61699],[-58.34921,-34.61702],[-58.34932,-34.61705],[-58.34942,-34.61706],[-58.34949,-34.61708],[-58.34949,-34.61711],[-58.34954,-34.61717],[-58.34963,-34.61718],[-58.34971,-34.61721],[-58.34975,-34.61725],[-58.34985,-34.6173],[-58.34997,-34.61738],[-58.35005,-34.6174],[-58.35007,-34.61747],[-58.35017,-34.61751],[-58.35018,-34.61756],[-58.35018,-34.61767],[-58.35023,-34.61773],[-58.35019,-34.61783],[-58.35016,-34.61787],[-58.35014,-34.6179],[-58.35016,-34.61796],[-58.35019,-34.61802],[-58.35018,-34.61813],[-58.35021,-34.61817],[-58.35023,-34.61821],[-58.35023,-34.61821],[-58.35015,-34.61825],[-58.35005,-34.61824],[-58.34993,-34.61817],[-58.3498,-34.61822],[-58.34985,-34.61832],[-58.34987,-34.61837],[-58.34987,-34.61837],[-58.34992,-34.61841],[-58.34999,-34.61845],[-58.35011,-34.61848],[-58.35011,-34.61849],[-58.35011,-34.61852],[-58.35012,-34.61857],[-58.34998,-34.61865],[-58.34997,-34.61872],[-58.35025,-34.61878],[-58.35026,-34.61878],[-58.35034,-34.61866],[-58.35041,-34.61865],[-58.35054,-34.61853],[-58.35055,-34.61853],[-58.35073,-34.61856],[-58.35069,-34.61863],[-58.35055,-34.61869],[-58.35052,-34.61873],[-58.3504,-34.61885],[-58.35038,-34.61894],[-58.35044,-34.619],[-58.35045,-34.61901],[-58.35045,-34.61901],[-58.35057,-34.61903],[-58.35058,-34.61903],[-58.35059,-34.61905],[-58.35067,-34.61913],[-58.35068,-34.61917],[-58.35083,-34.61918],[-58.35104,-34.6192],[-58.35115,-34.61922],[-58.35122,-34.61923],[-58.35125,-34.6193],[-58.35127,-34.61934],[-58.35127,-34.61936],[-58.35129,-34.61936],[-58.35134,-34.61936],[-58.35134,-34.61936],[-58.35139,-34.61936],[-58.35139,-34.61936],[-58.35139,-34.61936],[-58.35139,-34.61936],[-58.35139,-34.61936],[-58.35139,-34.61936],[-58.35139,-34.61936],[-58.35139,-34.61936],[-58.3514,-34.61936],[-58.3514,-34.61936],[-58.3514,-34.61936],[-58.3514,-34.61936],[-58.3514,-34.61936],[-58.3514,-34.61936],[-58.3514,-34.61936],[-58.35141,-34.61936],[-58.35141,-34.61936],[-58.35141,-34.61936],[-58.35141,-34.61936],[-58.35141,-34.61936],[-58.35141,-34.61936],[-58.35142,-34.61936],[-58.35142,-34.61936],[-58.35142,-34.61935],[-58.35142,-34.61935],[-58.35142,-34.61935],[-58.35142,-34.61935],[-58.35142,-34.61935],[-58.35142,-34.61935],[-58.35143,-34.61935],[-58.35143,-34.61935],[-58.35143,-34.61935],[-58.35143,-34.61935],[-58.35143,-34.61935],[-58.35143,-34.61935],[-58.35143,-34.61935],[-58.35144,-34.61935],[-58.35144,-34.61935],[-58.35144,-34.61935],[-58.35144,-34.61935],[-58.35144,-34.61935],[-58.35144,-34.61935],[-58.35147,-34.61936],[-58.35147,-34.61936],[-58.35147,-34.61936],[-58.35147,-34.61937],[-58.35147,-34.61937],[-58.35147,-34.61937],[-58.35148,-34.61937],[-58.35148,-34.61937],[-58.35148,-34.61937],[-58.35148,-34.61937],[-58.35148,-34.61937],[-58.35148,-34.61937],[-58.35148,-34.61937],[-58.35149,-34.61937],[-58.35149,-34.61938],[-58.35149,-34.61938],[-58.35149,-34.61938],[-58.3515,-34.61938],[-58.3515,-34.61938],[-58.3515,-34.61938],[-58.3515,-34.61938],[-58.3515,-34.61938],[-58.3515,-34.61938],[-58.3515,-34.61938],[-58.3515,-34.61938],[-58.3515,-34.61938],[-58.3515,-34.61938],[-58.35151,-34.61939],[-58.35151,-34.61939],[-58.35152,-34.61939],[-58.35152,-34.6194],[-58.35153,-34.6194],[-58.35154,-34.6194],[-58.35155,-34.61941],[-58.35155,-34.61941],[-58.35156,-34.61942],[-58.35158,-34.61943],[-58.35158,-34.61943],[-58.35166,-34.61947],[-58.35179,-34.61955],[-58.35192,-34.61962],[-58.35192,-34.61962],[-58.35223,-34.61962],[-58.35255,-34.61955],[-58.35257,-34.61954],[-58.35257,-34.61954],[-58.35257,-34.61954],[-58.3527,-34.61978],[-58.35276,-34.61977],[-58.35292,-34.61976],[-58.35294,-34.61976],[-58.35294,-34.61975],[-58.35294,-34.61975],[-58.35303,-34.61962],[-58.35309,-34.61954],[-58.35352,-34.61941],[-58.35352,-34.61941],[-58.35352,-34.61941],[-58.35392,-34.61962],[-58.35408,-34.61971],[-58.35408,-34.61971],[-58.35426,-34.61947],[-58.35426,-34.61947],[-58.35482,-34.61952],[-58.35515,-34.61955],[-58.35521,-34.61944],[-58.3554,-34.61903],[-58.35543,-34.61896],[-58.3555,-34.61882],[-58.35581,-34.61812],[-58.35586,-34.61801],[-58.35589,-34.61792],[-58.356,-34.61764],[-58.35602,-34.61761],[-58.35602,-34.61762],[-58.35604,-34.61764],[-58.3574,-34.61906],[-58.35827,-34.61998],[-58.35946,-34.62122],[-58.36017,-34.62196],[-58.36088,-34.62271],[-58.36127,-34.62312],[-58.36144,-34.62329],[-58.36156,-34.62342],[-58.36158,-34.62344],[-58.36163,-34.62349],[-58.36166,-34.62352],[-58.36167,-34.62351],[-58.36178,-34.62364],[-58.36179,-34.62365],[-58.36188,-34.62373],[-58.36193,-34.62379],[-58.36193,-34.62379],[-58.36193,-34.62379],[-58.36197,-34.62383],[-58.36201,-34.62387],[-58.362,-34.62388],[-58.36202,-34.6239],[-58.36234,-34.62423],[-58.36242,-34.62433],[-58.3625,-34.6244],[-58.36261,-34.62452],[-58.36266,-34.62457],[-58.36284,-34.62476],[-58.36294,-34.62486],[-58.36308,-34.62501],[-58.3632,-34.62514],[-58.36326,-34.62514],[-58.36346,-34.62513],[-58.36346,-34.62513],[-58.36649,-34.6252],[-58.36649,-34.6252],[-58.36798,-34.6252],[-58.36797,-34.62548],[-58.36798,-34.627],[-58.36798,-34.62709],[-58.36798,-34.62711],[-58.36795,-34.62715],[-58.3681,-34.62719],[-58.36945,-34.62833],[-58.36964,-34.6285],[-58.37046,-34.6293],[-58.37066,-34.6295],[-58.37066,-34.6295],[-58.3707,-34.62919],[-58.37072,-34.62903],[-58.37072,-34.629],[-58.37071,-34.62883],[-58.3708,-34.62812],[-58.37092,-34.62709],[-58.37095,-34.62683],[-58.37097,-34.62666],[-58.37097,-34.62665],[-58.37097,-34.62665],[-58.37113,-34.62666],[-58.37113,-34.62666],[-58.37173,-34.6267],[-58.37173,-34.6267],[-58.37255,-34.62674],[-58.37255,-34.62674],[-58.37279,-34.62676],[-58.37279,-34.62676],[-58.37364,-34.62678],[-58.37364,-34.62678],[-58.37366,-34.62678],[-58.37366,-34.62678],[-58.37387,-34.62679],[-58.37387,-34.62679],[-58.37457,-34.6268],[-58.37457,-34.6268],[-58.37558,-34.62731],[-58.37661,-34.62787],[-58.37772,-34.62848],[-58.37794,-34.62861],[-58.37857,-34.62903],[-58.37872,-34.62913],[-58.37905,-34.62934],[-58.37897,-34.62956],[-58.37863,-34.63048],[-58.37863,-34.63048],[-58.37863,-34.6305],[-58.37863,-34.6305],[-58.37863,-34.63052],[-58.37912,-34.6314],[-58.37948,-34.63204],[-58.37953,-34.63217],[-58.37951,-34.63222],[-58.37958,-34.6323],[-58.37964,-34.63237],[-58.3801,-34.63264],[-58.38012,-34.63274],[-58.38015,-34.63304],[-58.38015,-34.63304],[-58.38125,-34.63307],[-58.38125,-34.63307],[-58.38126,-34.63305],[-58.38127,-34.63274],[-58.38127,-34.63274],[-58.38128,-34.6325],[-58.38129,-34.63236],[-58.38129,-34.63209],[-58.3813,-34.63187],[-58.38131,-34.63159],[-58.38131,-34.63158],[-58.38134,-34.6309],[-58.38134,-34.63085],[-58.38134,-34.63085],[-58.38134,-34.63085],[-58.38141,-34.6309],[-58.38174,-34.63114],[-58.38263,-34.63169],[-58.3834,-34.63222],[-58.38399,-34.6324],[-58.38536,-34.63281],[-58.38542,-34.63283],[-58.38652,-34.63315],[-58.38727,-34.63336],[-58.38763,-34.63346],[-58.38766,-34.63346],[-58.38847,-34.63369],[-58.38853,-34.63371],[-58.38854,-34.63371],[-58.38856,-34.63372],[-58.38864,-34.63373],[-58.38864,-34.63374],[-58.38877,-34.63376],[-58.38952,-34.63394],[-58.39036,-34.63413],[-58.39053,-34.63267],[-58.39056,-34.63242],[-58.39067,-34.63153],[-58.39079,-34.63052],[-58.39089,-34.62963],[-58.39093,-34.62933],[-58.39107,-34.6282],[-58.39117,-34.62726],[-58.39119,-34.62705],[-58.39122,-34.62664],[-58.39125,-34.62634],[-58.39133,-34.62523],[-58.39141,-34.62429],[-58.39144,-34.62399],[-58.39145,-34.62372],[-58.39146,-34.62356],[-58.39146,-34.62343],[-58.39149,-34.62274],[-58.39156,-34.62156],[-58.39161,-34.62054],[-58.39161,-34.62054],[-58.39163,-34.62023],[-58.39167,-34.61911],[-58.3917,-34.61816],[-58.39168,-34.61688],[-58.39166,-34.61584],[-58.39166,-34.6157],[-58.39166,-34.61552],[-58.39167,-34.61519],[-58.39168,-34.61492],[-58.39169,-34.6147],[-58.39169,-34.61467],[-58.39169,-34.61466],[-58.3917,-34.61408],[-58.39171,-34.61383],[-58.39175,-34.61283],[-58.39176,-34.61267],[-58.39177,-34.61246],[-58.39179,-34.61168],[-58.39179,-34.61168],[-58.39179,-34.61167],[-58.3918,-34.6115],[-58.39181,-34.61128],[-58.39186,-34.61056],[-58.39188,-34.61035],[-58.39196,-34.6093],[-58.39196,-34.60929],[-58.39197,-34.60917],[-58.39204,-34.60799],[-58.39205,-34.60786],[-58.39212,-34.60679],[-58.39213,-34.60664],[-58.3922,-34.60565],[-58.39221,-34.60549],[-58.39229,-34.60444],[-58.39239,-34.60316],[-58.39258,-34.60212],[-58.3926,-34.60199],[-58.39275,-34.60094],[-58.39277,-34.60081],[-58.39294,-34.59964],[-58.39156,-34.59957],[-58.39149,-34.59956],[-58.39138,-34.59956],[-58.39014,-34.59948],[-58.38967,-34.59945],[-58.38961,-34.59944],[-58.38948,-34.59943],[-58.38939,-34.59943],[-58.38815,-34.59936],[-58.38812,-34.59936],[-58.38797,-34.59935],[-58.38796,-34.59935],[-58.38687,-34.5993],[-58.38695,-34.59841],[-58.38695,-34.5984],[-58.38696,-34.59829],[-58.38698,-34.59818],[-58.38707,-34.59718],[-58.38707,-34.59706],[-58.38707,-34.59694],[-58.38714,-34.59594],[-58.38714,-34.59594],[-58.38716,-34.59573],[-58.38718,-34.59555],[-58.38728,-34.59475],[-58.38729,-34.59465],[-58.38731,-34.59455],[-58.38731,-34.59455],[-58.38757,-34.59284],[-58.38791,-34.59169],[-58.38795,-34.59165],[-58.38788,-34.5916],[-58.38788,-34.59159],[-58.38692,-34.59078],[-58.38594,-34.58979],[-58.38495,-34.5888],[-58.38385,-34.58768],[-58.38369,-34.58751],[-58.38369,-34.58751],[-58.3837,-34.5875],[-58.38378,-34.58746],[-58.3841,-34.58724],[-58.3845,-34.58697],[-58.3848,-34.58639],[-58.3848,-34.58639],[-58.38489,-34.58622],[-58.385,-34.58601],[-58.38506,-34.58588],[-58.38533,-34.58539],[-58.3856,-34.58502],[-58.38585,-34.58474],[-58.38585,-34.58474],[-58.38598,-34.58459],[-58.38617,-34.58438],[-58.38643,-34.5841],[-58.38665,-34.58386],[-58.38697,-34.58356],[-58.38742,-34.58319],[-58.38784,-34.58287],[-58.3881,-34.5827],[-58.38835,-34.58252],[-58.3884,-34.58249],[-58.38845,-34.58246],[-58.38863,-34.58236],[-58.3888,-34.58227],[-58.38894,-34.58219],[-58.38906,-34.58213],[-58.38917,-34.58207],[-58.38936,-34.58197],[-58.38951,-34.58189],[-58.38961,-34.58183],[-58.38978,-34.58175],[-58.38994,-34.58166],[-58.39003,-34.58161],[-58.39019,-34.58153],[-58.39043,-34.58141],[-58.39055,-34.58134],[-58.39061,-34.58131],[-58.39068,-34.58128],[-58.39072,-34.58126],[-58.3908,-34.58121],[-58.39093,-34.58115],[-58.391,-34.5811],[-58.39105,-34.58108],[-58.3911,-34.58105],[-58.39117,-34.58102],[-58.39117,-34.58101],[-58.3913,-34.58095],[-58.3913,-34.58095],[-58.39134,-34.58093],[-58.3914,-34.58091],[-58.39146,-34.58089],[-58.39154,-34.58086],[-58.39163,-34.58084],[-58.39164,-34.58084],[-58.39165,-34.58084],[-58.39165,-34.58084],[-58.39122,-34.5802],[-58.3912,-34.58017],[-58.39039,-34.57898],[-58.3899,-34.57825],[-58.38987,-34.57821],[-58.38967,-34.5782],[-58.38949,-34.5782],[-58.3884,-34.57817],[-58.38825,-34.57816],[-58.38759,-34.57815],[-58.3869,-34.57813],[-58.38659,-34.57812],[-58.38655,-34.57813],[-58.38654,-34.57813],[-58.38652,-34.57814],[-58.38641,-34.57817],[-58.3863,-34.57819],[-58.38613,-34.57822],[-58.38595,-34.57822],[-58.38573,-34.57822],[-58.38562,-34.57823],[-58.38551,-34.57824],[-58.38529,-34.57825],[-58.38507,-34.57825],[-58.38463,-34.57822],[-58.38446,-34.5782],[-58.38446,-34.5782],[-58.38428,-34.57819],[-58.3841,-34.57819],[-58.38393,-34.5782],[-58.38375,-34.57821],[-58.38358,-34.57824],[-58.3834,-34.57828],[-58.38324,-34.57832],[-58.38307,-34.57837],[-58.38286,-34.57845],[-58.37984,-34.58017],[-58.37694,-34.58],[-58.37617,-34.57996],[-58.37513,-34.58053],[-58.37398,-34.57911],[-58.37659,-34.57762],[-58.3767,-34.57756],[-58.3767,-34.57756],[-58.37672,-34.57755],[-58.37638,-34.57752],[-58.37605,-34.57749],[-58.37605,-34.57749],[-58.37605,-34.57749],[-58.37605,-34.57749],[-58.37607,-34.57751],[-58.37607,-34.57751],[-58.37607,-34.57758],[-58.37606,-34.57764],[-58.37606,-34.57765],[-58.37605,-34.57769],[-58.37605,-34.5777],[-58.37605,-34.5777],[-58.37605,-34.5777],[-58.37605,-34.57771],[-58.37605,-34.57772],[-58.37604,-34.57772],[-58.37604,-34.57772],[-58.37603,-34.57773],[-58.37602,-34.57774],[-58.37602,-34.57774],[-58.37541,-34.57808],[-58.37529,-34.57815],[-58.37529,-34.57815],[-58.37433,-34.5787],[-58.37433,-34.5787],[-58.37433,-34.5787],[-58.37432,-34.5787],[-58.37432,-34.5787],[-58.37431,-34.5787],[-58.37431,-34.5787],[-58.37431,-34.57871],[-58.37431,-34.57871],[-58.3743,-34.57871],[-58.37429,-34.57871],[-58.37428,-34.57871],[-58.37428,-34.57871],[-58.37427,-34.57871],[-58.37425,-34.57871],[-58.37425,-34.57871],[-58.37423,-34.57871],[-58.36801,-34.57822],[-58.36801,-34.57822],[-58.36798,-34.57821],[-58.36797,-34.57821],[-58.36797,-34.57821],[-58.36796,-34.57821],[-58.36796,-34.57821],[-58.36794,-34.57821],[-58.36793,-34.57822],[-58.36793,-34.57822],[-58.36793,-34.57822],[-58.36792,-34.57822],[-58.36792,-34.57823],[-58.3679,-34.57823],[-58.3679,-34.57823],[-58.36788,-34.57824],[-58.36788,-34.57824],[-58.36543,-34.57965],[-58.36534,-34.5797],[-58.36532,-34.57971],[-58.36531,-34.57972],[-58.3653,-34.57973],[-58.3653,-34.57974],[-58.36525,-34.58014],[-58.36525,-34.58014],[-58.36525,-34.58015],[-58.36525,-34.58015],[-58.36525,-34.58016],[-58.36525,-34.58016],[-58.36526,-34.58016],[-58.36526,-34.58016],[-58.36526,-34.58016],[-58.36526,-34.58017],[-58.36527,-34.58017],[-58.36527,-34.58017],[-58.36527,-34.58017],[-58.36527,-34.58017],[-58.36528,-34.58017],[-58.36528,-34.58017],[-58.36529,-34.58017],[-58.3653,-34.58017],[-58.36531,-34.58017],[-58.36531,-34.58017],[-58.37057,-34.58059],[-58.37058,-34.58059],[-58.37058,-34.58059],[-58.37059,-34.58059],[-58.3706,-34.58059],[-58.3706,-34.58059],[-58.37061,-34.5806],[-58.37061,-34.5806],[-58.37061,-34.5806],[-58.37062,-34.58061],[-58.37062,-34.58061],[-58.37062,-34.58062],[-58.37062,-34.58062],[-58.37062,-34.58062],[-58.37062,-34.58062],[-58.37062,-34.58063],[-58.37062,-34.58064],[-58.37062,-34.58064],[-58.3706,-34.58079],[-58.3706,-34.58079],[-58.37057,-34.58083],[-58.37056,-34.58084],[-58.36975,-34.5813],[-58.36971,-34.58132],[-58.36964,-34.58137],[-58.36944,-34.58147],[-58.36913,-34.58165],[-58.36911,-34.58167],[-58.36903,-34.58171],[-58.36903,-34.58171],[-58.36902,-34.58171],[-58.36901,-34.58172],[-58.369,-34.58173],[-58.36899,-34.58173],[-58.36899,-34.58173],[-58.36899,-34.58173],[-58.36899,-34.58173],[-58.36899,-34.58173],[-58.36899,-34.58173],[-58.36898,-34.58173],[-58.36897,-34.58173],[-58.36896,-34.58173],[-58.36896,-34.58173],[-58.36895,-34.58173],[-58.36895,-34.58173],[-58.36894,-34.58173],[-58.3689,-34.58173],[-58.36889,-34.58173],[-58.36888,-34.58173],[-58.36521,-34.58143],[-58.36339,-34.58129],[-58.36268,-34.58123],[-58.36268,-34.58123],[-58.36267,-34.58123],[-58.36265,-34.58123],[-58.36265,-34.58123],[-58.36265,-34.58123],[-58.36265,-34.58123],[-58.36264,-34.58123],[-58.36264,-34.58123],[-58.36264,-34.58123],[-58.36163,-34.58115],[-58.36155,-34.58185],[-58.36142,-34.58297],[-58.36142,-34.58297],[-58.36254,-34.58306],[-58.36257,-34.58306],[-58.36455,-34.58322],[-58.36521,-34.58327],[-58.36521,-34.58327],[-58.36546,-34.58329],[-58.36561,-34.5833],[-58.3661,-34.58334],[-58.3661,-34.58334],[-58.3661,-34.58334],[-58.3661,-34.58334],[-58.36611,-34.58334],[-58.36612,-34.58334],[-58.36612,-34.58334],[-58.36613,-34.58335],[-58.36613,-34.58335],[-58.36614,-34.58335],[-58.36615,-34.58336],[-58.36615,-34.58336],[-58.36615,-34.58337],[-58.36615,-34.58337],[-58.36615,-34.58338],[-58.36615,-34.58338],[-58.36615,-34.58338],[-58.36615,-34.58347],[-58.36615,-34.58354],[-58.36615,-34.58355],[-58.36615,-34.58355],[-58.36615,-34.58356],[-58.36615,-34.58357],[-58.36614,-34.58358],[-58.36612,-34.5836],[-58.36612,-34.5836],[-58.3661,-34.58361],[-58.36609,-34.58362],[-58.36608,-34.58363],[-58.36555,-34.58404],[-58.36549,-34.58409],[-58.36521,-34.58432],[-58.3652,-34.58432],[-58.36519,-34.58433],[-58.365,-34.58448],[-58.36499,-34.58448],[-58.36498,-34.58449],[-58.36498,-34.5845],[-58.36497,-34.5845],[-58.36497,-34.5845],[-58.36496,-34.5845],[-58.36496,-34.5845],[-58.36496,-34.5845],[-58.36496,-34.5845],[-58.36496,-34.5845],[-58.36495,-34.5845],[-58.36494,-34.5845],[-58.36494,-34.5845],[-58.36494,-34.5845],[-58.36494,-34.5845],[-58.36494,-34.5845],[-58.36493,-34.5845],[-58.36492,-34.5845],[-58.36492,-34.5845],[-58.36491,-34.5845],[-58.36053,-34.58417],[-58.36053,-34.58417],[-58.36043,-34.58416],[-58.36025,-34.58414],[-58.35996,-34.58412],[-58.35995,-34.58412],[-58.35994,-34.58412],[-58.35994,-34.58412],[-58.35994,-34.58412],[-58.35993,-34.58412],[-58.35993,-34.58412],[-58.35993,-34.58412],[-58.35993,-34.58412],[-58.35993,-34.58412],[-58.35993,-34.58412],[-58.35992,-34.58412],[-58.35991,-34.58413],[-58.35991,-34.58413],[-58.35991,-34.58414],[-58.35991,-34.58414],[-58.3599,-34.58415],[-58.3599,-34.58416],[-58.3599,-34.58417],[-58.35972,-34.58587],[-58.35972,-34.58587],[-58.35971,-34.58588],[-58.35971,-34.58589],[-58.35971,-34.58589],[-58.35971,-34.5859],[-58.35971,-34.5859],[-58.35972,-34.58591],[-58.35972,-34.58592],[-58.35972,-34.58592],[-58.35973,-34.58592],[-58.35973,-34.58593],[-58.35974,-34.58593],[-58.35975,-34.58594],[-58.35975,-34.58594],[-58.35976,-34.58594],[-58.35977,-34.58594],[-58.35978,-34.58594],[-58.35978,-34.58594],[-58.3598,-34.58594],[-58.3598,-34.58594],[-58.35981,-34.58594],[-58.35982,-34.58595],[-58.35982,-34.58595],[-58.35984,-34.58595],[-58.35984,-34.58595],[-58.36027,-34.58598],[-58.36362,-34.58624],[-58.36363,-34.58624],[-58.36364,-34.58624],[-58.36365,-34.58625],[-58.36365,-34.58625],[-58.36365,-34.58625],[-58.36365,-34.58625],[-58.36366,-34.58625],[-58.36366,-34.58626],[-58.36366,-34.58626],[-58.36366,-34.58626],[-58.36366,-34.58626],[-58.36366,-34.58626],[-58.36366,-34.58626],[-58.36366,-34.58627],[-58.36366,-34.58628],[-58.36366,-34.58628],[-58.3636,-34.58684],[-58.36353,-34.58746],[-58.36353,-34.58746],[-58.36353,-34.58746],[-58.36353,-34.58746],[-58.36353,-34.58746],[-58.36353,-34.58747],[-58.36352,-34.58748],[-58.36352,-34.58748],[-58.36352,-34.58749],[-58.36352,-34.58749],[-58.36351,-34.58749],[-58.36351,-34.5875],[-58.3635,-34.5875],[-58.3635,-34.5875],[-58.3635,-34.5875],[-58.3635,-34.5875],[-58.3635,-34.5875],[-58.3635,-34.5875],[-58.3635,-34.5875],[-58.3635,-34.5875],[-58.36348,-34.5875],[-58.36348,-34.5875],[-58.36347,-34.58749],[-58.36346,-34.58749],[-58.36345,-34.58749],[-58.36334,-34.58748],[-58.35966,-34.58719],[-58.35966,-34.58719],[-58.35965,-34.58719],[-58.35964,-34.58719],[-58.35963,-34.58719],[-58.35962,-34.58719],[-58.35962,-34.58719],[-58.35962,-34.58719],[-58.35962,-34.58719],[-58.35962,-34.58719],[-58.35962,-34.58719],[-58.35961,-34.58719],[-58.3596,-34.58719],[-58.3596,-34.58719],[-58.3596,-34.58719],[-58.3596,-34.58719],[-58.35959,-34.5872],[-58.35958,-34.5872],[-58.35958,-34.5872],[-58.35957,-34.58721],[-58.35957,-34.58721],[-58.35957,-34.58721],[-58.35957,-34.58722],[-58.35957,-34.58722],[-58.35956,-34.58723],[-58.35956,-34.58723],[-58.35956,-34.58724],[-58.35956,-34.58725],[-58.35956,-34.58725],[-58.35956,-34.58725],[-58.35946,-34.58808],[-58.35946,-34.58808],[-58.35946,-34.58809],[-58.35946,-34.58809],[-58.35946,-34.58809],[-58.35947,-34.58809],[-58.35947,-34.58809],[-58.35947,-34.58809],[-58.35947,-34.58809],[-58.35947,-34.58809],[-58.35947,-34.58809],[-58.35948,-34.58809],[-58.35948,-34.58809],[-58.35948,-34.58809],[-58.35949,-34.58809],[-58.35949,-34.58809],[-58.35949,-34.58809],[-58.35949,-34.58809],[-58.35949,-34.58809],[-58.3595,-34.58809],[-58.3595,-34.58809],[-58.3595,-34.58809],[-58.3595,-34.58809],[-58.35951,-34.58809],[-58.35951,-34.58809],[-58.35951,-34.58809],[-58.35951,-34.58809],[-58.35952,-34.58809],[-58.35952,-34.5881],[-58.35952,-34.5881],[-58.35953,-34.5881],[-58.35953,-34.5881],[-58.35953,-34.5881],[-58.35953,-34.5881],[-58.35953,-34.5881],[-58.35954,-34.5881],[-58.35954,-34.5881],[-58.35954,-34.5881],[-58.35955,-34.5881],[-58.35955,-34.5881],[-58.35955,-34.5881],[-58.35955,-34.5881],[-58.35955,-34.5881],[-58.35955,-34.5881],[-58.35955,-34.5881],[-58.35955,-34.5881],[-58.35956,-34.5881],[-58.35956,-34.5881],[-58.35956,-34.5881],[-58.35956,-34.5881],[-58.35957,-34.5881],[-58.35957,-34.5881],[-58.35957,-34.5881],[-58.35958,-34.5881],[-58.35958,-34.5881],[-58.35958,-34.58811],[-58.35958,-34.58811],[-58.35958,-34.58811],[-58.35958,-34.58811],[-58.35959,-34.58811],[-58.35959,-34.58811],[-58.35959,-34.58811],[-58.35959,-34.58811],[-58.35959,-34.58811],[-58.3596,-34.58811],[-58.3596,-34.58811],[-58.3596,-34.58811],[-58.35961,-34.58811],[-58.35961,-34.58811],[-58.35961,-34.58811],[-58.35961,-34.58811],[-58.35961,-34.58811],[-58.35962,-34.58811],[-58.35962,-34.58811],[-58.35962,-34.58811],[-58.35962,-34.58811],[-58.35962,-34.58811],[-58.35962,-34.58811],[-58.35963,-34.58812],[-58.35963,-34.58812],[-58.35963,-34.58812],[-58.35963,-34.58812],[-58.35964,-34.58812],[-58.35964,-34.58812],[-58.35964,-34.58812],[-58.35964,-34.58812],[-58.35964,-34.58812],[-58.35964,-34.58812],[-58.35964,-34.58812],[-58.35965,-34.58812],[-58.35965,-34.58812],[-58.35965,-34.58812],[-58.35964,-34.58813],[-58.35964,-34.58813],[-58.35964,-34.58813],[-58.35964,-34.58813],[-58.35964,-34.58813],[-58.35964,-34.58814],[-58.35964,-34.58814],[-58.35964,-34.58814],[-58.35964,-34.58814],[-58.35964,-34.58814],[-58.35964,-34.58814],[-58.35964,-34.58814],[-58.35964,-34.58814],[-58.35964,-34.58814],[-58.35964,-34.58815],[-58.35964,-34.58815],[-58.35964,-34.58815],[-58.35964,-34.58815],[-58.35964,-34.58815],[-58.35964,-34.58815],[-58.35964,-34.58815],[-58.35964,-34.58815],[-58.35964,-34.58816],[-58.35964,-34.58816],[-58.35964,-34.58816],[-58.35964,-34.58816],[-58.35964,-34.58816],[-58.35964,-34.58816],[-58.35964,-34.58817],[-58.35965,-34.58817],[-58.35965,-34.58817],[-58.35965,-34.58817],[-58.35965,-34.58817],[-58.35965,-34.58818],[-58.35965,-34.58818],[-58.35965,-34.58818],[-58.35965,-34.58818],[-58.35965,-34.58818],[-58.35965,-34.58818],[-58.35965,-34.58818],[-58.35965,-34.58818],[-58.35965,-34.58819],[-58.35965,-34.58819],[-58.35965,-34.58819],[-58.35965,-34.58819],[-58.35965,-34.58819],[-58.35965,-34.58819],[-58.35965,-34.5882],[-58.35965,-34.5882],[-58.35965,-34.5882],[-58.35965,-34.5882],[-58.35965,-34.58821],[-58.35966,-34.58821],[-58.35966,-34.58821],[-58.35966,-34.58821],[-58.35966,-34.58822],[-58.35966,-34.58822],[-58.35966,-34.58822],[-58.35966,-34.58822],[-58.35966,-34.58823],[-58.35966,-34.58823],[-58.35966,-34.58823],[-58.35967,-34.58823],[-58.35967,-34.58823],[-58.35967,-34.58823],[-58.35967,-34.58823],[-58.35967,-34.58824],[-58.35967,-34.58824],[-58.35967,-34.58824],[-58.35967,-34.58824],[-58.35967,-34.58824],[-58.35967,-34.58825],[-58.35967,-34.58825],[-58.35968,-34.58825],[-58.35968,-34.58825],[-58.35968,-34.58825],[-58.35968,-34.58825],[-58.35968,-34.58825],[-58.35968,-34.58825],[-58.35968,-34.58825],[-58.35968,-34.58826],[-58.35968,-34.58826],[-58.35968,-34.58826],[-58.35968,-34.58826],[-58.35969,-34.58826],[-58.35969,-34.58827],[-58.35969,-34.58827],[-58.35969,-34.58827],[-58.35969,-34.58827],[-58.35969,-34.58827],[-58.3597,-34.58828],[-58.3597,-34.58828],[-58.3597,-34.58828],[-58.3597,-34.58828],[-58.3597,-34.58828],[-58.3597,-34.58828],[-58.35971,-34.58829],[-58.35971,-34.58829],[-58.35971,-34.58829],[-58.35971,-34.58829],[-58.35971,-34.58829],[-58.35971,-34.58829],[-58.35971,-34.58829],[-58.35971,-34.58829],[-58.35972,-34.5883],[-58.35972,-34.5883],[-58.35972,-34.5883],[-58.35972,-34.5883],[-58.35972,-34.5883],[-58.35972,-34.5883],[-58.35973,-34.5883],[-58.35973,-34.5883],[-58.35973,-34.5883],[-58.35973,-34.58831],[-58.35973,-34.58831],[-58.35974,-34.58831],[-58.35974,-34.58831],[-58.35974,-34.58831],[-58.35974,-34.58831],[-58.35974,-34.58832],[-58.35975,-34.58832],[-58.35975,-34.58832],[-58.35975,-34.58832],[-58.35975,-34.58832],[-58.35975,-34.58832],[-58.35976,-34.58832],[-58.35976,-34.58832],[-58.35976,-34.58832],[-58.35976,-34.58833],[-58.35977,-34.58833],[-58.35977,-34.58833],[-58.35977,-34.58833],[-58.35977,-34.58833],[-58.35978,-34.58833],[-58.35978,-34.58833],[-58.35978,-34.58833],[-58.35978,-34.58833],[-58.35979,-34.58833],[-58.35979,-34.58833],[-58.35979,-34.58834],[-58.35979,-34.58834],[-58.35979,-34.58834],[-58.3598,-34.58834],[-58.3598,-34.58834],[-58.3598,-34.58834],[-58.3598,-34.58834],[-58.3598,-34.58834],[-58.35981,-34.58834],[-58.35981,-34.58834],[-58.35981,-34.58834],[-58.35981,-34.58834],[-58.35981,-34.58834],[-58.35981,-34.58834],[-58.35982,-34.58834],[-58.35982,-34.58834],[-58.35982,-34.58834],[-58.35982,-34.58835],[-58.35982,-34.58835],[-58.35983,-34.58835],[-58.35983,-34.58835],[-58.35983,-34.58835],[-58.35983,-34.58835],[-58.35984,-34.58835],[-58.35984,-34.58835],[-58.3602,-34.58842],[-58.3604,-34.58847],[-58.36082,-34.58855],[-58.36084,-34.58856],[-58.36084,-34.58856],[-58.36084,-34.58856],[-58.36084,-34.58856],[-58.36084,-34.58856],[-58.36084,-34.58856],[-58.36084,-34.58856],[-58.36084,-34.58856],[-58.36085,-34.58857],[-58.36085,-34.58857],[-58.36084,-34.58861],[-58.36082,-34.58868],[-58.36082,-34.58868],[-58.36081,-34.58871],[-58.36081,-34.58871],[-58.36079,-34.58871],[-58.36079,-34.58871],[-58.36079,-34.58872],[-58.36079,-34.58872],[-58.3608,-34.58872],[-58.3608,-34.58873],[-58.36075,-34.58894],[-58.36075,-34.58894],[-58.36076,-34.58894],[-58.36078,-34.58895],[-58.36078,-34.58895],[-58.36085,-34.58868],[-58.36085,-34.58868],[-58.36088,-34.58857],[-58.36088,-34.58857],[-58.36088,-34.58857],[-58.36089,-34.58857],[-58.36089,-34.58857],[-58.36089,-34.58857],[-58.36089,-34.58857],[-58.36113,-34.58862],[-58.36141,-34.58867],[-58.36141,-34.58867],[-58.36322,-34.58904],[-58.36347,-34.58909],[-58.36521,-34.58945],[-58.36522,-34.58945],[-58.36573,-34.58955],[-58.368,-34.59001],[-58.368,-34.59001],[-58.368,-34.59002],[-58.36797,-34.59024],[-58.36796,-34.59025],[-58.36791,-34.59043],[-58.36772,-34.59051],[-58.36753,-34.59062],[-58.36749,-34.59066],[-58.36749,-34.59066],[-58.36749,-34.59066],[-58.36748,-34.59066],[-58.36747,-34.59065],[-58.36747,-34.59065],[-58.36747,-34.59065],[-58.36746,-34.59065],[-58.36745,-34.59065],[-58.36743,-34.59065],[-58.36742,-34.59065],[-58.36742,-34.59065],[-58.3674,-34.59065],[-58.3674,-34.59065],[-58.36738,-34.59064],[-58.36737,-34.59064],[-58.36735,-34.59064],[-58.36733,-34.59064],[-58.36733,-34.59064],[-58.36733,-34.59064],[-58.36732,-34.59064],[-58.3673,-34.59064],[-58.3673,-34.59064],[-58.3673,-34.59064],[-58.3673,-34.59064],[-58.3673,-34.59064],[-58.36728,-34.59064],[-58.36727,-34.59064],[-58.36727,-34.59064],[-58.36725,-34.59064],[-58.36723,-34.59064],[-58.36723,-34.59064],[-58.36722,-34.59065],[-58.3672,-34.59065],[-58.36718,-34.59065],[-58.36717,-34.59065],[-58.36717,-34.59065],[-58.36716,-34.59065],[-58.36716,-34.59065],[-58.36716,-34.59065],[-58.36716,-34.59065],[-58.36715,-34.59065],[-58.36713,-34.59066],[-58.36713,-34.59066],[-58.36712,-34.59066],[-58.3671,-34.59066],[-58.36708,-34.59066],[-58.36708,-34.59067],[-58.36707,-34.59067],[-58.36705,-34.59067],[-58.36703,-34.59068],[-58.36702,-34.59068],[-58.367,-34.59068],[-58.367,-34.59068],[-58.36699,-34.59069],[-58.36697,-34.59069],[-58.36697,-34.59069],[-58.36697,-34.59069],[-58.36696,-34.5907],[-58.36696,-34.5907],[-58.36694,-34.5907],[-58.36694,-34.5907],[-58.36694,-34.5907],[-58.36694,-34.5907],[-58.36692,-34.59071],[-58.36691,-34.59071],[-58.36689,-34.59072],[-58.36688,-34.59073],[-58.36686,-34.59073],[-58.36685,-34.59074],[-58.36685,-34.59074],[-58.36685,-34.59074],[-58.36683,-34.59075],[-58.36682,-34.59075],[-58.36681,-34.59076],[-58.36679,-34.59077],[-58.36679,-34.59077],[-58.36679,-34.59077],[-58.36679,-34.59077],[-58.36678,-34.59077],[-58.36677,-34.59078],[-58.36676,-34.59078],[-58.36676,-34.59078],[-58.36676,-34.59078],[-58.36675,-34.59079],[-58.36674,-34.5908],[-58.36672,-34.59081],[-58.36671,-34.59082],[-58.3667,-34.59082],[-58.36669,-34.59083],[-58.36668,-34.59083],[-58.36667,-34.59084],[-58.36666,-34.59085],[-58.36666,-34.59085],[-58.36666,-34.59085],[-58.36665,-34.59086],[-58.36664,-34.59086],[-58.36663,-34.59087],[-58.36663,-34.59087],[-58.36662,-34.59088],[-58.36661,-34.59089],[-58.36661,-34.59089],[-58.36661,-34.59089],[-58.36661,-34.59089],[-58.3666,-34.5909],[-58.36659,-34.59091],[-58.36659,-34.59091],[-58.36658,-34.59092],[-58.36658,-34.59092],[-58.36658,-34.59092],[-58.36658,-34.59092],[-58.36657,-34.59093],[-58.36656,-34.59094],[-58.36656,-34.59094],[-58.36655,-34.59095],[-58.36654,-34.59095],[-58.36654,-34.59095],[-58.36654,-34.59096],[-58.36653,-34.59097],[-58.36652,-34.59098],[-58.36652,-34.59098],[-58.36652,-34.59099],[-58.36651,-34.59099],[-58.36651,-34.591],[-58.36651,-34.591],[-58.36651,-34.591],[-58.36651,-34.591],[-58.3665,-34.591],[-58.3665,-34.59101],[-58.36649,-34.59102],[-58.36649,-34.59102],[-58.36637,-34.5912],[-58.36632,-34.59127],[-58.3659,-34.59191],[-58.36586,-34.59198],[-58.36572,-34.59219],[-58.3652,-34.59298],[-58.36515,-34.59305],[-58.36505,-34.59318],[-58.3644,-34.59418],[-58.36439,-34.59419],[-58.36438,-34.59421],[-58.36437,-34.59424],[-58.36437,-34.59427],[-58.36438,-34.5943],[-58.36438,-34.59432],[-58.36439,-34.59433],[-58.3644,-34.59435],[-58.36442,-34.59437],[-58.36444,-34.59439],[-58.36464,-34.59449],[-58.36467,-34.5945],[-58.3647,-34.5945],[-58.36473,-34.5945],[-58.36476,-34.5945],[-58.36478,-34.59449],[-58.36481,-34.59448],[-58.36483,-34.59446],[-58.36492,-34.59433],[-58.36504,-34.59415],[-58.3652,-34.59392],[-58.3655,-34.59346],[-58.3659,-34.59284],[-58.3659,-34.59283],[-58.36591,-34.59283],[-58.36592,-34.59282],[-58.36592,-34.59282],[-58.36593,-34.59282],[-58.36594,-34.59281],[-58.36595,-34.59281],[-58.36596,-34.59281],[-58.36597,-34.59282],[-58.36597,-34.59282],[-58.36598,-34.59282],[-58.3661,-34.59287],[-58.36611,-34.59287],[-58.36612,-34.59288],[-58.36612,-34.59288],[-58.36613,-34.59288],[-58.36614,-34.59287],[-58.36614,-34.59287],[-58.36615,-34.59287],[-58.36616,-34.59286],[-58.36616,-34.59286],[-58.36624,-34.59275],[-58.3662,-34.59273],[-58.3662,-34.59273],[-58.36632,-34.59254],[-58.36699,-34.59151],[-58.36709,-34.5914],[-58.36713,-34.59138],[-58.36717,-34.59138],[-58.36721,-34.59138],[-58.36724,-34.5914],[-58.36726,-34.59141],[-58.36727,-34.59143],[-58.36727,-34.59148],[-58.36726,-34.59151],[-58.36728,-34.59155],[-58.36683,-34.59229],[-58.36651,-34.5928],[-58.3665,-34.5928],[-58.36649,-34.59279],[-58.36639,-34.59295],[-58.36639,-34.59295],[-58.36638,-34.59296],[-58.36638,-34.59296],[-58.36638,-34.59296],[-58.36638,-34.59297],[-58.36638,-34.59297],[-58.36638,-34.59297],[-58.36638,-34.59297],[-58.36638,-34.59298],[-58.36638,-34.59298],[-58.36638,-34.59298],[-58.36639,-34.59299],[-58.36639,-34.59299],[-58.36639,-34.59299],[-58.36639,-34.59299],[-58.36689,-34.59321],[-58.36689,-34.59321],[-58.3669,-34.59321],[-58.36691,-34.59321],[-58.36691,-34.59321],[-58.36692,-34.59321],[-58.36692,-34.59321],[-58.36693,-34.5932],[-58.36694,-34.5932],[-58.36695,-34.59319],[-58.36697,-34.59315],[-58.36701,-34.59309],[-58.36701,-34.59309],[-58.36701,-34.59309],[-58.36701,-34.59309],[-58.36701,-34.59308],[-58.36701,-34.59308],[-58.36701,-34.59308],[-58.36701,-34.59308],[-58.36701,-34.59308],[-58.36701,-34.59308],[-58.36701,-34.59308],[-58.36698,-34.59307],[-58.36698,-34.59306],[-58.3673,-34.59254],[-58.36766,-34.59198],[-58.3677,-34.59199],[-58.36771,-34.59197],[-58.36772,-34.59196],[-58.36773,-34.59195],[-58.36775,-34.59194],[-58.36777,-34.59194],[-58.36779,-34.59193],[-58.36781,-34.59193],[-58.36783,-34.59194],[-58.36784,-34.59194],[-58.36786,-34.59195],[-58.36787,-34.59196],[-58.36789,-34.59197],[-58.3679,-34.59198],[-58.36791,-34.592],[-58.36791,-34.59201],[-58.36791,-34.59203],[-58.36791,-34.59204],[-58.3679,-34.59206],[-58.36789,-34.59207],[-58.36793,-34.59209],[-58.36793,-34.59209],[-58.36791,-34.59212],[-58.3679,-34.59212],[-58.36728,-34.59312],[-58.36728,-34.59312],[-58.36726,-34.59312],[-58.36723,-34.59317],[-58.36723,-34.59317],[-58.36722,-34.59317],[-58.36721,-34.59317],[-58.36719,-34.59322],[-58.36716,-34.59326],[-58.36715,-34.59327],[-58.36716,-34.59327],[-58.36716,-34.59327],[-58.36716,-34.59327],[-58.36715,-34.59328],[-58.36715,-34.59329],[-58.36715,-34.59329],[-58.36715,-34.5933],[-58.36715,-34.59331],[-58.36716,-34.59331],[-58.36716,-34.59332],[-58.36717,-34.59332],[-58.36717,-34.59333],[-58.36717,-34.59333],[-58.36839,-34.59384],[-58.36859,-34.59393],[-58.36907,-34.59413],[-58.36907,-34.59414],[-58.36907,-34.59414],[-58.36907,-34.59414],[-58.36908,-34.59414],[-58.36908,-34.59415],[-58.36908,-34.59415],[-58.36908,-34.59416],[-58.36908,-34.59416],[-58.36908,-34.59417],[-58.36908,-34.59417],[-58.36908,-34.59418],[-58.36905,-34.59425],[-58.36897,-34.59448],[-58.36879,-34.59498],[-58.36875,-34.5951],[-58.3687,-34.59524],[-58.36857,-34.5956],[-58.36805,-34.5971],[-58.36791,-34.59748],[-58.36789,-34.59749],[-58.36787,-34.5975],[-58.36785,-34.59751],[-58.36782,-34.59751],[-58.3678,-34.59751],[-58.36778,-34.59751],[-58.36748,-34.59749],[-58.3666,-34.59742],[-58.36653,-34.59741],[-58.36652,-34.59741],[-58.36651,-34.59742],[-58.3665,-34.59742],[-58.3665,-34.59742],[-58.36649,-34.59742],[-58.36649,-34.59743],[-58.36648,-34.59743],[-58.36648,-34.59743],[-58.36647,-34.59744],[-58.36647,-34.59744],[-58.36647,-34.59745],[-58.36647,-34.59745],[-58.36647,-34.59746],[-58.36647,-34.59747],[-58.36647,-34.59749],[-58.36646,-34.59749],[-58.36646,-34.59749],[-58.36645,-34.59755],[-58.36645,-34.59755],[-58.36645,-34.59755],[-58.36647,-34.59756],[-58.36647,-34.59756],[-58.36647,-34.59757],[-58.36647,-34.59758],[-58.36648,-34.5976],[-58.36647,-34.59762],[-58.36647,-34.59764],[-58.36646,-34.59767],[-58.36645,-34.59769],[-58.36644,-34.59769],[-58.36638,-34.59823],[-58.3661,-34.59821],[-58.36609,-34.59821],[-58.36611,-34.59804],[-58.36616,-34.59769],[-58.36616,-34.59766],[-58.36616,-34.59766],[-58.36616,-34.59766],[-58.36616,-34.59766],[-58.36615,-34.59764],[-58.36615,-34.59761],[-58.36615,-34.59761],[-58.36615,-34.59758],[-58.36616,-34.59756],[-58.36617,-34.59753],[-58.36618,-34.59753],[-58.36618,-34.59745],[-58.36619,-34.59743],[-58.36618,-34.59742],[-58.36618,-34.59741],[-58.36618,-34.5974],[-58.36617,-34.5974],[-58.36617,-34.5974],[-58.36617,-34.59739],[-58.36617,-34.59739],[-58.36616,-34.59739],[-58.36615,-34.59739],[-58.36614,-34.59738],[-58.36606,-34.59738],[-58.36606,-34.59738],[-58.36606,-34.59736],[-58.36606,-34.59736],[-58.36579,-34.59734],[-58.36578,-34.59736],[-58.36551,-34.59734],[-58.36484,-34.59728],[-58.36433,-34.59724],[-58.36384,-34.5972],[-58.36383,-34.5972],[-58.36383,-34.5972],[-58.36383,-34.5972],[-58.36383,-34.59719],[-58.36382,-34.59719],[-58.36382,-34.59718],[-58.36382,-34.59718],[-58.36382,-34.59718],[-58.36382,-34.59718],[-58.36382,-34.59717],[-58.36383,-34.59717],[-58.36383,-34.59716],[-58.36383,-34.59716],[-58.3639,-34.59697],[-58.36441,-34.59553],[-58.36441,-34.59553],[-58.36441,-34.59553],[-58.36441,-34.59553],[-58.36441,-34.59553],[-58.36441,-34.59553],[-58.36441,-34.59552],[-58.36441,-34.59552],[-58.36441,-34.59552],[-58.36441,-34.59552],[-58.36441,-34.59552],[-58.36441,-34.59552],[-58.36441,-34.59552],[-58.36441,-34.59552],[-58.36441,-34.59552],[-58.36441,-34.59552],[-58.36441,-34.59552],[-58.36441,-34.59551],[-58.36441,-34.59551],[-58.36441,-34.59551],[-58.36441,-34.59551],[-58.36441,-34.59551],[-58.36441,-34.59551],[-58.36441,-34.59551],[-58.36441,-34.59551],[-58.36441,-34.59551],[-58.36441,-34.59551],[-58.36441,-34.59551],[-58.36441,-34.59551],[-58.36441,-34.5955],[-58.36441,-34.5955],[-58.36441,-34.5955],[-58.36441,-34.5955],[-58.36441,-34.5955],[-58.36441,-34.5955],[-58.36441,-34.5955],[-58.36441,-34.5955],[-58.36441,-34.5955],[-58.36441,-34.5955],[-58.36441,-34.5955],[-58.36441,-34.59549],[-58.36441,-34.59549],[-58.36441,-34.59549],[-58.36441,-34.59549],[-58.36441,-34.59549],[-58.36441,-34.59549],[-58.36441,-34.59549],[-58.36441,-34.59549],[-58.36441,-34.59549],[-58.36441,-34.59549],[-58.36441,-34.59549],[-58.36441,-34.59548],[-58.36441,-34.59548],[-58.36441,-34.59548],[-58.36441,-34.59548],[-58.36441,-34.59548],[-58.36441,-34.59548],[-58.36441,-34.59548],[-58.36441,-34.59548],[-58.36441,-34.59548],[-58.36441,-34.59548],[-58.36441,-34.59548],[-58.36441,-34.59547],[-58.36441,-34.59547],[-58.36441,-34.59547],[-58.36441,-34.59547],[-58.36441,-34.59547],[-58.36441,-34.59547],[-58.36441,-34.59547],[-58.36441,-34.59547],[-58.36441,-34.59547],[-58.36441,-34.59547],[-58.36441,-34.59547],[-58.36441,-34.59546],[-58.36441,-34.59546],[-58.36441,-34.59546],[-58.36441,-34.59546],[-58.36441,-34.59546],[-58.36441,-34.59546],[-58.36441,-34.59546],[-58.36441,-34.59546],[-58.36441,-34.59546],[-58.36441,-34.59546],[-58.36441,-34.59546],[-58.36441,-34.59546],[-58.3644,-34.59545],[-58.3644,-34.59545],[-58.3644,-34.59545],[-58.3644,-34.59545],[-58.3644,-34.59545],[-58.3644,-34.59545],[-58.3644,-34.59545],[-58.3644,-34.59545],[-58.3644,-34.59545],[-58.3644,-34.59545],[-58.3644,-34.59545],[-58.3644,-34.59544],[-58.3644,-34.59544],[-58.3644,-34.59544],[-58.3644,-34.59544],[-58.3644,-34.59544],[-58.3644,-34.59544],[-58.3644,-34.59544],[-58.3644,-34.59544],[-58.3644,-34.59544],[-58.3644,-34.59544],[-58.3644,-34.59544],[-58.3644,-34.59544],[-58.3644,-34.59543],[-58.3644,-34.59543],[-58.3644,-34.59543],[-58.36439,-34.59543],[-58.36439,-34.59543],[-58.36439,-34.59543],[-58.36439,-34.59543],[-58.36439,-34.59543],[-58.36439,-34.59543],[-58.36439,-34.59543],[-58.36439,-34.59543],[-58.36439,-34.59543],[-58.36439,-34.59543],[-58.36439,-34.59542],[-58.36439,-34.59542],[-58.36439,-34.59542],[-58.36439,-34.59542],[-58.36439,-34.59542],[-58.36439,-34.59542],[-58.36439,-34.59542],[-58.36439,-34.59542],[-58.36439,-34.59542],[-58.36438,-34.59542],[-58.36438,-34.59542],[-58.36438,-34.59542],[-58.36438,-34.59542],[-58.36438,-34.59541],[-58.36438,-34.59541],[-58.36438,-34.59541],[-58.36438,-34.59541],[-58.36438,-34.59541],[-58.36438,-34.59541],[-58.36438,-34.59541],[-58.36438,-34.59541],[-58.36438,-34.59541],[-58.36438,-34.59541],[-58.36438,-34.59541],[-58.36437,-34.59541],[-58.36437,-34.59541],[-58.36437,-34.59541],[-58.36437,-34.5954],[-58.36437,-34.5954],[-58.36437,-34.5954],[-58.36437,-34.5954],[-58.36437,-34.5954],[-58.36437,-34.5954],[-58.36437,-34.5954],[-58.36437,-34.5954],[-58.36437,-34.5954],[-58.36437,-34.5954],[-58.36437,-34.5954],[-58.36436,-34.5954],[-58.36436,-34.5954],[-58.36436,-34.5954],[-58.36436,-34.5954],[-58.36436,-34.5954],[-58.36436,-34.5954],[-58.36436,-34.59539],[-58.36436,-34.59539],[-58.36436,-34.59539],[-58.36436,-34.59539],[-58.36436,-34.59539],[-58.36436,-34.59539],[-58.36436,-34.59539],[-58.36436,-34.59539],[-58.36436,-34.59539],[-58.36435,-34.59539],[-58.36435,-34.59539],[-58.36435,-34.59539],[-58.36435,-34.59539],[-58.36435,-34.59539],[-58.36435,-34.59539],[-58.36435,-34.59539],[-58.36435,-34.59538],[-58.36435,-34.59538],[-58.36435,-34.59538],[-58.36435,-34.59538],[-58.36435,-34.59538],[-58.36434,-34.59538],[-58.36434,-34.59538],[-58.36434,-34.59538],[-58.36434,-34.59538],[-58.36434,-34.59538],[-58.36434,-34.59538],[-58.36434,-34.59538],[-58.36434,-34.59538],[-58.36434,-34.59538],[-58.36434,-34.59538],[-58.36434,-34.59538],[-58.36433,-34.59538],[-58.36433,-34.59538],[-58.36433,-34.59538],[-58.36433,-34.59538],[-58.36433,-34.59537],[-58.36433,-34.59537],[-58.36433,-34.59537],[-58.36433,-34.59537],[-58.36433,-34.59537],[-58.36433,-34.59537],[-58.36433,-34.59537],[-58.36432,-34.59537],[-58.36432,-34.59537],[-58.36432,-34.59537],[-58.36432,-34.59537],[-58.36432,-34.59537],[-58.36432,-34.59537],[-58.36432,-34.59537],[-58.36432,-34.59537],[-58.36432,-34.59537],[-58.36432,-34.59537],[-58.36431,-34.59537],[-58.36431,-34.59537],[-58.36431,-34.59537],[-58.36431,-34.59537],[-58.36431,-34.59537],[-58.36431,-34.59537],[-58.36431,-34.59537],[-58.36431,-34.59536],[-58.36431,-34.59536],[-58.36431,-34.59536],[-58.3643,-34.59536],[-58.3643,-34.59536],[-58.36414,-34.59532],[-58.36414,-34.59532],[-58.36414,-34.59532],[-58.36414,-34.59532],[-58.36414,-34.59532],[-58.36414,-34.59532],[-58.36414,-34.59532],[-58.36414,-34.59532],[-58.36413,-34.59532],[-58.36413,-34.59532],[-58.36413,-34.59532],[-58.36413,-34.59532],[-58.36413,-34.59532],[-58.36413,-34.59532],[-58.36413,-34.59532],[-58.36413,-34.59532],[-58.36413,-34.59532],[-58.36412,-34.59532],[-58.36412,-34.59532],[-58.36412,-34.59532],[-58.36412,-34.59532],[-58.36412,-34.59532],[-58.36412,-34.59532],[-58.36412,-34.59532],[-58.36412,-34.59532],[-58.36412,-34.59532],[-58.36412,-34.59532],[-58.36411,-34.59532],[-58.36411,-34.59532],[-58.36411,-34.59532],[-58.36411,-34.59532],[-58.36411,-34.59532],[-58.36411,-34.59532],[-58.36411,-34.59532],[-58.36411,-34.59532],[-58.36411,-34.59532],[-58.3641,-34.59532],[-58.3641,-34.59532],[-58.3641,-34.59532],[-58.3641,-34.59532],[-58.3641,-34.59532],[-58.3641,-34.59532],[-58.3641,-34.59532],[-58.3641,-34.59532],[-58.3641,-34.59532],[-58.36409,-34.59532],[-58.36409,-34.59532],[-58.36409,-34.59531],[-58.36409,-34.59531],[-58.36409,-34.59531],[-58.36409,-34.59531],[-58.36409,-34.59531],[-58.36409,-34.59531],[-58.36409,-34.59531],[-58.36409,-34.59531],[-58.36408,-34.59531],[-58.36408,-34.59531],[-58.36408,-34.59531],[-58.36408,-34.59531],[-58.36408,-34.59531],[-58.36408,-34.59531],[-58.36408,-34.59531],[-58.36408,-34.59531],[-58.36408,-34.59531],[-58.36407,-34.59531],[-58.36407,-34.59531],[-58.36407,-34.59531],[-58.36407,-34.59531],[-58.36407,-34.59531],[-58.36407,-34.59531],[-58.36407,-34.59531],[-58.36407,-34.59531],[-58.36407,-34.59531],[-58.36406,-34.59531],[-58.36406,-34.59531],[-58.36406,-34.59531],[-58.36406,-34.59531],[-58.36406,-34.59531],[-58.36406,-34.59531],[-58.36406,-34.59531],[-58.36406,-34.59531],[-58.36406,-34.59531],[-58.36405,-34.59531],[-58.36405,-34.59531],[-58.36405,-34.59531],[-58.36405,-34.59531],[-58.36405,-34.59531],[-58.36405,-34.59531],[-58.36405,-34.59531],[-58.36405,-34.59532],[-58.36405,-34.59532],[-58.36404,-34.59532],[-58.36404,-34.59532],[-58.36404,-34.59532],[-58.36404,-34.59532],[-58.36404,-34.59532],[-58.36404,-34.59532],[-58.36404,-34.59532],[-58.36404,-34.59532],[-58.36404,-34.59532],[-58.36404,-34.59532],[-58.36403,-34.59532],[-58.36403,-34.59532],[-58.36403,-34.59532],[-58.36403,-34.59532],[-58.36403,-34.59532],[-58.36403,-34.59532],[-58.36403,-34.59532],[-58.36403,-34.59532],[-58.36403,-34.59532],[-58.36402,-34.59532],[-58.36402,-34.59532],[-58.36402,-34.59532],[-58.36402,-34.59532],[-58.36402,-34.59532],[-58.36402,-34.59532],[-58.36402,-34.59532],[-58.36402,-34.59532],[-58.36402,-34.59532],[-58.36401,-34.59532],[-58.36401,-34.59532],[-58.36401,-34.59532],[-58.36401,-34.59532],[-58.36401,-34.59532],[-58.36401,-34.59532],[-58.36401,-34.59532],[-58.36401,-34.59532],[-58.36401,-34.59532],[-58.36401,-34.59532],[-58.364,-34.59532],[-58.364,-34.59532],[-58.364,-34.59532],[-58.364,-34.59532],[-58.364,-34.59532],[-58.364,-34.59532],[-58.364,-34.59532],[-58.364,-34.59532],[-58.364,-34.59532],[-58.364,-34.59533],[-58.36399,-34.59533],[-58.36399,-34.59533],[-58.36399,-34.59533],[-58.36399,-34.59533],[-58.36399,-34.59533],[-58.36399,-34.59533],[-58.36399,-34.59533],[-58.36399,-34.59533],[-58.36399,-34.59533],[-58.36399,-34.59533],[-58.36398,-34.59533],[-58.36398,-34.59533],[-58.36398,-34.59533],[-58.36398,-34.59533],[-58.36398,-34.59533],[-58.36398,-34.59533],[-58.36398,-34.59533],[-58.36398,-34.59533],[-58.36398,-34.59533],[-58.36398,-34.59533],[-58.36397,-34.59533],[-58.36397,-34.59533],[-58.36397,-34.59533],[-58.36397,-34.59533],[-58.36397,-34.59533],[-58.36397,-34.59533],[-58.36397,-34.59534],[-58.36397,-34.59534],[-58.36397,-34.59534],[-58.36397,-34.59534],[-58.36396,-34.59534],[-58.36396,-34.59534],[-58.36396,-34.59534],[-58.36396,-34.59534],[-58.36396,-34.59534],[-58.36396,-34.59534],[-58.36396,-34.59534],[-58.36396,-34.59534],[-58.36396,-34.59534],[-58.36396,-34.59534],[-58.36396,-34.59534],[-58.36395,-34.59534],[-58.36395,-34.59534],[-58.36395,-34.59534],[-58.36395,-34.59534],[-58.36395,-34.59534],[-58.36395,-34.59534],[-58.36395,-34.59534],[-58.36395,-34.59535],[-58.36395,-34.59535],[-58.36395,-34.59535],[-58.36395,-34.59535],[-58.36394,-34.59535],[-58.36394,-34.59535],[-58.36394,-34.59535],[-58.36394,-34.59535],[-58.36394,-34.59535],[-58.36394,-34.59535],[-58.36394,-34.59535],[-58.36394,-34.59535],[-58.36394,-34.59535],[-58.36394,-34.59535],[-58.36394,-34.59535],[-58.36393,-34.59535],[-58.36393,-34.59535],[-58.36393,-34.59535],[-58.36393,-34.59536],[-58.36393,-34.59536],[-58.36393,-34.59536],[-58.36393,-34.59536],[-58.36393,-34.59536],[-58.36393,-34.59536],[-58.36393,-34.59536],[-58.36393,-34.59536],[-58.36393,-34.59536],[-58.36392,-34.59536],[-58.36392,-34.59536],[-58.36392,-34.59536],[-58.36392,-34.59536],[-58.36392,-34.59536],[-58.36392,-34.59536],[-58.36392,-34.59536],[-58.36392,-34.59536],[-58.36392,-34.59537],[-58.36392,-34.59537],[-58.36392,-34.59537],[-58.36392,-34.59537],[-58.36392,-34.59537],[-58.36391,-34.59537],[-58.36391,-34.59537],[-58.36391,-34.59537],[-58.36391,-34.59537],[-58.36391,-34.59537],[-58.36391,-34.59537],[-58.36391,-34.59537],[-58.36391,-34.59537],[-58.36391,-34.59537],[-58.36391,-34.59537],[-58.36391,-34.59538],[-58.36391,-34.59538],[-58.36391,-34.59538],[-58.3639,-34.59538],[-58.3639,-34.59538],[-58.3639,-34.59538],[-58.3639,-34.59538],[-58.3639,-34.59538],[-58.3639,-34.59538],[-58.3639,-34.59538],[-58.3639,-34.59538],[-58.3639,-34.59538],[-58.3639,-34.59538],[-58.3639,-34.59538],[-58.3639,-34.59538],[-58.3639,-34.59539],[-58.3639,-34.59539],[-58.3639,-34.59539],[-58.36389,-34.59539],[-58.36389,-34.59539],[-58.36389,-34.59539],[-58.36389,-34.59539],[-58.36389,-34.59539],[-58.36389,-34.59539],[-58.36389,-34.59539],[-58.36389,-34.59539],[-58.36389,-34.59539],[-58.36389,-34.59539],[-58.36389,-34.5954],[-58.36389,-34.5954],[-58.36389,-34.5954],[-58.36389,-34.5954],[-58.36389,-34.5954],[-58.36389,-34.5954],[-58.36389,-34.5954],[-58.36388,-34.5954],[-58.36388,-34.5954],[-58.36388,-34.5954],[-58.36388,-34.5954],[-58.36388,-34.5954],[-58.36388,-34.5954],[-58.36388,-34.59541],[-58.36388,-34.59541],[-58.36388,-34.59541],[-58.36388,-34.59541],[-58.36388,-34.59541],[-58.36388,-34.59541],[-58.36388,-34.59541],[-58.36388,-34.59541],[-58.36388,-34.59541],[-58.36388,-34.59541],[-58.36388,-34.59541],[-58.36388,-34.59541],[-58.36388,-34.59541],[-58.36387,-34.59542],[-58.36387,-34.59542],[-58.36387,-34.59542],[-58.36387,-34.59542],[-58.36387,-34.59542],[-58.36387,-34.59542],[-58.36387,-34.59542],[-58.36381,-34.59541],[-58.36332,-34.5953],[-58.36303,-34.59523],[-58.36148,-34.59513],[-58.36125,-34.59528],[-58.36127,-34.59529],[-58.36151,-34.59517],[-58.36204,-34.59521],[-58.36304,-34.59529],[-58.36327,-34.59534],[-58.36378,-34.59547],[-58.36385,-34.59549],[-58.36344,-34.5966],[-58.36342,-34.59666],[-58.36342,-34.59666],[-58.36321,-34.59665],[-58.36307,-34.59663],[-58.36302,-34.59662],[-58.36299,-34.59662],[-58.36291,-34.5966],[-58.36279,-34.59658],[-58.36248,-34.5965],[-58.36222,-34.59638],[-58.36195,-34.59626],[-58.36159,-34.59609],[-58.3611,-34.59586],[-58.3611,-34.59586],[-58.36112,-34.59583],[-58.36112,-34.59583],[-58.36111,-34.59582],[-58.36093,-34.59574],[-58.36093,-34.59574],[-58.36091,-34.59577],[-58.36047,-34.59556],[-58.36039,-34.59552],[-58.36036,-34.59548],[-58.36033,-34.59547],[-58.36033,-34.59545],[-58.36032,-34.59544],[-58.36034,-34.59535],[-58.36035,-34.5953],[-58.36037,-34.59522],[-58.36037,-34.59516],[-58.36035,-34.59512],[-58.36034,-34.59511],[-58.36038,-34.59508],[-58.36073,-34.5951],[-58.3611,-34.59513],[-58.3611,-34.59511],[-58.36094,-34.59509],[-58.36037,-34.59505],[-58.36032,-34.59508],[-58.36028,-34.59505],[-58.36023,-34.59502],[-58.36023,-34.59502],[-58.36023,-34.59502],[-58.36023,-34.59502],[-58.36018,-34.59502],[-58.36013,-34.59502],[-58.36006,-34.595],[-58.35986,-34.595],[-58.35952,-34.59497],[-58.35931,-34.59495],[-58.3592,-34.59495],[-58.35886,-34.59492],[-58.35876,-34.59493],[-58.35873,-34.59495],[-58.35869,-34.59496],[-58.35866,-34.59497],[-58.35863,-34.59497],[-58.35859,-34.59497],[-58.35857,-34.59496],[-58.35855,-34.59496],[-58.35849,-34.59493],[-58.35827,-34.59492],[-58.3578,-34.59489],[-58.35764,-34.59488],[-58.35707,-34.59484],[-58.35655,-34.59481],[-58.35583,-34.59477],[-58.35494,-34.59472],[-58.35415,-34.59467],[-58.35381,-34.59472],[-58.35374,-34.59473],[-58.35096,-34.59515],[-58.35094,-34.59519],[-58.35095,-34.5952],[-58.35096,-34.59519],[-58.35096,-34.59519],[-58.35412,-34.59471],[-58.35413,-34.59471],[-58.35416,-34.59471],[-58.35465,-34.59474],[-58.35659,-34.59486],[-58.35668,-34.59486],[-58.35669,-34.59486],[-58.35669,-34.59486],[-58.35671,-34.59487],[-58.35672,-34.59487],[-58.35673,-34.59488],[-58.35674,-34.59488],[-58.35674,-34.59489],[-58.35674,-34.59489],[-58.35675,-34.59489],[-58.35677,-34.59494],[-58.35676,-34.59496],[-58.35673,-34.59496],[-58.35671,-34.59497],[-58.35658,-34.59501],[-58.35645,-34.59504],[-58.35632,-34.59507],[-58.35626,-34.59508],[-58.35622,-34.59509],[-58.35615,-34.5951],[-58.35604,-34.59511],[-58.35594,-34.59513],[-58.35583,-34.59516],[-58.35573,-34.59519],[-58.35544,-34.59532],[-58.35539,-34.59536],[-58.35534,-34.59541],[-58.35529,-34.59545],[-58.3552,-34.59555],[-58.35511,-34.59563],[-58.35502,-34.59572],[-58.35496,-34.59576],[-58.35492,-34.5958],[-58.35481,-34.59587],[-58.35469,-34.59594],[-58.35455,-34.59602],[-58.3544,-34.5961],[-58.35428,-34.59617],[-58.35426,-34.59618],[-58.35412,-34.59627],[-58.35399,-34.59636],[-58.35395,-34.59638],[-58.35355,-34.59664],[-58.35344,-34.5967],[-58.3533,-34.59685],[-58.35305,-34.59704],[-58.35304,-34.59707],[-58.35289,-34.59734],[-58.35282,-34.59749],[-58.35267,-34.59763],[-58.35241,-34.59791],[-58.35226,-34.59799],[-58.35211,-34.59803],[-58.35195,-34.59817],[-58.35179,-34.59837],[-58.35161,-34.59854],[-58.35154,-34.59862],[-58.35135,-34.59873],[-58.35116,-34.59892],[-58.35097,-34.59903],[-58.35086,-34.59908],[-58.35083,-34.59909],[-58.3508,-34.59912],[-58.35078,-34.59912],[-58.35068,-34.59917],[-58.35059,-34.59924],[-58.3505,-34.5993],[-58.35046,-34.59934],[-58.35033,-34.59952],[-58.35031,-34.59953],[-58.35021,-34.5996],[-58.35001,-34.59986],[-58.34988,-34.59997],[-58.34974,-34.60011],[-58.34972,-34.60012],[-58.34955,-34.60022],[-58.34936,-34.60031],[-58.34878,-34.60084],[-58.34861,-34.60091],[-58.34857,-34.60095],[-58.34842,-34.60103],[-58.34833,-34.60107],[-58.34826,-34.60111],[-58.34815,-34.6012],[-58.348,-34.60129],[-58.3479,-34.60142],[-58.34779,-34.60152],[-58.34762,-34.60161],[-58.34749,-34.60173],[-58.34736,-34.60182],[-58.3473,-34.60189],[-58.34725,-34.60194],[-58.34722,-34.60196],[-58.34712,-34.60209],[-58.34703,-34.60223],[-58.34686,-34.60232],[-58.34678,-34.60236],[-58.34676,-34.60244],[-58.34674,-34.60272],[-58.34665,-34.60282],[-58.34665,-34.60286],[-58.34667,-34.60288],[-58.34667,-34.60288],[-58.34668,-34.60289],[-58.3467,-34.60291],[-58.34672,-34.60306],[-58.34666,-34.60317],[-58.34664,-34.60326],[-58.3466,-34.60338],[-58.34658,-34.60344],[-58.34662,-34.60359],[-58.34656,-34.60371],[-58.34654,-34.60393],[-58.34654,-34.60401],[-58.3465,-34.60412],[-58.34646,-34.6042],[-58.34646,-34.60421],[-58.34647,-34.60425],[-58.34648,-34.60428],[-58.34643,-34.6044],[-58.34639,-34.60447],[-58.34636,-34.60463],[-58.34634,-34.60472],[-58.34633,-34.60473],[-58.34624,-34.60482],[-58.34618,-34.60488],[-58.34616,-34.60491],[-58.34611,-34.60497],[-58.34608,-34.605],[-58.34611,-34.60503],[-58.34612,-34.60504],[-58.34611,-34.60507],[-58.34609,-34.60509],[-58.34608,-34.6051],[-58.34609,-34.60512],[-58.34611,-34.60512],[-58.34612,-34.60514],[-58.34613,-34.60516],[-58.34614,-34.60521],[-58.34613,-34.60532],[-58.34613,-34.60537],[-58.34615,-34.60539],[-58.34615,-34.60539],[-58.34615,-34.60539],[-58.34617,-34.60542],[-58.34617,-34.60549],[-58.34615,-34.60554],[-58.34615,-34.60561],[-58.34614,-34.60567],[-58.34613,-34.60575],[-58.34612,-34.60579],[-58.34612,-34.60583],[-58.34612,-34.60588],[-58.34611,-34.60595],[-58.34611,-34.60599],[-58.3461,-34.60604],[-58.34609,-34.6061],[-58.34608,-34.60616],[-58.34606,-34.60626],[-58.34599,-34.60647],[-58.34597,-34.60651],[-58.34593,-34.60659],[-58.34587,-34.60671],[-58.34574,-34.60689],[-58.34567,-34.60695],[-58.34563,-34.60701],[-58.34521,-34.60724],[-58.34516,-34.60728],[-58.34511,-34.60733],[-58.34493,-34.60746],[-58.34478,-34.60753],[-58.34471,-34.60759],[-58.3446,-34.60764],[-58.34427,-34.60781],[-58.34422,-34.60782],[-58.34406,-34.6079],[-58.344,-34.60794],[-58.34393,-34.608],[-58.34378,-34.60813],[-58.34361,-34.60828],[-58.34343,-34.60837],[-58.34323,-34.60853],[-58.34306,-34.60866],[-58.34268,-34.60899],[-58.34248,-34.60915],[-58.34243,-34.60919],[-58.34239,-34.60922],[-58.34221,-34.60936],[-58.34203,-34.60947],[-58.34195,-34.60954],[-58.34188,-34.60958],[-58.34184,-34.60964],[-58.34172,-34.60975],[-58.34153,-34.60984],[-58.34147,-34.60987],[-58.34141,-34.60993],[-58.34129,-34.61009],[-58.34125,-34.61014],[-58.34122,-34.61021],[-58.34105,-34.61044],[-58.34101,-34.61046],[-58.34101,-34.61048],[-58.34087,-34.61067],[-58.34082,-34.61088],[-58.3408,-34.61098],[-58.34074,-34.61123],[-58.34071,-34.61135],[-58.34055,-34.61187],[-58.34043,-34.61225],[-58.34034,-34.61246],[-58.34028,-34.61276],[-58.34017,-34.61316],[-58.34006,-34.61367],[-58.33998,-34.61388],[-58.33994,-34.61431],[-58.33994,-34.61456],[-58.33987,-34.61487],[-58.33985,-34.61505],[-58.33985,-34.61567],[-58.33988,-34.6161],[-58.33997,-34.61626],[-58.33999,-34.61628],[-58.34014,-34.61642],[-58.34045,-34.61669],[-58.34045,-34.61669],[-58.34067,-34.61686],[-58.34067,-34.61686],[-58.34072,-34.6169],[-58.34076,-34.61691],[-58.34085,-34.61694],[-58.34115,-34.61702],[-58.34126,-34.61704],[-58.34154,-34.61706],[-58.34173,-34.61707],[-58.34209,-34.61708],[-58.34228,-34.61707],[-58.34246,-34.61706],[-58.34264,-34.61708],[-58.34272,-34.61711],[-58.34288,-34.61716],[-58.34303,-34.61724],[-58.34326,-34.61732],[-58.34349,-34.61739],[-58.34373,-34.61745],[-58.34398,-34.61752],[-58.34426,-34.6176],[-58.34464,-34.61771],[-58.34486,-34.61773],[-58.34501,-34.61772],[-58.34528,-34.61761],[-58.3454,-34.61755],[-58.34553,-34.61751],[-58.34567,-34.6175],[-58.34581,-34.61753],[-58.34594,-34.61755],[-58.34608,-34.61754],[-58.34619,-34.61755],[-58.34672,-34.61743],[-58.34703,-34.61739],[-58.34718,-34.61736],[-58.34729,-34.61731],[-58.34729,-34.61731],[-58.3473,-34.61731],[-58.34742,-34.61728],[-58.3475,-34.61725],[-58.34754,-34.61722],[-58.34761,-34.61719],[-58.34761,-34.61717],[-58.34764,-34.61715],[-58.34772,-34.61712],[-58.34781,-34.61705],[-58.34792,-34.61701],[-58.34793,-34.61701],[-58.348,-34.61702],[-58.34801,-34.61702],[-58.34812,-34.617],[-58.34822,-34.61697],[-58.3483,-34.61693],[-58.3484,-34.61692],[-58.3484,-34.61692],[-58.34854,-34.61693],[-58.34854,-34.61693],[-58.34857,-34.61692],[-58.34865,-34.61692],[-58.34866,-34.61692],[-58.34875,-34.61694],[-58.34885,-34.61694],[-58.34885,-34.61695],[-58.34892,-34.61698]]],[[[-58.35544,-34.5919],[-58.35548,-34.59189],[-58.35548,-34.59189],[-58.35551,-34.59188],[-58.35556,-34.59186],[-58.35557,-34.59184],[-58.35559,-34.59181],[-58.3556,-34.59179],[-58.35561,-34.59177],[-58.35562,-34.59176],[-58.35562,-34.59174],[-58.35562,-34.59172],[-58.35562,-34.59171],[-58.35562,-34.59168],[-58.35562,-34.59166],[-58.35562,-34.59161],[-58.35568,-34.59125],[-58.35573,-34.59097],[-58.35573,-34.59095],[-58.35573,-34.59092],[-58.35571,-34.59089],[-58.35569,-34.59086],[-58.35614,-34.58867],[-58.35616,-34.5886],[-58.35616,-34.58859],[-58.35688,-34.58523],[-58.3569,-34.58512],[-58.35711,-34.58416],[-58.35771,-34.5813],[-58.35776,-34.58108],[-58.35805,-34.57966],[-58.35805,-34.57966],[-58.35807,-34.57959],[-58.35807,-34.57958],[-58.35807,-34.57957],[-58.35807,-34.57956],[-58.35807,-34.57955],[-58.35809,-34.57951],[-58.3581,-34.57949],[-58.3581,-34.57949],[-58.35811,-34.57947],[-58.35812,-34.57945],[-58.35813,-34.57943],[-58.35814,-34.57941],[-58.35814,-34.57941],[-58.35814,-34.57941],[-58.35815,-34.57939],[-58.35815,-34.57939],[-58.35816,-34.57937],[-58.35818,-34.57936],[-58.35819,-34.57934],[-58.3582,-34.57933],[-58.35821,-34.57931],[-58.35822,-34.5793],[-58.35824,-34.57929],[-58.35824,-34.57929],[-58.35825,-34.57927],[-58.35826,-34.57926],[-58.35828,-34.57925],[-58.35828,-34.57925],[-58.35828,-34.57925],[-58.35828,-34.57925],[-58.35829,-34.57923],[-58.35831,-34.57922],[-58.35832,-34.57921],[-58.35833,-34.57921],[-58.35835,-34.5792],[-58.35835,-34.5792],[-58.35836,-34.57919],[-58.35838,-34.57918],[-58.35838,-34.57918],[-58.35839,-34.57917],[-58.35841,-34.57916],[-58.35843,-34.57915],[-58.35844,-34.57915],[-58.35844,-34.57915],[-58.35845,-34.57914],[-58.35845,-34.57914],[-58.35847,-34.57913],[-58.35848,-34.57912],[-58.35852,-34.5791],[-58.35853,-34.5791],[-58.35854,-34.57909],[-58.35856,-34.57907],[-58.3586,-34.57905],[-58.3586,-34.57905],[-58.35862,-34.57904],[-58.35864,-34.57903],[-58.35867,-34.57902],[-58.35868,-34.57901],[-58.35868,-34.57901],[-58.35869,-34.579],[-58.35872,-34.57899],[-58.35872,-34.57898],[-58.35874,-34.57897],[-58.36522,-34.57528],[-58.36598,-34.57485],[-58.36676,-34.5744],[-58.36689,-34.57433],[-58.36726,-34.57411],[-58.36731,-34.57409],[-58.36746,-34.574],[-58.36746,-34.574],[-58.36753,-34.57396],[-58.36753,-34.57396],[-58.36756,-34.57395],[-58.36765,-34.5739],[-58.36769,-34.57388],[-58.36774,-34.57386],[-58.36784,-34.57383],[-58.36789,-34.57381],[-58.36791,-34.57381],[-58.36793,-34.5738],[-58.36796,-34.57379],[-58.36798,-34.57379],[-58.36803,-34.57378],[-58.36811,-34.57376],[-58.36811,-34.57376],[-58.36824,-34.57374],[-58.36829,-34.57373],[-58.36829,-34.57373],[-58.36834,-34.57373],[-58.36839,-34.57372],[-58.36839,-34.57372],[-58.36857,-34.57371],[-58.3686,-34.57371],[-58.36864,-34.57371],[-58.36868,-34.57372],[-58.36871,-34.57372],[-58.36875,-34.57372],[-58.36877,-34.57373],[-58.3688,-34.57373],[-58.36883,-34.57373],[-58.36887,-34.57374],[-58.36891,-34.57375],[-58.36895,-34.57376],[-58.36895,-34.57376],[-58.36901,-34.57377],[-58.36901,-34.57377],[-58.36906,-34.57378],[-58.36911,-34.57379],[-58.36912,-34.5738],[-58.36915,-34.57381],[-58.3692,-34.57382],[-58.36925,-34.57384],[-58.36925,-34.57384],[-58.36929,-34.57385],[-58.36932,-34.57386],[-58.36935,-34.57387],[-58.36935,-34.57387],[-58.36938,-34.57388],[-58.36942,-34.5739],[-58.36947,-34.57393],[-58.36952,-34.57395],[-58.36952,-34.57395],[-58.36956,-34.57397],[-58.36962,-34.57401],[-58.36967,-34.57403],[-58.36968,-34.57404],[-58.36969,-34.57405],[-58.36971,-34.57406],[-58.36972,-34.57406],[-58.36972,-34.57406],[-58.36973,-34.57406],[-58.36974,-34.57406],[-58.36975,-34.57405],[-58.36975,-34.57405],[-58.36975,-34.57405],[-58.36976,-34.57404],[-58.36976,-34.57403],[-58.36976,-34.57403],[-58.36976,-34.57403],[-58.36975,-34.57401],[-58.36973,-34.574],[-58.36973,-34.574],[-58.36971,-34.57398],[-58.36968,-34.57396],[-58.36964,-34.57394],[-58.3696,-34.57392],[-58.36956,-34.5739],[-58.36954,-34.57389],[-58.36953,-34.57388],[-58.3695,-34.57387],[-58.36946,-34.57385],[-58.36942,-34.57383],[-58.36937,-34.57382],[-58.36934,-34.5738],[-58.36929,-34.57378],[-58.36929,-34.57378],[-58.36924,-34.57377],[-58.36917,-34.57374],[-58.36908,-34.57372],[-58.369,-34.5737],[-58.369,-34.5737],[-58.36888,-34.57368],[-58.36882,-34.57367],[-58.3688,-34.57367],[-58.36877,-34.57367],[-58.36868,-34.57366],[-58.36861,-34.57366],[-58.36855,-34.57366],[-58.36852,-34.57366],[-58.36852,-34.57366],[-58.36851,-34.57366],[-58.36845,-34.57366],[-58.36839,-34.57366],[-58.36835,-34.57366],[-58.3683,-34.57367],[-58.36826,-34.57368],[-58.36824,-34.57368],[-58.36822,-34.57368],[-58.36818,-34.57369],[-58.36813,-34.5737],[-58.36813,-34.5737],[-58.36809,-34.5737],[-58.36803,-34.57371],[-58.36798,-34.57373],[-58.36792,-34.57374],[-58.36792,-34.57374],[-58.36787,-34.57376],[-58.36785,-34.57376],[-58.36782,-34.57377],[-58.36776,-34.57379],[-58.36776,-34.57379],[-58.36773,-34.57381],[-58.36767,-34.57383],[-58.36763,-34.57384],[-58.36759,-34.57386],[-58.36754,-34.57389],[-58.36749,-34.57391],[-58.36744,-34.57394],[-58.36739,-34.57397],[-58.36734,-34.574],[-58.36522,-34.5752],[-58.36106,-34.57758],[-58.3584,-34.5791],[-58.35836,-34.57912],[-58.35833,-34.57914],[-58.35833,-34.57914],[-58.3583,-34.57916],[-58.35827,-34.57917],[-58.35826,-34.57918],[-58.35824,-34.57919],[-58.35823,-34.57921],[-58.35823,-34.57921],[-58.3582,-34.57923],[-58.35818,-34.57925],[-58.35817,-34.57926],[-58.35817,-34.57926],[-58.35816,-34.57927],[-58.35814,-34.57929],[-58.35814,-34.57929],[-58.35813,-34.5793],[-58.35813,-34.57931],[-58.35811,-34.57933],[-58.35809,-34.57935],[-58.35807,-34.57939],[-58.35805,-34.57944],[-58.35804,-34.57946],[-58.35803,-34.57947],[-58.35803,-34.57947],[-58.35802,-34.57949],[-58.35801,-34.57951],[-58.358,-34.57955],[-58.358,-34.57955],[-58.358,-34.57958],[-58.358,-34.57958],[-58.35799,-34.57961],[-58.35798,-34.57964],[-58.35798,-34.57966],[-58.35703,-34.58416],[-58.35703,-34.58416],[-58.35686,-34.58499],[-58.35607,-34.58867],[-58.35559,-34.59086],[-58.35554,-34.59089],[-58.3555,-34.59092],[-58.35549,-34.59093],[-58.35548,-34.59096],[-58.35546,-34.5911],[-58.35537,-34.59148],[-58.35534,-34.59157],[-58.35531,-34.59166],[-58.3553,-34.59169],[-58.35529,-34.59173],[-58.35529,-34.59177],[-58.35529,-34.5918],[-58.35531,-34.59183],[-58.35533,-34.59186],[-58.35537,-34.5919],[-58.35544,-34.5919]]]]}},{"type":"Feature","properties":{"comuna":2},"geometry":{"type":"Polygon","coordinates":[[[-58.38039,-34.56847],[-58.38037,-34.56843],[-58.38029,-34.56833],[-58.38023,-34.56828],[-58.3801,-34.56823],[-58.37996,-34.5682],[-58.37985,-34.5682],[-58.37948,-34.56817],[-58.37854,-34.5681],[-58.37763,-34.56802],[-58.37674,-34.56793],[-58.37598,-34.56787],[-58.37505,-34.56779],[-58.37449,-34.56775],[-58.37408,-34.56772],[-58.37328,-34.56765],[-58.37258,-34.56759],[-58.37133,-34.56749],[-58.37048,-34.56742],[-58.37014,-34.5674],[-58.36973,-34.56737],[-58.36922,-34.56732],[-58.36879,-34.56728],[-58.36839,-34.56724],[-58.36833,-34.56724],[-58.36826,-34.56723],[-58.36817,-34.56724],[-58.36809,-34.56726],[-58.36809,-34.56728],[-58.36808,-34.56732],[-58.36812,-34.56733],[-58.36817,-34.56731],[-58.36825,-34.56731],[-58.3691,-34.56738],[-58.36978,-34.56744],[-58.37032,-34.56749],[-58.37095,-34.56755],[-58.37162,-34.56759],[-58.37251,-34.5677],[-58.37319,-34.56776],[-58.37457,-34.56788],[-58.37531,-34.56793],[-58.3761,-34.56802],[-58.37692,-34.56808],[-58.37776,-34.56815],[-58.37865,-34.56822],[-58.3792,-34.56826],[-58.37979,-34.56831],[-58.37996,-34.56836],[-58.38003,-34.56843],[-58.38004,-34.56845],[-58.38005,-34.56846],[-58.38006,-34.56847],[-58.38007,-34.56848],[-58.38008,-34.56849],[-58.38009,-34.56849],[-58.38009,-34.5685],[-58.38011,-34.5685],[-58.38012,-34.56851],[-58.38013,-34.56852],[-58.38015,-34.56854],[-58.38016,-34.56855],[-58.3802,-34.56861],[-58.38023,-34.5687],[-58.38025,-34.56878],[-58.38026,-34.56887],[-58.38027,-34.56895],[-58.38027,-34.56904],[-58.38027,-34.56913],[-58.38023,-34.56985],[-58.38006,-34.56992],[-58.38005,-34.56992],[-58.38004,-34.56993],[-58.38002,-34.56995],[-58.38001,-34.56996],[-58.38001,-34.56997],[-58.38,-34.56999],[-58.38,-34.57],[-58.38,-34.57001],[-58.38001,-34.57003],[-58.38003,-34.57037],[-58.37984,-34.57036],[-58.37953,-34.57033],[-58.37953,-34.57033],[-58.37953,-34.57033],[-58.37953,-34.57033],[-58.37952,-34.57033],[-58.37952,-34.57033],[-58.37952,-34.57033],[-58.37952,-34.57033],[-58.37951,-34.57033],[-58.37951,-34.57033],[-58.37951,-34.57033],[-58.37951,-34.57033],[-58.37951,-34.57033],[-58.3795,-34.57033],[-58.3795,-34.57033],[-58.3795,-34.57033],[-58.3795,-34.57033],[-58.3795,-34.57033],[-58.37949,-34.57033],[-58.37949,-34.57033],[-58.37949,-34.57033],[-58.37949,-34.57033],[-58.37948,-34.57033],[-58.37948,-34.57033],[-58.37948,-34.57033],[-58.37948,-34.57033],[-58.37948,-34.57033],[-58.37948,-34.57033],[-58.37948,-34.57033],[-58.37947,-34.57033],[-58.37947,-34.57033],[-58.37947,-34.57033],[-58.37947,-34.57033],[-58.37946,-34.57033],[-58.37946,-34.57033],[-58.37946,-34.57033],[-58.37946,-34.57033],[-58.37945,-34.57033],[-58.37945,-34.57033],[-58.37945,-34.57033],[-58.37945,-34.57033],[-58.37945,-34.57033],[-58.37945,-34.57033],[-58.37945,-34.57033],[-58.37944,-34.57033],[-58.37944,-34.57033],[-58.37944,-34.57033],[-58.37944,-34.57033],[-58.37943,-34.57033],[-58.37943,-34.57033],[-58.37943,-34.57033],[-58.37943,-34.57033],[-58.37943,-34.57033],[-58.37942,-34.57033],[-58.37942,-34.57033],[-58.37942,-34.57033],[-58.37942,-34.57033],[-58.37942,-34.57032],[-58.37941,-34.57032],[-58.37941,-34.57032],[-58.37941,-34.57032],[-58.3794,-34.57032],[-58.3794,-34.57032],[-58.3794,-34.57032],[-58.3794,-34.57032],[-58.3794,-34.57032],[-58.3794,-34.57032],[-58.3794,-34.57032],[-58.37939,-34.57032],[-58.37939,-34.57032],[-58.37939,-34.57032],[-58.37939,-34.57032],[-58.37938,-34.57032],[-58.37938,-34.57032],[-58.37938,-34.57032],[-58.37938,-34.57032],[-58.37938,-34.57032],[-58.37938,-34.57032],[-58.37938,-34.57032],[-58.37937,-34.57032],[-58.37937,-34.57032],[-58.37937,-34.57032],[-58.37937,-34.57032],[-58.37936,-34.57032],[-58.37936,-34.57032],[-58.37936,-34.57032],[-58.37936,-34.57032],[-58.37936,-34.57032],[-58.37935,-34.57032],[-58.37935,-34.57032],[-58.37935,-34.57032],[-58.37935,-34.57032],[-58.37935,-34.57032],[-58.37935,-34.57032],[-58.37934,-34.57032],[-58.37934,-34.57032],[-58.37934,-34.57032],[-58.37934,-34.57032],[-58.37933,-34.57032],[-58.37933,-34.57032],[-58.37933,-34.57032],[-58.37933,-34.57032],[-58.37932,-34.57032],[-58.37932,-34.57032],[-58.37932,-34.57032],[-58.37932,-34.57032],[-58.37932,-34.57032],[-58.37932,-34.57032],[-58.37931,-34.57032],[-58.37931,-34.57032],[-58.37931,-34.57032],[-58.37931,-34.57032],[-58.37931,-34.57032],[-58.3793,-34.57032],[-58.3793,-34.57032],[-58.3793,-34.57032],[-58.3793,-34.57032],[-58.3793,-34.57032],[-58.37929,-34.57032],[-58.37929,-34.57032],[-58.37929,-34.57032],[-58.37929,-34.57031],[-58.37928,-34.57031],[-58.37928,-34.57031],[-58.37928,-34.57031],[-58.37927,-34.57031],[-58.37927,-34.57031],[-58.37927,-34.57031],[-58.37927,-34.57031],[-58.37927,-34.57031],[-58.37927,-34.57031],[-58.37926,-34.57031],[-58.37926,-34.57031],[-58.37926,-34.57031],[-58.37926,-34.57031],[-58.37925,-34.57031],[-58.37925,-34.57031],[-58.37925,-34.57031],[-58.37925,-34.57031],[-58.37925,-34.57031],[-58.37924,-34.57031],[-58.37924,-34.57031],[-58.37924,-34.57031],[-58.37924,-34.57031],[-58.37924,-34.57031],[-58.37923,-34.57031],[-58.37923,-34.57031],[-58.37923,-34.57031],[-58.37922,-34.57031],[-58.37922,-34.57031],[-58.37922,-34.57031],[-58.37922,-34.57031],[-58.37922,-34.57031],[-58.37921,-34.57031],[-58.37921,-34.57031],[-58.37921,-34.57031],[-58.37921,-34.57031],[-58.37921,-34.57031],[-58.37921,-34.57031],[-58.37921,-34.57031],[-58.37921,-34.57031],[-58.3792,-34.57031],[-58.3792,-34.57031],[-58.3792,-34.57031],[-58.3792,-34.57031],[-58.37919,-34.57031],[-58.37919,-34.57031],[-58.37919,-34.57031],[-58.37919,-34.57031],[-58.37919,-34.57031],[-58.37919,-34.57031],[-58.37919,-34.57031],[-58.37918,-34.57031],[-58.37918,-34.57031],[-58.37918,-34.57031],[-58.37918,-34.57031],[-58.37918,-34.57031],[-58.37917,-34.57031],[-58.37917,-34.57031],[-58.37917,-34.57031],[-58.37917,-34.57031],[-58.37916,-34.57031],[-58.37916,-34.57031],[-58.37916,-34.57031],[-58.37916,-34.57031],[-58.37916,-34.57031],[-58.37916,-34.57031],[-58.37915,-34.5703],[-58.37915,-34.5703],[-58.37915,-34.5703],[-58.37915,-34.5703],[-58.37914,-34.5703],[-58.37914,-34.5703],[-58.37914,-34.5703],[-58.37914,-34.5703],[-58.37914,-34.5703],[-58.37913,-34.5703],[-58.37913,-34.5703],[-58.37913,-34.5703],[-58.37912,-34.5703],[-58.37912,-34.5703],[-58.37912,-34.5703],[-58.37912,-34.5703],[-58.37912,-34.5703],[-58.37912,-34.5703],[-58.37912,-34.5703],[-58.37911,-34.5703],[-58.37911,-34.5703],[-58.37911,-34.5703],[-58.37911,-34.5703],[-58.3791,-34.5703],[-58.3791,-34.5703],[-58.3791,-34.5703],[-58.3791,-34.5703],[-58.3791,-34.5703],[-58.37909,-34.5703],[-58.37909,-34.5703],[-58.37909,-34.5703],[-58.37909,-34.5703],[-58.37908,-34.5703],[-58.37908,-34.5703],[-58.37908,-34.5703],[-58.37908,-34.5703],[-58.37908,-34.5703],[-58.37908,-34.5703],[-58.37907,-34.5703],[-58.37907,-34.5703],[-58.37907,-34.5703],[-58.37907,-34.5703],[-58.37907,-34.5703],[-58.37906,-34.5703],[-58.37906,-34.5703],[-58.37906,-34.5703],[-58.37906,-34.5703],[-58.37906,-34.5703],[-58.37905,-34.5703],[-58.37905,-34.5703],[-58.37905,-34.5703],[-58.37905,-34.5703],[-58.37905,-34.5703],[-58.37904,-34.5703],[-58.37904,-34.5703],[-58.37904,-34.57031],[-58.37904,-34.57031],[-58.37903,-34.57031],[-58.37903,-34.57031],[-58.37903,-34.57031],[-58.37903,-34.57031],[-58.37903,-34.57031],[-58.37903,-34.57031],[-58.37902,-34.57031],[-58.37902,-34.57031],[-58.37902,-34.57031],[-58.37901,-34.57031],[-58.37901,-34.57031],[-58.37901,-34.57031],[-58.37901,-34.57031],[-58.37901,-34.57031],[-58.379,-34.57031],[-58.379,-34.57031],[-58.379,-34.57031],[-58.379,-34.57031],[-58.379,-34.57031],[-58.379,-34.57031],[-58.37899,-34.57031],[-58.37899,-34.57031],[-58.37899,-34.57031],[-58.37899,-34.57031],[-58.37898,-34.57031],[-58.37898,-34.57031],[-58.37898,-34.57031],[-58.37898,-34.57031],[-58.37897,-34.57031],[-58.37897,-34.57031],[-58.37897,-34.57031],[-58.37897,-34.57031],[-58.37896,-34.57031],[-58.37896,-34.57031],[-58.37896,-34.57031],[-58.37896,-34.57031],[-58.37896,-34.57032],[-58.37896,-34.57032],[-58.37896,-34.57032],[-58.37896,-34.57032],[-58.37895,-34.57032],[-58.37895,-34.57032],[-58.37895,-34.57032],[-58.37895,-34.57032],[-58.37895,-34.57032],[-58.37895,-34.57032],[-58.37894,-34.57032],[-58.37894,-34.57032],[-58.37894,-34.57032],[-58.37894,-34.57032],[-58.37893,-34.57032],[-58.37893,-34.57032],[-58.37893,-34.57032],[-58.37893,-34.57032],[-58.37892,-34.57032],[-58.37892,-34.57032],[-58.37892,-34.57032],[-58.37892,-34.57032],[-58.37892,-34.57032],[-58.37891,-34.57032],[-58.37891,-34.57032],[-58.37891,-34.57032],[-58.37891,-34.57032],[-58.37891,-34.57032],[-58.3789,-34.57032],[-58.3789,-34.57032],[-58.3789,-34.57033],[-58.3789,-34.57033],[-58.3789,-34.57033],[-58.37889,-34.57033],[-58.37889,-34.57033],[-58.37889,-34.57033],[-58.37889,-34.57033],[-58.37888,-34.57033],[-58.37888,-34.57033],[-58.37888,-34.57033],[-58.37888,-34.57033],[-58.37887,-34.57033],[-58.37887,-34.57033],[-58.37887,-34.57033],[-58.37887,-34.57033],[-58.37886,-34.57033],[-58.37886,-34.57033],[-58.37886,-34.57033],[-58.37886,-34.57033],[-58.37886,-34.57033],[-58.37885,-34.57033],[-58.37885,-34.57033],[-58.37885,-34.57033],[-58.37885,-34.57034],[-58.37885,-34.57034],[-58.37884,-34.57034],[-58.37884,-34.57034],[-58.37884,-34.57034],[-58.37883,-34.57034],[-58.37883,-34.57034],[-58.37883,-34.57034],[-58.37883,-34.57034],[-58.37883,-34.57034],[-58.37882,-34.57034],[-58.37882,-34.57034],[-58.37882,-34.57034],[-58.37882,-34.57034],[-58.37881,-34.57034],[-58.37881,-34.57034],[-58.37881,-34.57035],[-58.3788,-34.57035],[-58.3788,-34.57035],[-58.3788,-34.57035],[-58.3788,-34.57035],[-58.37879,-34.57035],[-58.37879,-34.57035],[-58.37879,-34.57035],[-58.37879,-34.57035],[-58.37879,-34.57035],[-58.37879,-34.57035],[-58.37879,-34.57035],[-58.37878,-34.57035],[-58.37878,-34.57035],[-58.37878,-34.57036],[-58.37877,-34.57036],[-58.37877,-34.57036],[-58.37877,-34.57036],[-58.37876,-34.57036],[-58.37876,-34.57036],[-58.37876,-34.57036],[-58.37876,-34.57036],[-58.37875,-34.57036],[-58.37875,-34.57036],[-58.37875,-34.57036],[-58.37875,-34.57037],[-58.37875,-34.57037],[-58.37874,-34.57037],[-58.37874,-34.57037],[-58.37874,-34.57037],[-58.37874,-34.57037],[-58.37874,-34.57037],[-58.37874,-34.57037],[-58.37873,-34.57037],[-58.37873,-34.57037],[-58.37873,-34.57037],[-58.37873,-34.57037],[-58.37872,-34.57037],[-58.37872,-34.57037],[-58.37872,-34.57037],[-58.37872,-34.57038],[-58.37872,-34.57038],[-58.37872,-34.57038],[-58.37872,-34.57038],[-58.37872,-34.57038],[-58.37871,-34.57038],[-58.37871,-34.57038],[-58.37871,-34.57038],[-58.37871,-34.57038],[-58.3787,-34.57038],[-58.3787,-34.57038],[-58.3787,-34.57038],[-58.3787,-34.57038],[-58.3787,-34.57038],[-58.37869,-34.57039],[-58.37869,-34.57039],[-58.37869,-34.57039],[-58.37869,-34.57039],[-58.37868,-34.57039],[-58.37868,-34.57039],[-58.37868,-34.57039],[-58.37868,-34.57039],[-58.37867,-34.57039],[-58.37867,-34.57039],[-58.37867,-34.57039],[-58.37867,-34.57039],[-58.37867,-34.5704],[-58.37866,-34.5704],[-58.37866,-34.5704],[-58.37866,-34.5704],[-58.37866,-34.5704],[-58.37866,-34.5704],[-58.37866,-34.5704],[-58.37866,-34.5704],[-58.37866,-34.5704],[-58.37866,-34.5704],[-58.37865,-34.5704],[-58.37865,-34.5704],[-58.37865,-34.5704],[-58.37865,-34.5704],[-58.37865,-34.5704],[-58.37864,-34.57041],[-58.37864,-34.57041],[-58.37864,-34.57041],[-58.37863,-34.57041],[-58.37863,-34.57041],[-58.37863,-34.57041],[-58.37863,-34.57041],[-58.37862,-34.57042],[-58.37862,-34.57042],[-58.37862,-34.57042],[-58.37862,-34.57042],[-58.37862,-34.57042],[-58.37862,-34.57042],[-58.37862,-34.57042],[-58.37861,-34.57042],[-58.37861,-34.57042],[-58.37861,-34.57042],[-58.37861,-34.57042],[-58.3786,-34.57042],[-58.3786,-34.57043],[-58.3786,-34.57043],[-58.3786,-34.57043],[-58.37859,-34.57043],[-58.37859,-34.57043],[-58.37859,-34.57043],[-58.37859,-34.57043],[-58.37859,-34.57043],[-58.37859,-34.57043],[-58.37858,-34.57044],[-58.37858,-34.57044],[-58.37858,-34.57044],[-58.37858,-34.57044],[-58.37858,-34.57044],[-58.37858,-34.57044],[-58.37857,-34.57044],[-58.37857,-34.57044],[-58.37857,-34.57044],[-58.37857,-34.57044],[-58.37856,-34.57045],[-58.37856,-34.57045],[-58.37856,-34.57045],[-58.37856,-34.57045],[-58.37678,-34.57145],[-58.37656,-34.57157],[-58.37641,-34.57163],[-58.37616,-34.57166],[-58.37517,-34.57162],[-58.3745,-34.57154],[-58.37229,-34.57143],[-58.37151,-34.57137],[-58.36949,-34.5712],[-58.36823,-34.57111],[-58.36698,-34.57101],[-58.36656,-34.57099],[-58.36598,-34.57094],[-58.3653,-34.57088],[-58.36485,-34.57085],[-58.36442,-34.57082],[-58.36425,-34.5708],[-58.36386,-34.57078],[-58.36333,-34.57075],[-58.36287,-34.57072],[-58.36224,-34.57067],[-58.36194,-34.57065],[-58.36176,-34.57065],[-58.36168,-34.57065],[-58.36165,-34.57065],[-58.36162,-34.57066],[-58.36157,-34.57069],[-58.36146,-34.57075],[-58.36127,-34.57086],[-58.3611,-34.57095],[-58.3609,-34.57107],[-58.36065,-34.5712],[-58.36048,-34.57129],[-58.36027,-34.57141],[-58.36007,-34.57152],[-58.35994,-34.57159],[-58.35986,-34.57165],[-58.35985,-34.57175],[-58.35987,-34.57181],[-58.35992,-34.57182],[-58.36001,-34.57175],[-58.36008,-34.57171],[-58.36021,-34.57164],[-58.36036,-34.57156],[-58.36053,-34.57147],[-58.36075,-34.57135],[-58.36094,-34.57125],[-58.36113,-34.57114],[-58.36127,-34.57106],[-58.36137,-34.57101],[-58.36146,-34.57095],[-58.36157,-34.57088],[-58.36165,-34.57084],[-58.36172,-34.57081],[-58.36178,-34.57079],[-58.36187,-34.57077],[-58.36199,-34.57075],[-58.3621,-34.57075],[-58.36232,-34.57076],[-58.36295,-34.5708],[-58.36374,-34.57085],[-58.36445,-34.5709],[-58.36516,-34.57095],[-58.36631,-34.57105],[-58.36723,-34.57112],[-58.36822,-34.5712],[-58.36916,-34.57128],[-58.37005,-34.57134],[-58.37078,-34.57139],[-58.37116,-34.57142],[-58.37151,-34.57145],[-58.37209,-34.5715],[-58.37252,-34.57154],[-58.37294,-34.57156],[-58.37348,-34.57159],[-58.37368,-34.5716],[-58.37443,-34.57166],[-58.37612,-34.5718],[-58.37615,-34.57181],[-58.37612,-34.57182],[-58.37588,-34.57196],[-58.37585,-34.57197],[-58.37585,-34.57197],[-58.37585,-34.57198],[-58.37582,-34.57199],[-58.3758,-34.57201],[-58.37415,-34.57308],[-58.37415,-34.57308],[-58.37411,-34.5731],[-58.3741,-34.5731],[-58.37405,-34.57313],[-58.37402,-34.57315],[-58.37398,-34.57317],[-58.37398,-34.57317],[-58.37396,-34.57318],[-58.37164,-34.5745],[-58.37164,-34.5745],[-58.37163,-34.57451],[-58.37157,-34.57454],[-58.37157,-34.57454],[-58.37154,-34.57456],[-58.37152,-34.57457],[-58.3715,-34.57458],[-58.3715,-34.57458],[-58.3715,-34.57458],[-58.37148,-34.57459],[-58.37145,-34.57461],[-58.37143,-34.57462],[-58.37138,-34.57465],[-58.37133,-34.57468],[-58.37133,-34.57468],[-58.37129,-34.5747],[-58.37129,-34.5747],[-58.37127,-34.57472],[-58.37125,-34.57473],[-58.37122,-34.57475],[-58.37122,-34.57475],[-58.3712,-34.57476],[-58.37118,-34.57477],[-58.37118,-34.57477],[-58.37117,-34.57479],[-58.37117,-34.57479],[-58.37116,-34.57479],[-58.37115,-34.5748],[-58.37114,-34.57481],[-58.37113,-34.57482],[-58.37113,-34.57482],[-58.37111,-34.57484],[-58.37111,-34.57484],[-58.37117,-34.5749],[-58.37117,-34.5749],[-58.3712,-34.57488],[-58.3712,-34.57488],[-58.37122,-34.57487],[-58.37122,-34.57487],[-58.37125,-34.57484],[-58.37125,-34.57484],[-58.37126,-34.57483],[-58.37127,-34.57482],[-58.37129,-34.57481],[-58.3713,-34.5748],[-58.37134,-34.57478],[-58.37134,-34.57478],[-58.37138,-34.57476],[-58.37142,-34.57473],[-58.37145,-34.57472],[-58.37147,-34.5747],[-58.37147,-34.5747],[-58.37155,-34.57466],[-58.3716,-34.57463],[-58.37161,-34.57463],[-58.3742,-34.57314],[-58.37422,-34.57313],[-58.37459,-34.57289],[-58.37554,-34.57229],[-58.37577,-34.57214],[-58.37584,-34.57209],[-58.37585,-34.57209],[-58.37586,-34.57208],[-58.37587,-34.57207],[-58.37589,-34.57206],[-58.37591,-34.57204],[-58.37592,-34.57204],[-58.37593,-34.57203],[-58.37595,-34.57202],[-58.37598,-34.572],[-58.37602,-34.57198],[-58.37604,-34.57197],[-58.37604,-34.57197],[-58.37606,-34.57196],[-58.37609,-34.57194],[-58.37609,-34.57194],[-58.37611,-34.57193],[-58.37612,-34.57193],[-58.37612,-34.57193],[-58.37612,-34.57193],[-58.37617,-34.5719],[-58.37619,-34.57189],[-58.37748,-34.57116],[-58.37855,-34.57055],[-58.37855,-34.57055],[-58.37858,-34.57053],[-58.3786,-34.57052],[-58.37861,-34.57052],[-58.37862,-34.57052],[-58.37862,-34.57051],[-58.37864,-34.5705],[-58.37868,-34.57048],[-58.37868,-34.57048],[-58.37872,-34.57047],[-58.37872,-34.57047],[-58.37875,-34.57045],[-58.37875,-34.57045],[-58.37875,-34.57045],[-58.37878,-34.57044],[-58.37881,-34.57043],[-58.37884,-34.57042],[-58.37887,-34.57041],[-58.37892,-34.5704],[-58.37892,-34.5704],[-58.37896,-34.5704],[-58.37899,-34.57039],[-58.37902,-34.57039],[-58.37902,-34.57039],[-58.37906,-34.57039],[-58.37907,-34.57038],[-58.37907,-34.57038],[-58.37908,-34.57038],[-58.3791,-34.57038],[-58.37914,-34.57038],[-58.37916,-34.57038],[-58.37917,-34.57039],[-58.37919,-34.57039],[-58.37919,-34.57039],[-58.37923,-34.57039],[-58.37925,-34.57039],[-58.37997,-34.57045],[-58.38036,-34.57048],[-58.38036,-34.57048],[-58.38033,-34.57082],[-58.38051,-34.57104],[-58.38027,-34.57118],[-58.37891,-34.57196],[-58.37842,-34.57224],[-58.37831,-34.57231],[-58.3783,-34.57232],[-58.3783,-34.57232],[-58.3783,-34.57232],[-58.3783,-34.57232],[-58.3783,-34.57233],[-58.3783,-34.57233],[-58.37829,-34.57234],[-58.37829,-34.57234],[-58.37829,-34.57235],[-58.37829,-34.57235],[-58.37825,-34.57266],[-58.37825,-34.57268],[-58.37825,-34.57268],[-58.37825,-34.57269],[-58.37825,-34.5727],[-58.37825,-34.5727],[-58.37826,-34.57271],[-58.37826,-34.57271],[-58.37826,-34.57271],[-58.37826,-34.57272],[-58.37826,-34.57272],[-58.37827,-34.57273],[-58.37827,-34.57273],[-58.37827,-34.57273],[-58.37827,-34.57273],[-58.37827,-34.57274],[-58.37828,-34.57275],[-58.37828,-34.57275],[-58.37828,-34.57275],[-58.37828,-34.57275],[-58.37828,-34.57275],[-58.37829,-34.57275],[-58.37829,-34.57275],[-58.3783,-34.57276],[-58.3783,-34.57276],[-58.3783,-34.57276],[-58.3783,-34.57276],[-58.37831,-34.57277],[-58.37831,-34.57277],[-58.37833,-34.57277],[-58.37833,-34.57277],[-58.37833,-34.57277],[-58.37833,-34.57277],[-58.37834,-34.57277],[-58.37834,-34.57277],[-58.37834,-34.57277],[-58.37834,-34.57277],[-58.37835,-34.57278],[-58.37836,-34.57278],[-58.37836,-34.57278],[-58.37838,-34.57278],[-58.37841,-34.57278],[-58.37846,-34.57279],[-58.38353,-34.57319],[-58.38353,-34.57319],[-58.38354,-34.57319],[-58.38354,-34.57319],[-58.38355,-34.57319],[-58.38355,-34.57319],[-58.38355,-34.57319],[-58.38356,-34.57319],[-58.38357,-34.57319],[-58.38358,-34.5732],[-58.38358,-34.5732],[-58.38358,-34.5732],[-58.38358,-34.5732],[-58.38358,-34.5732],[-58.38359,-34.5732],[-58.38359,-34.5732],[-58.38359,-34.57321],[-58.3836,-34.57321],[-58.3836,-34.57322],[-58.3836,-34.57322],[-58.38361,-34.57322],[-58.38361,-34.57323],[-58.38361,-34.57323],[-58.38361,-34.57324],[-58.38361,-34.57325],[-58.3836,-34.57333],[-58.38359,-34.57339],[-58.38359,-34.57339],[-58.38359,-34.57339],[-58.38359,-34.5734],[-58.38359,-34.5734],[-58.38359,-34.5734],[-58.38359,-34.5734],[-58.38359,-34.5734],[-58.38359,-34.57341],[-58.38359,-34.57341],[-58.38359,-34.57342],[-58.38358,-34.57343],[-58.38357,-34.57343],[-58.38357,-34.57343],[-58.38356,-34.57344],[-58.38356,-34.57344],[-58.38356,-34.57344],[-58.38355,-34.57344],[-58.38253,-34.57402],[-58.38213,-34.57425],[-58.3819,-34.57438],[-58.3819,-34.57438],[-58.3819,-34.57438],[-58.38189,-34.57439],[-58.38189,-34.57439],[-58.38187,-34.57439],[-58.38187,-34.5744],[-58.38187,-34.5744],[-58.38187,-34.5744],[-58.38186,-34.5744],[-58.38186,-34.5744],[-58.38185,-34.57441],[-58.38185,-34.57441],[-58.38184,-34.57441],[-58.38184,-34.57441],[-58.38183,-34.57441],[-58.38183,-34.57441],[-58.38182,-34.57442],[-58.38182,-34.57442],[-58.3818,-34.57441],[-58.38179,-34.57441],[-58.38177,-34.57441],[-58.38016,-34.57428],[-58.37928,-34.57421],[-58.37926,-34.57421],[-58.37925,-34.57421],[-58.37612,-34.57396],[-58.37612,-34.57396],[-58.37552,-34.57391],[-58.37544,-34.57393],[-58.37411,-34.57469],[-58.3733,-34.57516],[-58.37233,-34.57571],[-58.37232,-34.57572],[-58.37177,-34.57603],[-58.37077,-34.5766],[-58.37077,-34.5766],[-58.37077,-34.5766],[-58.37076,-34.57661],[-58.37075,-34.57661],[-58.37075,-34.57661],[-58.37075,-34.57661],[-58.37075,-34.57662],[-58.37075,-34.57662],[-58.37075,-34.57662],[-58.37075,-34.57662],[-58.37075,-34.57662],[-58.37075,-34.57663],[-58.37074,-34.57663],[-58.3707,-34.57702],[-58.3707,-34.57702],[-58.3707,-34.57702],[-58.3707,-34.57703],[-58.3707,-34.57704],[-58.37071,-34.57704],[-58.37071,-34.57704],[-58.37071,-34.57705],[-58.37071,-34.57705],[-58.37071,-34.57705],[-58.37072,-34.57706],[-58.37072,-34.57706],[-58.37072,-34.57706],[-58.37072,-34.57706],[-58.37073,-34.57706],[-58.37073,-34.57706],[-58.37074,-34.57707],[-58.37075,-34.57707],[-58.37076,-34.57707],[-58.37077,-34.57707],[-58.37077,-34.57707],[-58.37601,-34.57748],[-58.37601,-34.57748],[-58.37602,-34.57748],[-58.37602,-34.57748],[-58.37602,-34.57749],[-58.37605,-34.57749],[-58.37638,-34.57752],[-58.37672,-34.57755],[-58.3767,-34.57756],[-58.3767,-34.57756],[-58.37659,-34.57762],[-58.37398,-34.57911],[-58.37513,-34.58053],[-58.37617,-34.57996],[-58.37694,-34.58],[-58.37984,-34.58017],[-58.38286,-34.57845],[-58.38307,-34.57837],[-58.38324,-34.57832],[-58.3834,-34.57828],[-58.38358,-34.57824],[-58.38375,-34.57821],[-58.38393,-34.5782],[-58.3841,-34.57819],[-58.38428,-34.57819],[-58.38446,-34.5782],[-58.38446,-34.5782],[-58.38463,-34.57822],[-58.38507,-34.57825],[-58.38529,-34.57825],[-58.38551,-34.57824],[-58.38562,-34.57823],[-58.38573,-34.57822],[-58.38595,-34.57822],[-58.38613,-34.57822],[-58.3863,-34.57819],[-58.38641,-34.57817],[-58.38652,-34.57814],[-58.38654,-34.57813],[-58.38655,-34.57813],[-58.38659,-34.57812],[-58.3869,-34.57813],[-58.38759,-34.57815],[-58.38825,-34.57816],[-58.3884,-34.57817],[-58.38949,-34.5782],[-58.38967,-34.5782],[-58.38987,-34.57821],[-58.3899,-34.57825],[-58.39039,-34.57898],[-58.3912,-34.58017],[-58.39122,-34.5802],[-58.39165,-34.58084],[-58.39165,-34.58084],[-58.39164,-34.58084],[-58.39163,-34.58084],[-58.39154,-34.58086],[-58.39146,-34.58089],[-58.3914,-34.58091],[-58.39134,-34.58093],[-58.3913,-34.58095],[-58.3913,-34.58095],[-58.39117,-34.58101],[-58.39117,-34.58102],[-58.3911,-34.58105],[-58.39105,-34.58108],[-58.391,-34.5811],[-58.39093,-34.58115],[-58.3908,-34.58121],[-58.39072,-34.58126],[-58.39068,-34.58128],[-58.39061,-34.58131],[-58.39055,-34.58134],[-58.39043,-34.58141],[-58.39019,-34.58153],[-58.39003,-34.58161],[-58.38994,-34.58166],[-58.38978,-34.58175],[-58.38961,-34.58183],[-58.38951,-34.58189],[-58.38936,-34.58197],[-58.38917,-34.58207],[-58.38906,-34.58213],[-58.38894,-34.58219],[-58.3888,-34.58227],[-58.38863,-34.58236],[-58.38845,-34.58246],[-58.3884,-34.58249],[-58.38835,-34.58252],[-58.3881,-34.5827],[-58.38784,-34.58287],[-58.38742,-34.58319],[-58.38697,-34.58356],[-58.38665,-34.58386],[-58.38643,-34.5841],[-58.38617,-34.58438],[-58.38598,-34.58459],[-58.38585,-34.58474],[-58.38585,-34.58474],[-58.3856,-34.58502],[-58.38533,-34.58539],[-58.38506,-34.58588],[-58.385,-34.58601],[-58.38489,-34.58622],[-58.3848,-34.58639],[-58.3848,-34.58639],[-58.3845,-34.58697],[-58.3841,-34.58724],[-58.38378,-34.58746],[-58.3837,-34.5875],[-58.38369,-34.58751],[-58.38369,-34.58751],[-58.38385,-34.58768],[-58.38495,-34.5888],[-58.38594,-34.58979],[-58.38692,-34.59078],[-58.38788,-34.59159],[-58.38788,-34.5916],[-58.38795,-34.59165],[-58.38791,-34.59169],[-58.38757,-34.59284],[-58.38731,-34.59455],[-58.38731,-34.59455],[-58.38729,-34.59465],[-58.38728,-34.59475],[-58.38718,-34.59555],[-58.38716,-34.59573],[-58.38714,-34.59594],[-58.38714,-34.59594],[-58.38707,-34.59694],[-58.38707,-34.59706],[-58.38707,-34.59718],[-58.38698,-34.59818],[-58.38696,-34.59829],[-58.38695,-34.5984],[-58.38695,-34.59841],[-58.38687,-34.5993],[-58.38796,-34.59935],[-58.38797,-34.59935],[-58.38812,-34.59936],[-58.38815,-34.59936],[-58.38939,-34.59943],[-58.38948,-34.59943],[-58.38961,-34.59944],[-58.38967,-34.59945],[-58.39014,-34.59948],[-58.39138,-34.59956],[-58.39149,-34.59956],[-58.39156,-34.59957],[-58.39294,-34.59964],[-58.39308,-34.59965],[-58.3944,-34.59968],[-58.39469,-34.59969],[-58.39472,-34.59969],[-58.39582,-34.59971],[-58.39664,-34.59972],[-58.39719,-34.59974],[-58.39866,-34.59976],[-58.39873,-34.59977],[-58.39873,-34.59977],[-58.39878,-34.59976],[-58.39993,-34.59963],[-58.40048,-34.59956],[-58.40107,-34.59949],[-58.40107,-34.59949],[-58.40121,-34.59947],[-58.40147,-34.59944],[-58.40201,-34.59937],[-58.40248,-34.59913],[-58.40254,-34.59909],[-58.40309,-34.5988],[-58.40345,-34.59861],[-58.40364,-34.59851],[-58.40373,-34.59846],[-58.40451,-34.59804],[-58.40451,-34.59804],[-58.40474,-34.59804],[-58.40474,-34.59804],[-58.40487,-34.59804],[-58.40487,-34.59804],[-58.40559,-34.59805],[-58.40559,-34.59805],[-58.40589,-34.59805],[-58.40589,-34.59805],[-58.40663,-34.59805],[-58.40663,-34.59805],[-58.40806,-34.59807],[-58.40806,-34.59807],[-58.40815,-34.59807],[-58.40815,-34.59807],[-58.40858,-34.59808],[-58.40858,-34.59808],[-58.40873,-34.59808],[-58.40873,-34.59808],[-58.4091,-34.59809],[-58.40943,-34.59809],[-58.40943,-34.59809],[-58.4103,-34.5981],[-58.41192,-34.59801],[-58.41199,-34.598],[-58.41205,-34.598],[-58.41209,-34.598],[-58.41299,-34.59796],[-58.41326,-34.59795],[-58.41392,-34.59793],[-58.41396,-34.59793],[-58.41463,-34.5979],[-58.41567,-34.59786],[-58.41567,-34.59786],[-58.41569,-34.59786],[-58.4157,-34.59786],[-58.416,-34.59786],[-58.41552,-34.59672],[-58.41505,-34.5956],[-58.41463,-34.59461],[-58.4144,-34.59406],[-58.41353,-34.59308],[-58.41288,-34.59233],[-58.41247,-34.59184],[-58.41239,-34.59176],[-58.41233,-34.59168],[-58.41119,-34.59035],[-58.41008,-34.58906],[-58.4095,-34.58823],[-58.4092,-34.5878],[-58.40903,-34.58756],[-58.40832,-34.58655],[-58.40814,-34.58629],[-58.40804,-34.58615],[-58.40763,-34.58557],[-58.4071,-34.5848],[-58.4064,-34.58381],[-58.40618,-34.58346],[-58.40536,-34.58346],[-58.40403,-34.58345],[-58.40205,-34.58343],[-58.40195,-34.58343],[-58.40135,-34.5838],[-58.40135,-34.5838],[-58.40122,-34.58389],[-58.40113,-34.58395],[-58.40055,-34.58448],[-58.39994,-34.58365],[-58.39928,-34.58274],[-58.39937,-34.58272],[-58.39811,-34.58071],[-58.39796,-34.5805],[-58.39693,-34.57904],[-58.39676,-34.5788],[-58.39656,-34.57851],[-58.39665,-34.57846],[-58.39682,-34.57835],[-58.39782,-34.57768],[-58.3979,-34.57763],[-58.39859,-34.57718],[-58.39861,-34.57716],[-58.39905,-34.57693],[-58.39988,-34.57653],[-58.39994,-34.5765],[-58.40051,-34.57616],[-58.40066,-34.57606],[-58.40115,-34.57574],[-58.40124,-34.57567],[-58.40166,-34.57532],[-58.40214,-34.57474],[-58.40241,-34.57441],[-58.40265,-34.57415],[-58.40251,-34.57401],[-58.40241,-34.57391],[-58.40203,-34.57352],[-58.40175,-34.57314],[-58.40067,-34.57187],[-58.40055,-34.57175],[-58.40045,-34.57166],[-58.40031,-34.57151],[-58.39992,-34.57106],[-58.39989,-34.57102],[-58.39972,-34.57081],[-58.39964,-34.57057],[-58.39963,-34.57041],[-58.39966,-34.5702],[-58.3997,-34.57002],[-58.39981,-34.5698],[-58.39987,-34.56972],[-58.39991,-34.56966],[-58.39995,-34.56961],[-58.40006,-34.56945],[-58.40013,-34.56935],[-58.40001,-34.56943],[-58.39981,-34.56957],[-58.39958,-34.56972],[-58.39944,-34.56981],[-58.39934,-34.56988],[-58.3993,-34.5699],[-58.39924,-34.56993],[-58.39922,-34.56994],[-58.39918,-34.56996],[-58.39882,-34.57014],[-58.39878,-34.57016],[-58.3987,-34.5702],[-58.39837,-34.5704],[-58.39521,-34.5722],[-58.39482,-34.57232],[-58.39433,-34.5723],[-58.39432,-34.5723],[-58.39354,-34.57224],[-58.39332,-34.57222],[-58.39321,-34.57222],[-58.39311,-34.57222],[-58.39307,-34.57223],[-58.39302,-34.57223],[-58.39302,-34.57223],[-58.39302,-34.57223],[-58.39284,-34.57224],[-58.39288,-34.57217],[-58.39292,-34.5721],[-58.39294,-34.57207],[-58.39294,-34.57207],[-58.39296,-34.57203],[-58.39296,-34.57203],[-58.39298,-34.572],[-58.39299,-34.57198],[-58.39295,-34.572],[-58.39293,-34.57202],[-58.39154,-34.57284],[-58.39044,-34.57348],[-58.3895,-34.57403],[-58.38858,-34.57453],[-58.38794,-34.57488],[-58.38758,-34.57437],[-58.38736,-34.5741],[-58.38665,-34.57323],[-58.38701,-34.57302],[-58.38711,-34.57297],[-58.39127,-34.57061],[-58.39124,-34.57048],[-58.39126,-34.57041],[-58.39117,-34.57028],[-58.3911,-34.57016],[-58.39106,-34.5701],[-58.39105,-34.57008],[-58.39105,-34.57008],[-58.39097,-34.57002],[-58.39089,-34.56996],[-58.39089,-34.56996],[-58.39088,-34.56996],[-58.39081,-34.5699],[-58.39074,-34.56983],[-58.39068,-34.56976],[-58.39063,-34.56968],[-58.39058,-34.5696],[-58.39053,-34.56952],[-58.39051,-34.56946],[-58.3905,-34.56943],[-58.3905,-34.56943],[-58.3905,-34.56943],[-58.39047,-34.56942],[-58.39042,-34.5694],[-58.39037,-34.56938],[-58.39035,-34.56936],[-58.39032,-34.56934],[-58.39031,-34.56935],[-58.39023,-34.56939],[-58.38429,-34.5689],[-58.38421,-34.56888],[-58.38414,-34.56886],[-58.38407,-34.56883],[-58.38401,-34.5688],[-58.38395,-34.56876],[-58.38389,-34.56872],[-58.38389,-34.56872],[-58.38384,-34.56867],[-58.38381,-34.56864],[-58.38375,-34.56858],[-58.38369,-34.56851],[-58.38369,-34.56851],[-58.38366,-34.5685],[-58.38356,-34.56846],[-58.38345,-34.56843],[-58.38334,-34.56841],[-58.38323,-34.56839],[-58.38312,-34.56838],[-58.38236,-34.56841],[-58.38232,-34.56841],[-58.38228,-34.5684],[-58.38147,-34.56843],[-58.38116,-34.56849],[-58.38112,-34.5685],[-58.38109,-34.56851],[-58.38105,-34.56853],[-58.38102,-34.56856],[-58.381,-34.56858],[-58.38098,-34.56861],[-58.38097,-34.56865],[-58.38083,-34.56911],[-58.38075,-34.5694],[-58.38076,-34.56967],[-58.38073,-34.56978],[-58.38071,-34.57006],[-58.38071,-34.57012],[-58.38036,-34.5701],[-58.38036,-34.5701],[-58.3804,-34.56866],[-58.38041,-34.56861],[-58.38041,-34.56857],[-58.38041,-34.56857],[-58.38039,-34.56847]]]}},{"type":"Feature","properties":{"comuna":3},"geometry":{"type":"Polygon","coordinates":[[[-58.41192,-34.59801],[-58.4103,-34.5981],[-58.40943,-34.59809],[-58.40943,-34.59809],[-58.4091,-34.59809],[-58.40873,-34.59808],[-58.40873,-34.59808],[-58.40858,-34.59808],[-58.40858,-34.59808],[-58.40815,-34.59807],[-58.40815,-34.59807],[-58.40806,-34.59807],[-58.40806,-34.59807],[-58.40663,-34.59805],[-58.40663,-34.59805],[-58.40589,-34.59805],[-58.40589,-34.59805],[-58.40559,-34.59805],[-58.40559,-34.59805],[-58.40487,-34.59804],[-58.40487,-34.59804],[-58.40474,-34.59804],[-58.40474,-34.59804],[-58.40451,-34.59804],[-58.40451,-34.59804],[-58.40373,-34.59846],[-58.40364,-34.59851],[-58.40345,-34.59861],[-58.40309,-34.5988],[-58.40254,-34.59909],[-58.40248,-34.59913],[-58.40201,-34.59937],[-58.40147,-34.59944],[-58.40121,-34.59947],[-58.40107,-34.59949],[-58.40107,-34.59949],[-58.40048,-34.59956],[-58.39993,-34.59963],[-58.39878,-34.59976],[-58.39873,-34.59977],[-58.39873,-34.59977],[-58.39866,-34.59976],[-58.39719,-34.59974],[-58.39664,-34.59972],[-58.39582,-34.59971],[-58.39472,-34.59969],[-58.39469,-34.59969],[-58.3944,-34.59968],[-58.39308,-34.59965],[-58.39294,-34.59964],[-58.39277,-34.60081],[-58.39275,-34.60094],[-58.3926,-34.60199],[-58.39258,-34.60212],[-58.39239,-34.60316],[-58.39229,-34.60444],[-58.39221,-34.60549],[-58.3922,-34.60565],[-58.39213,-34.60664],[-58.39212,-34.60679],[-58.39205,-34.60786],[-58.39204,-34.60799],[-58.39197,-34.60917],[-58.39196,-34.60929],[-58.39196,-34.6093],[-58.39188,-34.61035],[-58.39186,-34.61056],[-58.39181,-34.61128],[-58.3918,-34.6115],[-58.39179,-34.61167],[-58.39179,-34.61168],[-58.39179,-34.61168],[-58.39177,-34.61246],[-58.39176,-34.61267],[-58.39175,-34.61283],[-58.39171,-34.61383],[-58.3917,-34.61408],[-58.39169,-34.61466],[-58.39169,-34.61467],[-58.39169,-34.6147],[-58.39168,-34.61492],[-58.39167,-34.61519],[-58.39166,-34.61552],[-58.39166,-34.6157],[-58.39166,-34.61584],[-58.39168,-34.61688],[-58.3917,-34.61816],[-58.39167,-34.61911],[-58.39163,-34.62023],[-58.39161,-34.62054],[-58.39161,-34.62054],[-58.39156,-34.62156],[-58.39149,-34.62274],[-58.39146,-34.62343],[-58.39146,-34.62356],[-58.39145,-34.62372],[-58.39144,-34.62399],[-58.39141,-34.62429],[-58.39133,-34.62523],[-58.39125,-34.62634],[-58.39122,-34.62664],[-58.39119,-34.62705],[-58.39117,-34.62726],[-58.39117,-34.62726],[-58.39162,-34.62726],[-58.39216,-34.62727],[-58.39216,-34.62727],[-58.3923,-34.62729],[-58.39321,-34.62745],[-58.3943,-34.62765],[-58.39447,-34.62768],[-58.39506,-34.62778],[-58.39535,-34.62783],[-58.39541,-34.62784],[-58.39549,-34.62786],[-58.39674,-34.62808],[-58.39681,-34.62809],[-58.39687,-34.6281],[-58.39844,-34.62838],[-58.39852,-34.6284],[-58.3986,-34.62841],[-58.39973,-34.62854],[-58.39991,-34.62857],[-58.40085,-34.62867],[-58.4011,-34.6287],[-58.40124,-34.62871],[-58.40167,-34.62876],[-58.40192,-34.62879],[-58.40239,-34.62884],[-58.40355,-34.62897],[-58.40546,-34.62919],[-58.40565,-34.62921],[-58.40651,-34.62931],[-58.40652,-34.62931],[-58.40673,-34.62933],[-58.40676,-34.62934],[-58.40837,-34.62952],[-58.40943,-34.62978],[-58.40959,-34.62982],[-58.4097,-34.62985],[-58.40987,-34.62989],[-58.41004,-34.62993],[-58.41005,-34.62994],[-58.41021,-34.62997],[-58.41052,-34.63005],[-58.41083,-34.63013],[-58.41098,-34.63016],[-58.41158,-34.63031],[-58.41178,-34.63036],[-58.41185,-34.62921],[-58.41188,-34.62863],[-58.41193,-34.62759],[-58.41197,-34.62702],[-58.41198,-34.62685],[-58.41199,-34.62651],[-58.41207,-34.62514],[-58.4121,-34.62497],[-58.41213,-34.62478],[-58.41222,-34.624],[-58.41234,-34.62304],[-58.41205,-34.62298],[-58.41236,-34.62187],[-58.41244,-34.62189],[-58.41255,-34.62065],[-58.41264,-34.61959],[-58.41265,-34.6194],[-58.41269,-34.61828],[-58.41269,-34.61807],[-58.41276,-34.61663],[-58.41282,-34.61545],[-58.41287,-34.61412],[-58.41312,-34.61342],[-58.41332,-34.61286],[-58.41344,-34.61262],[-58.41356,-34.61237],[-58.41402,-34.61156],[-58.41447,-34.61074],[-58.41459,-34.60938],[-58.41463,-34.60885],[-58.41466,-34.60819],[-58.4141,-34.60791],[-58.41394,-34.60735],[-58.41391,-34.60725],[-58.41365,-34.60612],[-58.41342,-34.60512],[-58.41323,-34.60434],[-58.41323,-34.60431],[-58.41319,-34.60414],[-58.41298,-34.60324],[-58.41281,-34.60252],[-58.4126,-34.60161],[-58.4123,-34.60036],[-58.41228,-34.60025],[-58.41226,-34.60012],[-58.41213,-34.5993],[-58.41192,-34.59801]]]}},{"type":"Feature","properties":{"comuna":4},"geometry":{"type":"Polygon","coordinates":[[[-58.35521,-34.61944],[-58.35515,-34.61955],[-58.35482,-34.61952],[-58.35426,-34.61947],[-58.35426,-34.61947],[-58.35408,-34.61971],[-58.35408,-34.61971],[-58.35392,-34.61962],[-58.35352,-34.61941],[-58.35352,-34.61941],[-58.35352,-34.61941],[-58.35309,-34.61954],[-58.35303,-34.61962],[-58.35294,-34.61975],[-58.35294,-34.61975],[-58.35294,-34.61976],[-58.35292,-34.61976],[-58.35276,-34.61977],[-58.3527,-34.61978],[-58.35257,-34.61954],[-58.35257,-34.61954],[-58.35257,-34.61954],[-58.35255,-34.61955],[-58.35223,-34.61962],[-58.35192,-34.61962],[-58.35192,-34.61962],[-58.35179,-34.61955],[-58.35166,-34.61947],[-58.35158,-34.61943],[-58.35158,-34.61943],[-58.35156,-34.61942],[-58.35155,-34.61941],[-58.35155,-34.61941],[-58.35154,-34.6194],[-58.35153,-34.6194],[-58.35152,-34.6194],[-58.35152,-34.61939],[-58.35151,-34.61939],[-58.35151,-34.61939],[-58.3515,-34.61938],[-58.3515,-34.61938],[-58.3515,-34.61938],[-58.3515,-34.61938],[-58.3515,-34.61938],[-58.3515,-34.61938],[-58.3515,-34.61938],[-58.3515,-34.61938],[-58.3515,-34.61938],[-58.3515,-34.61938],[-58.35149,-34.61938],[-58.35149,-34.61938],[-58.35149,-34.61938],[-58.35149,-34.61937],[-58.35148,-34.61937],[-58.35148,-34.61937],[-58.35148,-34.61937],[-58.35148,-34.61937],[-58.35148,-34.61937],[-58.35148,-34.61937],[-58.35148,-34.61937],[-58.35147,-34.61937],[-58.35147,-34.61937],[-58.35147,-34.61937],[-58.35147,-34.61936],[-58.35147,-34.61936],[-58.35147,-34.61936],[-58.35144,-34.61935],[-58.35144,-34.61935],[-58.35144,-34.61935],[-58.35144,-34.61935],[-58.35144,-34.61935],[-58.35144,-34.61935],[-58.35143,-34.61935],[-58.35143,-34.61935],[-58.35143,-34.61935],[-58.35143,-34.61935],[-58.35143,-34.61935],[-58.35143,-34.61935],[-58.35143,-34.61935],[-58.35142,-34.61935],[-58.35142,-34.61935],[-58.35142,-34.61935],[-58.35142,-34.61935],[-58.35142,-34.61935],[-58.35142,-34.61935],[-58.35142,-34.61936],[-58.35142,-34.61936],[-58.35141,-34.61936],[-58.35141,-34.61936],[-58.35141,-34.61936],[-58.35141,-34.61936],[-58.35141,-34.61936],[-58.35141,-34.61936],[-58.3514,-34.61936],[-58.3514,-34.61936],[-58.3514,-34.61936],[-58.3514,-34.61936],[-58.3514,-34.61936],[-58.3514,-34.61936],[-58.3514,-34.61936],[-58.35139,-34.61936],[-58.35139,-34.61936],[-58.35139,-34.61936],[-58.35139,-34.61936],[-58.35139,-34.61936],[-58.35139,-34.61936],[-58.35139,-34.61936],[-58.35139,-34.61936],[-58.35134,-34.61936],[-58.35134,-34.61936],[-58.35129,-34.61936],[-58.35127,-34.61936],[-58.35123,-34.61936],[-58.3512,-34.61936],[-58.35116,-34.61938],[-58.35087,-34.61947],[-58.35087,-34.61947],[-58.35088,-34.61962],[-58.35078,-34.61968],[-58.35078,-34.61968],[-58.35069,-34.61956],[-58.35069,-34.61956],[-58.35017,-34.61974],[-58.35017,-34.61974],[-58.34974,-34.61978],[-58.34958,-34.61979],[-58.34958,-34.61979],[-58.34907,-34.61965],[-58.34831,-34.61905],[-58.34784,-34.61896],[-58.3473,-34.61894],[-58.3473,-34.61894],[-58.34657,-34.61911],[-58.34657,-34.61911],[-58.34638,-34.61904],[-58.34597,-34.61886],[-58.34523,-34.61881],[-58.34461,-34.61899],[-58.34455,-34.61906],[-58.34458,-34.61934],[-58.34468,-34.61963],[-58.3452,-34.61984],[-58.34545,-34.61988],[-58.34592,-34.61957],[-58.34624,-34.61935],[-58.34633,-34.61922],[-58.34634,-34.61921],[-58.34657,-34.61928],[-58.3469,-34.61963],[-58.3469,-34.61963],[-58.34716,-34.61999],[-58.34711,-34.62055],[-58.34697,-34.62099],[-58.34659,-34.62148],[-58.34646,-34.62162],[-58.34652,-34.62199],[-58.34647,-34.62208],[-58.34638,-34.62223],[-58.34632,-34.62233],[-58.34628,-34.62241],[-58.3462,-34.62254],[-58.34619,-34.62257],[-58.3461,-34.62266],[-58.34607,-34.62268],[-58.34603,-34.62282],[-58.34604,-34.62291],[-58.34594,-34.62296],[-58.34594,-34.62296],[-58.34593,-34.62291],[-58.34594,-34.62281],[-58.34596,-34.62276],[-58.34597,-34.62271],[-58.34595,-34.62267],[-58.34595,-34.62266],[-58.34595,-34.62264],[-58.34594,-34.62262],[-58.34594,-34.62258],[-58.34595,-34.62256],[-58.34594,-34.62254],[-58.34594,-34.62251],[-58.34592,-34.62249],[-58.34593,-34.62247],[-58.34595,-34.62247],[-58.34595,-34.62241],[-58.34598,-34.62236],[-58.34598,-34.62231],[-58.34598,-34.62231],[-58.34598,-34.62231],[-58.34597,-34.6223],[-58.34596,-34.6223],[-58.34596,-34.6223],[-58.34594,-34.6223],[-58.34593,-34.6223],[-58.34593,-34.6223],[-58.34591,-34.62228],[-58.34587,-34.62228],[-58.34587,-34.62228],[-58.34588,-34.62227],[-58.34588,-34.62227],[-58.34589,-34.62227],[-58.3459,-34.62227],[-58.3459,-34.62227],[-58.34591,-34.62227],[-58.34591,-34.62227],[-58.34591,-34.62227],[-58.34593,-34.62228],[-58.34593,-34.62228],[-58.34594,-34.62228],[-58.34594,-34.62228],[-58.34595,-34.62227],[-58.34596,-34.62227],[-58.34596,-34.62227],[-58.34597,-34.62227],[-58.34597,-34.62227],[-58.34598,-34.62227],[-58.34598,-34.62228],[-58.34599,-34.62229],[-58.346,-34.62229],[-58.34601,-34.6223],[-58.34601,-34.6223],[-58.34601,-34.6223],[-58.34602,-34.6223],[-58.34602,-34.6223],[-58.34603,-34.62229],[-58.34604,-34.62228],[-58.34605,-34.62228],[-58.34605,-34.62228],[-58.34606,-34.62228],[-58.34606,-34.62228],[-58.34606,-34.62228],[-58.34606,-34.62228],[-58.34607,-34.62227],[-58.34607,-34.62227],[-58.34607,-34.62225],[-58.34607,-34.62224],[-58.34607,-34.62224],[-58.34607,-34.62223],[-58.34605,-34.62223],[-58.34604,-34.62222],[-58.34604,-34.62222],[-58.34605,-34.6222],[-58.34606,-34.6222],[-58.34606,-34.6222],[-58.34606,-34.6222],[-58.34608,-34.62221],[-58.34608,-34.62221],[-58.34608,-34.6222],[-58.34609,-34.6222],[-58.34608,-34.62219],[-58.34608,-34.62219],[-58.34607,-34.62218],[-58.34606,-34.62218],[-58.34605,-34.62216],[-58.34605,-34.62215],[-58.34605,-34.62214],[-58.34605,-34.62214],[-58.34605,-34.62213],[-58.34604,-34.62213],[-58.34603,-34.62214],[-58.34601,-34.62214],[-58.34601,-34.62214],[-58.34599,-34.62212],[-58.346,-34.62211],[-58.34602,-34.6221],[-58.34602,-34.6221],[-58.34602,-34.62211],[-58.34603,-34.62212],[-58.34603,-34.62212],[-58.34604,-34.62212],[-58.34604,-34.62212],[-58.34604,-34.62212],[-58.34605,-34.62211],[-58.34606,-34.6221],[-58.34604,-34.62208],[-58.34605,-34.62207],[-58.34607,-34.62206],[-58.34607,-34.62204],[-58.34609,-34.62203],[-58.3461,-34.62201],[-58.34608,-34.62201],[-58.34606,-34.622],[-58.34602,-34.62195],[-58.34598,-34.62195],[-58.34594,-34.62193],[-58.34592,-34.62193],[-58.34592,-34.62193],[-58.34591,-34.62193],[-58.3459,-34.62194],[-58.34589,-34.62195],[-58.34589,-34.62195],[-58.34586,-34.62194],[-58.34584,-34.62192],[-58.34584,-34.6219],[-58.34582,-34.62189],[-58.34581,-34.62188],[-58.34581,-34.62188],[-58.3458,-34.62189],[-58.34579,-34.6219],[-58.3458,-34.62193],[-58.34581,-34.62194],[-58.34581,-34.62194],[-58.34583,-34.62196],[-58.34583,-34.62197],[-58.34581,-34.62198],[-58.34581,-34.62198],[-58.34581,-34.62196],[-58.3458,-34.62195],[-58.34579,-34.62195],[-58.34579,-34.62195],[-58.34578,-34.62195],[-58.34577,-34.62198],[-58.34579,-34.622],[-58.34579,-34.622],[-58.34579,-34.62201],[-58.3458,-34.62202],[-58.3458,-34.62202],[-58.3458,-34.62202],[-58.34582,-34.62203],[-58.34582,-34.62203],[-58.34582,-34.62203],[-58.34581,-34.62204],[-58.3458,-34.62206],[-58.34579,-34.62206],[-58.34578,-34.62207],[-58.34579,-34.6221],[-58.34577,-34.62211],[-58.34576,-34.62211],[-58.34576,-34.62211],[-58.34576,-34.62203],[-58.34575,-34.62196],[-58.34574,-34.62193],[-58.34574,-34.62192],[-58.34572,-34.62184],[-58.34567,-34.62174],[-58.34562,-34.62166],[-58.34549,-34.62153],[-58.34549,-34.62153],[-58.34543,-34.62149],[-58.34538,-34.62146],[-58.3453,-34.62142],[-58.34518,-34.62137],[-58.34505,-34.62134],[-58.34504,-34.62134],[-58.34504,-34.62134],[-58.34495,-34.62133],[-58.34481,-34.62133],[-58.34471,-34.62135],[-58.34471,-34.62135],[-58.34471,-34.62135],[-58.34461,-34.62136],[-58.34452,-34.62139],[-58.34434,-34.62147],[-58.34434,-34.62147],[-58.34426,-34.62153],[-58.3442,-34.62159],[-58.34412,-34.62169],[-58.34412,-34.6217],[-58.34407,-34.62176],[-58.34406,-34.6217],[-58.34407,-34.62168],[-58.34407,-34.62166],[-58.34409,-34.6216],[-58.34409,-34.62153],[-58.34412,-34.62151],[-58.34414,-34.62151],[-58.34417,-34.62149],[-58.34423,-34.62141],[-58.34423,-34.62134],[-58.34424,-34.62132],[-58.34427,-34.62122],[-58.34427,-34.62111],[-58.34426,-34.62107],[-58.34425,-34.62103],[-58.34423,-34.62097],[-58.34425,-34.62094],[-58.34424,-34.6209],[-58.34424,-34.6209],[-58.34423,-34.62089],[-58.34422,-34.62085],[-58.34428,-34.62081],[-58.34427,-34.62077],[-58.3443,-34.62076],[-58.3443,-34.62074],[-58.34434,-34.62056],[-58.34435,-34.62053],[-58.34434,-34.62045],[-58.34434,-34.62042],[-58.34431,-34.62029],[-58.3443,-34.62018],[-58.34428,-34.62013],[-58.34421,-34.62005],[-58.34421,-34.61997],[-58.3442,-34.61995],[-58.34414,-34.61981],[-58.3441,-34.61966],[-58.34405,-34.61949],[-58.34401,-34.61943],[-58.34392,-34.61935],[-58.34394,-34.6192],[-58.34391,-34.61912],[-58.34386,-34.61901],[-58.34379,-34.61883],[-58.34361,-34.61878],[-58.3435,-34.61874],[-58.34348,-34.61874],[-58.34346,-34.61873],[-58.34341,-34.6187],[-58.3433,-34.61867],[-58.34306,-34.61862],[-58.34286,-34.61857],[-58.34266,-34.61854],[-58.34248,-34.61852],[-58.34232,-34.61851],[-58.34219,-34.61851],[-58.34211,-34.6185],[-58.34205,-34.6185],[-58.342,-34.6185],[-58.34183,-34.6185],[-58.34156,-34.61848],[-58.34142,-34.6185],[-58.34116,-34.61853],[-58.3411,-34.61854],[-58.34104,-34.61856],[-58.34098,-34.61856],[-58.3409,-34.61857],[-58.3407,-34.61861],[-58.34056,-34.61864],[-58.34053,-34.61865],[-58.3405,-34.61866],[-58.34039,-34.61869],[-58.34038,-34.61868],[-58.34019,-34.61859],[-58.3399,-34.6185],[-58.33984,-34.61849],[-58.33974,-34.61849],[-58.33918,-34.6185],[-58.33879,-34.6186],[-58.33872,-34.61861],[-58.33866,-34.61862],[-58.33859,-34.61864],[-58.33854,-34.61867],[-58.33819,-34.61886],[-58.33815,-34.61889],[-58.3381,-34.61893],[-58.33807,-34.61897],[-58.33804,-34.61901],[-58.33782,-34.61943],[-58.33765,-34.6197],[-58.33758,-34.61989],[-58.33756,-34.61993],[-58.33754,-34.61997],[-58.33752,-34.62001],[-58.33751,-34.62006],[-58.33751,-34.62018],[-58.33745,-34.62061],[-58.33742,-34.62092],[-58.33736,-34.62107],[-58.33734,-34.6211],[-58.33733,-34.62113],[-58.33731,-34.62116],[-58.33707,-34.62143],[-58.33703,-34.62146],[-58.33701,-34.62149],[-58.33699,-34.62153],[-58.33698,-34.62157],[-58.33697,-34.62165],[-58.33695,-34.62171],[-58.33694,-34.62176],[-58.33693,-34.62182],[-58.33692,-34.6219],[-58.33692,-34.62197],[-58.33693,-34.62205],[-58.33695,-34.62213],[-58.33698,-34.6222],[-58.33701,-34.62227],[-58.33705,-34.62234],[-58.3371,-34.62241],[-58.33713,-34.62244],[-58.33716,-34.62247],[-58.33722,-34.62253],[-58.33722,-34.62253],[-58.33728,-34.62258],[-58.33736,-34.62263],[-58.33743,-34.62268],[-58.33751,-34.62271],[-58.3376,-34.62275],[-58.33769,-34.62277],[-58.33778,-34.62279],[-58.33787,-34.62281],[-58.33796,-34.62281],[-58.33797,-34.62281],[-58.33797,-34.62281],[-58.33806,-34.62281],[-58.33806,-34.62281],[-58.33865,-34.62272],[-58.3392,-34.62262],[-58.33931,-34.62261],[-58.33942,-34.62259],[-58.33952,-34.62259],[-58.33954,-34.62259],[-58.33963,-34.62259],[-58.33974,-34.6226],[-58.33985,-34.62261],[-58.34023,-34.62266],[-58.34035,-34.62266],[-58.34046,-34.62267],[-58.34046,-34.62267],[-58.34057,-34.62266],[-58.34096,-34.62262],[-58.34097,-34.62262],[-58.34102,-34.62262],[-58.34108,-34.62262],[-58.34114,-34.62263],[-58.3412,-34.62265],[-58.34126,-34.62269],[-58.34134,-34.62273],[-58.34139,-34.62275],[-58.34145,-34.62277],[-58.34174,-34.62281],[-58.34183,-34.62282],[-58.34184,-34.62282],[-58.34186,-34.62282],[-58.34188,-34.62283],[-58.3419,-34.62283],[-58.34191,-34.62283],[-58.34193,-34.62283],[-58.34195,-34.62282],[-58.34197,-34.62281],[-58.34198,-34.6228],[-58.342,-34.62279],[-58.34201,-34.62277],[-58.34201,-34.62274],[-58.34202,-34.62272],[-58.34201,-34.62269],[-58.342,-34.62267],[-58.34198,-34.6226],[-58.34198,-34.62259],[-58.34196,-34.62256],[-58.34194,-34.62253],[-58.34193,-34.6225],[-58.34193,-34.6225],[-58.34191,-34.62246],[-58.34191,-34.62243],[-58.34191,-34.62239],[-58.34192,-34.62236],[-58.34194,-34.62232],[-58.34195,-34.62231],[-58.34197,-34.62229],[-58.34199,-34.62228],[-58.34199,-34.62228],[-58.34202,-34.62227],[-58.34204,-34.62226],[-58.34207,-34.62225],[-58.3421,-34.62225],[-58.34212,-34.62225],[-58.34214,-34.62225],[-58.34217,-34.62225],[-58.34224,-34.62226],[-58.34224,-34.62226],[-58.34225,-34.62226],[-58.34225,-34.62226],[-58.34227,-34.62227],[-58.34231,-34.62228],[-58.34243,-34.62232],[-58.34254,-34.62237],[-58.34265,-34.62243],[-58.34275,-34.62249],[-58.34276,-34.62249],[-58.34288,-34.62257],[-58.34288,-34.62257],[-58.34292,-34.62259],[-58.34297,-34.62262],[-58.34299,-34.62264],[-58.34299,-34.62264],[-58.34303,-34.62266],[-58.34303,-34.62266],[-58.34303,-34.62266],[-58.34304,-34.62267],[-58.34304,-34.62268],[-58.34304,-34.62269],[-58.34304,-34.6227],[-58.34304,-34.62271],[-58.34304,-34.62271],[-58.34303,-34.62272],[-58.34302,-34.62274],[-58.34276,-34.62299],[-58.34265,-34.62311],[-58.34256,-34.62319],[-58.3424,-34.62335],[-58.34238,-34.62338],[-58.3422,-34.62329],[-58.3422,-34.62329],[-58.34215,-34.62314],[-58.34215,-34.62314],[-58.34189,-34.62304],[-58.34069,-34.62303],[-58.34005,-34.62324],[-58.3392,-34.62394],[-58.33844,-34.62457],[-58.33821,-34.62462],[-58.33824,-34.6247],[-58.33823,-34.62471],[-58.33781,-34.6248],[-58.3378,-34.62481],[-58.3378,-34.62481],[-58.33779,-34.62475],[-58.33779,-34.62475],[-58.33776,-34.62474],[-58.33748,-34.62479],[-58.33736,-34.62481],[-58.33703,-34.62489],[-58.33607,-34.62568],[-58.33527,-34.62634],[-58.33527,-34.62634],[-58.33517,-34.62642],[-58.33517,-34.62643],[-58.33516,-34.62644],[-58.33516,-34.62644],[-58.33516,-34.62645],[-58.33516,-34.62645],[-58.33516,-34.62645],[-58.33516,-34.62646],[-58.33516,-34.62709],[-58.33516,-34.62709],[-58.33516,-34.6271],[-58.33516,-34.6271],[-58.33517,-34.62711],[-58.33518,-34.62712],[-58.33518,-34.62712],[-58.33519,-34.62713],[-58.33565,-34.62751],[-58.33565,-34.62752],[-58.33626,-34.62803],[-58.3362,-34.62818],[-58.33621,-34.62818],[-58.33635,-34.62823],[-58.33635,-34.62822],[-58.33636,-34.62822],[-58.33637,-34.62822],[-58.33638,-34.62822],[-58.33638,-34.62822],[-58.33643,-34.62809],[-58.33644,-34.62807],[-58.33645,-34.62807],[-58.33699,-34.62822],[-58.33699,-34.62822],[-58.33698,-34.62824],[-58.33694,-34.62833],[-58.33693,-34.62838],[-58.33693,-34.62838],[-58.33816,-34.62872],[-58.33817,-34.62871],[-58.33822,-34.62857],[-58.33822,-34.62856],[-58.33823,-34.62856],[-58.3388,-34.62872],[-58.3388,-34.62872],[-58.33873,-34.62888],[-58.33874,-34.62888],[-58.33887,-34.62892],[-58.33888,-34.62892],[-58.33889,-34.62892],[-58.33889,-34.62892],[-58.33892,-34.62885],[-58.33893,-34.62882],[-58.33895,-34.62876],[-58.33896,-34.62876],[-58.33922,-34.62883],[-58.33922,-34.62883],[-58.3392,-34.62888],[-58.3392,-34.62888],[-58.33928,-34.6289],[-58.33928,-34.62889],[-58.33931,-34.62883],[-58.33931,-34.62883],[-58.33923,-34.62881],[-58.33922,-34.62882],[-58.33921,-34.62882],[-58.33913,-34.62879],[-58.33913,-34.62879],[-58.33918,-34.62877],[-58.33919,-34.62876],[-58.33923,-34.62867],[-58.33923,-34.62866],[-58.33923,-34.62866],[-58.33923,-34.62866],[-58.33924,-34.62866],[-58.33928,-34.62867],[-58.33935,-34.62868],[-58.33935,-34.62868],[-58.33935,-34.62868],[-58.33935,-34.62868],[-58.33939,-34.62867],[-58.33945,-34.62862],[-58.3395,-34.62847],[-58.33951,-34.62846],[-58.33975,-34.62783],[-58.33976,-34.62784],[-58.34027,-34.62797],[-58.34027,-34.62797],[-58.34053,-34.62776],[-58.34054,-34.62775],[-58.34056,-34.62774],[-58.34056,-34.62774],[-58.34067,-34.62783],[-58.34067,-34.62783],[-58.34067,-34.62783],[-58.34078,-34.62775],[-58.34079,-34.62772],[-58.3407,-34.62765],[-58.34068,-34.62763],[-58.34107,-34.6273],[-58.34108,-34.62731],[-58.34119,-34.62739],[-58.34119,-34.62739],[-58.34119,-34.62739],[-58.34124,-34.62735],[-58.34131,-34.62729],[-58.34121,-34.6272],[-58.3412,-34.6272],[-58.34142,-34.62702],[-58.34156,-34.62691],[-58.3416,-34.62687],[-58.34161,-34.62687],[-58.3417,-34.62695],[-58.34171,-34.62694],[-58.34177,-34.62691],[-58.3418,-34.62687],[-58.3418,-34.62685],[-58.34179,-34.62685],[-58.3418,-34.62682],[-58.34174,-34.62677],[-58.34174,-34.62677],[-58.34175,-34.62676],[-58.34176,-34.62675],[-58.34192,-34.6266],[-58.34192,-34.6266],[-58.34213,-34.62644],[-58.34213,-34.62644],[-58.34213,-34.62644],[-58.34222,-34.62651],[-58.34223,-34.62651],[-58.34236,-34.62642],[-58.34226,-34.62633],[-58.34244,-34.62619],[-58.34245,-34.62617],[-58.34246,-34.62617],[-58.34274,-34.6262],[-58.34274,-34.6262],[-58.34273,-34.62631],[-58.34273,-34.62631],[-58.34274,-34.62632],[-58.34276,-34.62632],[-58.34291,-34.62631],[-58.34291,-34.62627],[-58.34292,-34.62623],[-58.34293,-34.62623],[-58.34299,-34.62623],[-58.34304,-34.62624],[-58.34333,-34.62627],[-58.34333,-34.62627],[-58.34333,-34.62635],[-58.34333,-34.62635],[-58.34345,-34.6264],[-58.34349,-34.6264],[-58.34349,-34.6264],[-58.3435,-34.62629],[-58.34351,-34.62629],[-58.34356,-34.6263],[-58.34358,-34.6263],[-58.34412,-34.62636],[-58.34421,-34.62637],[-58.34428,-34.62638],[-58.34438,-34.62645],[-58.34438,-34.62646],[-58.34436,-34.62647],[-58.34436,-34.62647],[-58.34383,-34.6269],[-58.34372,-34.62682],[-58.34371,-34.62682],[-58.34371,-34.62682],[-58.34358,-34.62693],[-58.34368,-34.62702],[-58.34368,-34.62702],[-58.34333,-34.62731],[-58.34326,-34.62726],[-58.34322,-34.62722],[-58.34309,-34.62732],[-58.3431,-34.62732],[-58.34317,-34.62739],[-58.34317,-34.62739],[-58.3432,-34.62741],[-58.34321,-34.62742],[-58.3432,-34.62743],[-58.34318,-34.62744],[-58.34304,-34.62756],[-58.34283,-34.62774],[-58.34283,-34.62774],[-58.34273,-34.62766],[-58.34273,-34.62765],[-58.34272,-34.62765],[-58.34271,-34.62766],[-58.34271,-34.62766],[-58.3426,-34.62775],[-58.34264,-34.62778],[-58.3427,-34.62784],[-58.34268,-34.62785],[-58.34268,-34.62785],[-58.34251,-34.62799],[-58.34232,-34.62814],[-58.34232,-34.62814],[-58.34221,-34.62805],[-58.34221,-34.62805],[-58.34221,-34.62804],[-58.34216,-34.62809],[-58.34209,-34.62815],[-58.3421,-34.62816],[-58.3421,-34.62816],[-58.3422,-34.62825],[-58.34219,-34.62826],[-58.34219,-34.62826],[-58.34213,-34.62831],[-58.34206,-34.62836],[-58.34187,-34.62852],[-58.34183,-34.62855],[-58.34182,-34.62856],[-58.34181,-34.62856],[-58.34177,-34.62852],[-58.34177,-34.62852],[-58.34172,-34.62848],[-58.34172,-34.62848],[-58.3417,-34.62848],[-58.34165,-34.62851],[-58.34164,-34.62852],[-58.34161,-34.62855],[-58.34161,-34.62855],[-58.34161,-34.62855],[-58.34161,-34.62856],[-58.34159,-34.62858],[-58.34159,-34.62858],[-58.34164,-34.62862],[-58.34164,-34.62862],[-58.34164,-34.62862],[-58.34169,-34.62867],[-58.34167,-34.62868],[-58.34167,-34.62868],[-58.34141,-34.6289],[-58.34141,-34.62891],[-58.34141,-34.62891],[-58.34141,-34.62895],[-58.34141,-34.62896],[-58.34156,-34.62908],[-58.34167,-34.62911],[-58.34169,-34.62912],[-58.34179,-34.62914],[-58.34187,-34.62916],[-58.34187,-34.62917],[-58.34185,-34.62922],[-58.34185,-34.62922],[-58.34201,-34.62928],[-58.34201,-34.62928],[-58.34201,-34.62928],[-58.34201,-34.62928],[-58.34203,-34.62923],[-58.34204,-34.62921],[-58.34205,-34.62921],[-58.34221,-34.62925],[-58.34238,-34.6293],[-58.34239,-34.6293],[-58.34239,-34.6293],[-58.34238,-34.62932],[-58.34236,-34.62938],[-58.34237,-34.62939],[-58.34236,-34.62941],[-58.34236,-34.62941],[-58.34238,-34.62941],[-58.34243,-34.62943],[-58.34251,-34.62946],[-58.34251,-34.62946],[-58.34251,-34.62946],[-58.34252,-34.62946],[-58.34253,-34.62942],[-58.34255,-34.62937],[-58.34255,-34.62937],[-58.34255,-34.62935],[-58.34256,-34.62936],[-58.34285,-34.62944],[-58.34285,-34.62943],[-58.34319,-34.62914],[-58.3432,-34.62915],[-58.34329,-34.6292],[-58.34329,-34.6292],[-58.34333,-34.62923],[-58.34333,-34.62922],[-58.3434,-34.62916],[-58.3434,-34.62914],[-58.3434,-34.62914],[-58.34339,-34.62914],[-58.34339,-34.62914],[-58.3434,-34.62913],[-58.3434,-34.62913],[-58.34341,-34.62912],[-58.34338,-34.6291],[-58.34332,-34.62905],[-58.34332,-34.62905],[-58.34346,-34.62894],[-58.34346,-34.62893],[-58.34365,-34.62879],[-58.34369,-34.62875],[-58.3437,-34.62875],[-58.3437,-34.62875],[-58.3437,-34.62875],[-58.34378,-34.62882],[-58.34379,-34.62882],[-58.3439,-34.62873],[-58.34392,-34.62872],[-58.34389,-34.6287],[-58.34382,-34.62864],[-58.34419,-34.62834],[-58.34419,-34.62834],[-58.34419,-34.62834],[-58.34419,-34.62834],[-58.34421,-34.62833],[-58.34421,-34.62833],[-58.34432,-34.62842],[-58.34432,-34.62842],[-58.34432,-34.62842],[-58.34441,-34.62835],[-58.34442,-34.62831],[-58.34435,-34.62825],[-58.34432,-34.62822],[-58.34432,-34.62822],[-58.34431,-34.62822],[-58.34432,-34.62821],[-58.34458,-34.628],[-58.34497,-34.62833],[-58.34502,-34.62837],[-58.34502,-34.62837],[-58.34502,-34.62837],[-58.34502,-34.62837],[-58.34503,-34.62837],[-58.34503,-34.62836],[-58.34503,-34.62836],[-58.34504,-34.62836],[-58.34504,-34.62836],[-58.34504,-34.62836],[-58.34504,-34.62836],[-58.34504,-34.62836],[-58.34504,-34.62836],[-58.34504,-34.62837],[-58.34504,-34.62837],[-58.34528,-34.62856],[-58.34528,-34.62856],[-58.34528,-34.62856],[-58.34528,-34.62856],[-58.34528,-34.62857],[-58.34529,-34.62857],[-58.34529,-34.62857],[-58.34529,-34.62857],[-58.34529,-34.62857],[-58.34528,-34.62857],[-58.34528,-34.62857],[-58.34528,-34.62857],[-58.34528,-34.62858],[-58.34527,-34.62858],[-58.34527,-34.62858],[-58.34528,-34.62858],[-58.34528,-34.62859],[-58.34528,-34.62859],[-58.34528,-34.62859],[-58.34528,-34.62859],[-58.3453,-34.62861],[-58.3453,-34.62861],[-58.34538,-34.62867],[-58.34538,-34.62867],[-58.34538,-34.62867],[-58.34538,-34.62866],[-58.34602,-34.62815],[-58.34638,-34.62785],[-58.34706,-34.62729],[-58.34706,-34.62729],[-58.34706,-34.62729],[-58.34727,-34.62746],[-58.34779,-34.62788],[-58.34779,-34.62788],[-58.3487,-34.62864],[-58.3487,-34.62864],[-58.34876,-34.62869],[-58.34876,-34.62869],[-58.34877,-34.62876],[-58.34843,-34.62879],[-58.34844,-34.62895],[-58.34844,-34.62895],[-58.34845,-34.62895],[-58.34878,-34.62892],[-58.34878,-34.62892],[-58.34878,-34.62893],[-58.34878,-34.62894],[-58.34879,-34.62902],[-58.34879,-34.62909],[-58.34877,-34.62915],[-58.34875,-34.62922],[-58.34871,-34.6293],[-58.3487,-34.62934],[-58.34869,-34.62935],[-58.34857,-34.62938],[-58.34849,-34.6294],[-58.34848,-34.62941],[-58.34848,-34.62941],[-58.34847,-34.6298],[-58.34847,-34.62982],[-58.34844,-34.62986],[-58.34844,-34.62986],[-58.34844,-34.62986],[-58.34808,-34.62992],[-58.348,-34.62992],[-58.34797,-34.62994],[-58.34797,-34.62994],[-58.34793,-34.63004],[-58.3479,-34.63012],[-58.34791,-34.63013],[-58.34791,-34.63013],[-58.34792,-34.63013],[-58.34813,-34.63011],[-58.34827,-34.63009],[-58.34827,-34.63009],[-58.34827,-34.63009],[-58.34832,-34.63028],[-58.34826,-34.63035],[-58.34814,-34.63042],[-58.34808,-34.63078],[-58.34799,-34.63098],[-58.34793,-34.63116],[-58.34787,-34.63117],[-58.34785,-34.63118],[-58.34785,-34.63118],[-58.34783,-34.63114],[-58.34782,-34.63108],[-58.34776,-34.63091],[-58.34776,-34.63091],[-58.34776,-34.63091],[-58.34769,-34.63093],[-58.34777,-34.63119],[-58.3477,-34.63133],[-58.34758,-34.6314],[-58.3474,-34.63144],[-58.34726,-34.63148],[-58.34714,-34.63148],[-58.34698,-34.6315],[-58.3469,-34.6315],[-58.34685,-34.63151],[-58.34677,-34.63149],[-58.34676,-34.63149],[-58.34674,-34.63143],[-58.34674,-34.63143],[-58.34674,-34.63143],[-58.34615,-34.63154],[-58.3461,-34.63166],[-58.34611,-34.63166],[-58.34715,-34.63195],[-58.34715,-34.63195],[-58.34751,-34.63205],[-58.34759,-34.63208],[-58.34761,-34.63209],[-58.34763,-34.6321],[-58.34763,-34.6321],[-58.34765,-34.63212],[-58.34767,-34.63214],[-58.34768,-34.63216],[-58.34769,-34.63218],[-58.34769,-34.63218],[-58.34769,-34.6322],[-58.34769,-34.63222],[-58.34769,-34.63222],[-58.3477,-34.63223],[-58.3477,-34.63224],[-58.3477,-34.63224],[-58.34771,-34.63224],[-58.34782,-34.63232],[-58.34801,-34.63236],[-58.34831,-34.63244],[-58.3485,-34.63249],[-58.34858,-34.63251],[-58.34871,-34.63251],[-58.34888,-34.63253],[-58.34901,-34.63251],[-58.34904,-34.63251],[-58.34907,-34.63256],[-58.34956,-34.63246],[-58.35015,-34.63233],[-58.35019,-34.6323],[-58.35025,-34.63225],[-58.35092,-34.63158],[-58.35114,-34.63136],[-58.35125,-34.63126],[-58.35129,-34.63116],[-58.35136,-34.63098],[-58.3515,-34.63065],[-58.35169,-34.63017],[-58.35189,-34.62969],[-58.35195,-34.62953],[-58.35195,-34.62953],[-58.35195,-34.62953],[-58.35208,-34.62924],[-58.3521,-34.62923],[-58.3522,-34.6292],[-58.35231,-34.62908],[-58.35239,-34.62901],[-58.35239,-34.62902],[-58.3524,-34.62902],[-58.35257,-34.62908],[-58.3527,-34.62911],[-58.35288,-34.62917],[-58.35288,-34.62917],[-58.35296,-34.62918],[-58.35299,-34.62917],[-58.35299,-34.62917],[-58.353,-34.62916],[-58.35329,-34.62883],[-58.35344,-34.62868],[-58.35363,-34.62844],[-58.35397,-34.62809],[-58.35416,-34.62797],[-58.35417,-34.62796],[-58.3546,-34.62768],[-58.35476,-34.62757],[-58.35488,-34.6275],[-58.35517,-34.62731],[-58.35619,-34.62666],[-58.3562,-34.62665],[-58.35634,-34.62656],[-58.35719,-34.62601],[-58.35718,-34.62599],[-58.3603,-34.62395],[-58.3603,-34.62395],[-58.36035,-34.624],[-58.36035,-34.624],[-58.36036,-34.624],[-58.36039,-34.62398],[-58.36044,-34.62394],[-58.36051,-34.6239],[-58.36051,-34.6239],[-58.36073,-34.62414],[-58.36084,-34.62426],[-58.36086,-34.62424],[-58.36087,-34.62424],[-58.36097,-34.62417],[-58.36123,-34.624],[-58.3613,-34.62395],[-58.36131,-34.62395],[-58.3614,-34.62389],[-58.36145,-34.62386],[-58.3615,-34.62383],[-58.36158,-34.62377],[-58.36162,-34.62374],[-58.36167,-34.62371],[-58.36167,-34.62371],[-58.36171,-34.62369],[-58.36177,-34.62364],[-58.36177,-34.62364],[-58.36177,-34.62365],[-58.36192,-34.6238],[-58.36192,-34.6238],[-58.36191,-34.6238],[-58.36191,-34.6238],[-58.36191,-34.6238],[-58.3619,-34.62381],[-58.3619,-34.62381],[-58.3619,-34.62381],[-58.36188,-34.62382],[-58.36188,-34.62382],[-58.36187,-34.62383],[-58.36187,-34.62383],[-58.36187,-34.62383],[-58.36186,-34.62383],[-58.36186,-34.62383],[-58.36185,-34.62384],[-58.36185,-34.62384],[-58.36183,-34.62385],[-58.36183,-34.62385],[-58.36182,-34.62386],[-58.36182,-34.62386],[-58.36181,-34.62387],[-58.36181,-34.62387],[-58.3618,-34.62388],[-58.3618,-34.62388],[-58.36179,-34.62388],[-58.36179,-34.62388],[-58.36177,-34.62389],[-58.36177,-34.62389],[-58.36176,-34.6239],[-58.36176,-34.6239],[-58.36175,-34.62391],[-58.36175,-34.62391],[-58.36174,-34.62392],[-58.36173,-34.62392],[-58.36173,-34.62392],[-58.36171,-34.62393],[-58.36171,-34.62394],[-58.36169,-34.62395],[-58.36169,-34.62395],[-58.36163,-34.62399],[-58.36163,-34.62399],[-58.36156,-34.62404],[-58.36156,-34.62404],[-58.36155,-34.62404],[-58.36155,-34.62404],[-58.36154,-34.62405],[-58.36154,-34.62405],[-58.36153,-34.62405],[-58.36153,-34.62405],[-58.36152,-34.62406],[-58.36152,-34.62406],[-58.36149,-34.62408],[-58.36149,-34.62408],[-58.36146,-34.6241],[-58.36146,-34.6241],[-58.36144,-34.62411],[-58.36144,-34.62411],[-58.36142,-34.62413],[-58.36142,-34.62413],[-58.36136,-34.62417],[-58.36136,-34.62417],[-58.36134,-34.62418],[-58.36134,-34.62418],[-58.36131,-34.6242],[-58.36131,-34.6242],[-58.36129,-34.62421],[-58.36129,-34.62422],[-58.36121,-34.62427],[-58.36121,-34.62427],[-58.36118,-34.62429],[-58.36118,-34.62429],[-58.3611,-34.62434],[-58.3611,-34.62434],[-58.36105,-34.62438],[-58.36105,-34.62438],[-58.36105,-34.62438],[-58.36104,-34.62438],[-58.36104,-34.62438],[-58.36104,-34.62438],[-58.36104,-34.62438],[-58.36103,-34.62439],[-58.36103,-34.62439],[-58.36102,-34.6244],[-58.36102,-34.6244],[-58.36102,-34.62441],[-58.36102,-34.62441],[-58.36102,-34.62442],[-58.36102,-34.62443],[-58.36102,-34.62443],[-58.36103,-34.62444],[-58.36103,-34.62444],[-58.36103,-34.62444],[-58.36103,-34.62445],[-58.36103,-34.62445],[-58.36105,-34.62446],[-58.36105,-34.62446],[-58.36106,-34.62447],[-58.36106,-34.62448],[-58.3611,-34.62451],[-58.3611,-34.62451],[-58.36111,-34.62453],[-58.36111,-34.62453],[-58.36113,-34.62455],[-58.36113,-34.62455],[-58.36114,-34.62456],[-58.36115,-34.62456],[-58.36119,-34.62461],[-58.36119,-34.62461],[-58.3612,-34.62462],[-58.3612,-34.62462],[-58.36121,-34.62463],[-58.36121,-34.62463],[-58.36122,-34.62464],[-58.36123,-34.62465],[-58.36126,-34.62468],[-58.36126,-34.62468],[-58.36127,-34.62469],[-58.36127,-34.62469],[-58.36127,-34.62469],[-58.36127,-34.62469],[-58.3612,-34.62473],[-58.36093,-34.6249],[-58.36077,-34.62501],[-58.36076,-34.62501],[-58.359,-34.62615],[-58.35746,-34.62714],[-58.35738,-34.62719],[-58.35585,-34.62819],[-58.35547,-34.62848],[-58.35513,-34.62878],[-58.35489,-34.62901],[-58.35469,-34.62923],[-58.35429,-34.62978],[-58.35427,-34.62981],[-58.35421,-34.6299],[-58.35419,-34.62993],[-58.35412,-34.63004],[-58.35407,-34.63012],[-58.35404,-34.63016],[-58.35398,-34.63028],[-58.35392,-34.6304],[-58.35384,-34.63059],[-58.35379,-34.63068],[-58.35375,-34.63078],[-58.35372,-34.63087],[-58.35371,-34.63088],[-58.35368,-34.63096],[-58.35365,-34.63106],[-58.35362,-34.63115],[-58.35347,-34.63158],[-58.35277,-34.63357],[-58.35303,-34.6344],[-58.3532,-34.63494],[-58.3532,-34.63495],[-58.35325,-34.63511],[-58.35329,-34.6352],[-58.35329,-34.6352],[-58.35332,-34.63526],[-58.35338,-34.63541],[-58.35339,-34.63542],[-58.35347,-34.63562],[-58.35348,-34.63564],[-58.35351,-34.63572],[-58.35354,-34.63575],[-58.35382,-34.63611],[-58.35391,-34.63623],[-58.35391,-34.63623],[-58.35401,-34.63635],[-58.35401,-34.63635],[-58.35407,-34.63643],[-58.35407,-34.63643],[-58.35414,-34.63652],[-58.35414,-34.63652],[-58.35487,-34.63691],[-58.35492,-34.63694],[-58.35525,-34.63711],[-58.35605,-34.63754],[-58.35605,-34.63754],[-58.3561,-34.63759],[-58.35613,-34.63763],[-58.35623,-34.63775],[-58.3565,-34.63805],[-58.35652,-34.63807],[-58.35659,-34.63815],[-58.35659,-34.63815],[-58.35659,-34.63815],[-58.35659,-34.63815],[-58.35663,-34.6382],[-58.35664,-34.6382],[-58.35666,-34.63823],[-58.35666,-34.63823],[-58.3567,-34.63827],[-58.3567,-34.63827],[-58.35673,-34.6383],[-58.35673,-34.6383],[-58.35673,-34.6383],[-58.35676,-34.63834],[-58.35676,-34.63834],[-58.35686,-34.63845],[-58.35686,-34.63845],[-58.35692,-34.63852],[-58.35696,-34.63856],[-58.35697,-34.63857],[-58.35697,-34.63857],[-58.35697,-34.63857],[-58.3576,-34.63895],[-58.35769,-34.639],[-58.35786,-34.63911],[-58.3579,-34.63913],[-58.35797,-34.63917],[-58.35797,-34.63917],[-58.35803,-34.63921],[-58.35803,-34.63921],[-58.35804,-34.63921],[-58.35805,-34.63921],[-58.35896,-34.6392],[-58.36018,-34.63919],[-58.3603,-34.63919],[-58.36032,-34.63919],[-58.36035,-34.63919],[-58.36036,-34.63919],[-58.36037,-34.63919],[-58.36037,-34.6392],[-58.36046,-34.63922],[-58.36047,-34.63922],[-58.36052,-34.63924],[-58.36055,-34.63924],[-58.36091,-34.63934],[-58.36094,-34.63935],[-58.36096,-34.63935],[-58.36113,-34.6394],[-58.36113,-34.6394],[-58.36136,-34.63975],[-58.36138,-34.63978],[-58.36139,-34.63979],[-58.36144,-34.63987],[-58.36143,-34.6399],[-58.36143,-34.6399],[-58.36143,-34.6399],[-58.36112,-34.64039],[-58.36111,-34.64041],[-58.36098,-34.64061],[-58.36098,-34.64062],[-58.36091,-34.64073],[-58.36091,-34.64073],[-58.3599,-34.64107],[-58.35986,-34.64109],[-58.35972,-34.64114],[-58.35971,-34.64114],[-58.35946,-34.64122],[-58.35946,-34.64122],[-58.35943,-34.64124],[-58.35942,-34.64124],[-58.35937,-34.64126],[-58.35937,-34.64126],[-58.35936,-34.64126],[-58.35936,-34.64126],[-58.35916,-34.64133],[-58.35915,-34.64133],[-58.35911,-34.64134],[-58.35911,-34.64134],[-58.35888,-34.64142],[-58.35887,-34.64143],[-58.35857,-34.64153],[-58.35855,-34.64154],[-58.35855,-34.64154],[-58.35854,-34.64154],[-58.35853,-34.64154],[-58.35852,-34.64155],[-58.35849,-34.64156],[-58.35833,-34.64169],[-58.35813,-34.64187],[-58.35787,-34.64252],[-58.35784,-34.64259],[-58.35777,-34.64275],[-58.35748,-34.64346],[-58.35747,-34.6435],[-58.35747,-34.64351],[-58.35745,-34.64358],[-58.35745,-34.64358],[-58.35744,-34.64362],[-58.35744,-34.64362],[-58.35742,-34.64369],[-58.35742,-34.64369],[-58.3574,-34.64375],[-58.3574,-34.64376],[-58.3574,-34.64377],[-58.35739,-34.64378],[-58.35739,-34.6438],[-58.35736,-34.6439],[-58.35736,-34.64391],[-58.35733,-34.64405],[-58.35733,-34.64407],[-58.35747,-34.64455],[-58.35749,-34.64461],[-58.35757,-34.64488],[-58.35759,-34.64495],[-58.3576,-34.64498],[-58.35761,-34.64498],[-58.35774,-34.64503],[-58.35782,-34.64506],[-58.3581,-34.64516],[-58.3581,-34.64516],[-58.3583,-34.64523],[-58.35875,-34.64538],[-58.35892,-34.64548],[-58.35914,-34.6456],[-58.35916,-34.64561],[-58.35982,-34.64597],[-58.35982,-34.64598],[-58.36025,-34.64634],[-58.36026,-34.64635],[-58.36089,-34.64687],[-58.361,-34.64698],[-58.36114,-34.64713],[-58.3614,-34.64741],[-58.36144,-34.64745],[-58.36145,-34.64746],[-58.36147,-34.64748],[-58.36151,-34.64752],[-58.36158,-34.64758],[-58.36167,-34.64768],[-58.36176,-34.64778],[-58.36181,-34.64783],[-58.36183,-34.64784],[-58.36239,-34.64814],[-58.3624,-34.64815],[-58.36308,-34.64816],[-58.36308,-34.64816],[-58.36391,-34.6481],[-58.36392,-34.6481],[-58.36393,-34.6481],[-58.36434,-34.64823],[-58.36434,-34.64823],[-58.36455,-34.64842],[-58.36464,-34.64849],[-58.3649,-34.64873],[-58.36495,-34.64877],[-58.36498,-34.64879],[-58.36498,-34.64879],[-58.365,-34.64881],[-58.36507,-34.64884],[-58.36509,-34.64886],[-58.36513,-34.64888],[-58.36615,-34.64939],[-58.36624,-34.64943],[-58.36698,-34.64979],[-58.36707,-34.64984],[-58.36762,-34.65013],[-58.36762,-34.65013],[-58.36765,-34.65014],[-58.36772,-34.65017],[-58.36864,-34.65067],[-58.36864,-34.65067],[-58.36902,-34.65092],[-58.36919,-34.65103],[-58.36966,-34.65134],[-58.36986,-34.65178],[-58.3699,-34.65185],[-58.37002,-34.65211],[-58.36998,-34.65222],[-58.36973,-34.65305],[-58.36968,-34.65324],[-58.36968,-34.65326],[-58.36979,-34.65358],[-58.37032,-34.65398],[-58.37083,-34.65422],[-58.37083,-34.65422],[-58.37124,-34.6544],[-58.3718,-34.65465],[-58.37242,-34.65501],[-58.37255,-34.65518],[-58.37284,-34.65537],[-58.37327,-34.65593],[-58.37327,-34.65594],[-58.37327,-34.65594],[-58.37328,-34.65594],[-58.37354,-34.65629],[-58.37363,-34.6564],[-58.37371,-34.65646],[-58.37406,-34.65672],[-58.37412,-34.65677],[-58.37453,-34.65684],[-58.37511,-34.65695],[-58.37622,-34.65683],[-58.37638,-34.65683],[-58.37662,-34.65695],[-58.37663,-34.65695],[-58.37671,-34.65694],[-58.37688,-34.65693],[-58.3769,-34.65691],[-58.37693,-34.6569],[-58.37697,-34.65689],[-58.377,-34.65689],[-58.37703,-34.65689],[-58.37733,-34.65692],[-58.37739,-34.65693],[-58.37741,-34.65694],[-58.37744,-34.65695],[-58.37748,-34.65697],[-58.37751,-34.65699],[-58.37753,-34.65702],[-58.37753,-34.65702],[-58.37764,-34.65713],[-58.37764,-34.65713],[-58.37776,-34.65715],[-58.37797,-34.6572],[-58.37822,-34.65726],[-58.37821,-34.65728],[-58.37835,-34.65731],[-58.37846,-34.6573],[-58.37847,-34.65731],[-58.37852,-34.65732],[-58.3786,-34.65736],[-58.37875,-34.65739],[-58.3789,-34.65741],[-58.37898,-34.65742],[-58.37899,-34.65742],[-58.37906,-34.65743],[-58.37916,-34.65744],[-58.37925,-34.65746],[-58.37964,-34.65748],[-58.37985,-34.65751],[-58.38004,-34.6575],[-58.38016,-34.65751],[-58.38016,-34.65751],[-58.38024,-34.6575],[-58.38031,-34.6575],[-58.38041,-34.6575],[-58.3805,-34.65748],[-58.38056,-34.65749],[-58.38079,-34.6575],[-58.38086,-34.6575],[-58.38122,-34.65753],[-58.38151,-34.65754],[-58.38152,-34.65754],[-58.38153,-34.65754],[-58.38162,-34.65751],[-58.38179,-34.65751],[-58.382,-34.65751],[-58.38205,-34.65749],[-58.38213,-34.65752],[-58.38237,-34.65753],[-58.38238,-34.65753],[-58.38242,-34.65756],[-58.38248,-34.65752],[-58.38254,-34.65751],[-58.38264,-34.65751],[-58.38268,-34.65753],[-58.38268,-34.65753],[-58.38269,-34.65753],[-58.38271,-34.65751],[-58.38282,-34.65751],[-58.38287,-34.65754],[-58.38295,-34.65758],[-58.38304,-34.65759],[-58.38309,-34.65759],[-58.38309,-34.65756],[-58.38327,-34.65754],[-58.38341,-34.65753],[-58.38347,-34.65753],[-58.38347,-34.65754],[-58.38355,-34.6576],[-58.38388,-34.6576],[-58.38413,-34.65761],[-58.38453,-34.6577],[-58.38481,-34.65777],[-58.38518,-34.65785],[-58.38527,-34.65789],[-58.38529,-34.6579],[-58.3854,-34.65795],[-58.38551,-34.658],[-58.38561,-34.65806],[-58.3857,-34.65813],[-58.38579,-34.6582],[-58.38579,-34.6582],[-58.386,-34.6584],[-58.386,-34.6584],[-58.38623,-34.65858],[-58.38623,-34.65858],[-58.38638,-34.65871],[-58.38638,-34.65871],[-58.38645,-34.65871],[-58.38645,-34.65871],[-58.38647,-34.65878],[-58.38651,-34.65885],[-58.38653,-34.65888],[-58.38653,-34.65888],[-58.3866,-34.65893],[-58.3866,-34.65893],[-58.3866,-34.65893],[-58.38668,-34.65906],[-58.38676,-34.65919],[-58.38691,-34.65941],[-58.38729,-34.65979],[-58.38729,-34.6598],[-58.38752,-34.65997],[-58.38756,-34.65998],[-58.38757,-34.65998],[-58.38759,-34.66002],[-58.38762,-34.66007],[-58.38772,-34.66016],[-58.38772,-34.66017],[-58.38784,-34.66022],[-58.38789,-34.66021],[-58.38797,-34.66023],[-58.38797,-34.66023],[-58.38799,-34.66028],[-58.38799,-34.66028],[-58.38802,-34.66033],[-58.38802,-34.66033],[-58.38807,-34.66035],[-58.3881,-34.66037],[-58.38814,-34.66039],[-58.38828,-34.66039],[-58.38828,-34.66039],[-58.38836,-34.66041],[-58.38836,-34.66041],[-58.38878,-34.66051],[-58.38887,-34.66053],[-58.38904,-34.66051],[-58.38905,-34.66051],[-58.38912,-34.6606],[-58.38912,-34.6606],[-58.38919,-34.66058],[-58.38919,-34.66058],[-58.38919,-34.66064],[-58.38919,-34.66064],[-58.38928,-34.66066],[-58.38937,-34.66064],[-58.38948,-34.66065],[-58.38973,-34.66073],[-58.39023,-34.66086],[-58.39033,-34.66092],[-58.39043,-34.661],[-58.39054,-34.66104],[-58.39063,-34.66107],[-58.39068,-34.66102],[-58.39073,-34.66102],[-58.39074,-34.66102],[-58.39076,-34.66103],[-58.39078,-34.66104],[-58.39078,-34.66104],[-58.39079,-34.66105],[-58.39079,-34.66106],[-58.3908,-34.66108],[-58.3908,-34.66109],[-58.3908,-34.66114],[-58.39083,-34.66118],[-58.39086,-34.66123],[-58.39089,-34.66127],[-58.39093,-34.66131],[-58.39093,-34.66131],[-58.39097,-34.66134],[-58.39097,-34.66134],[-58.39101,-34.66138],[-58.39107,-34.66146],[-58.39107,-34.66146],[-58.39114,-34.66151],[-58.39114,-34.66151],[-58.39123,-34.66158],[-58.39126,-34.66161],[-58.39126,-34.66161],[-58.3913,-34.66164],[-58.39134,-34.66168],[-58.39137,-34.66172],[-58.39141,-34.66176],[-58.39145,-34.6618],[-58.39145,-34.6618],[-58.3915,-34.66183],[-58.3915,-34.66184],[-58.39155,-34.66188],[-58.39155,-34.66188],[-58.39159,-34.66191],[-58.39168,-34.66195],[-58.39171,-34.66195],[-58.39181,-34.66198],[-58.3919,-34.66203],[-58.39197,-34.66202],[-58.39202,-34.66204],[-58.3922,-34.66212],[-58.39234,-34.66216],[-58.39247,-34.6622],[-58.39261,-34.66221],[-58.39272,-34.66223],[-58.39287,-34.66225],[-58.393,-34.66228],[-58.39318,-34.6623],[-58.39335,-34.6623],[-58.39354,-34.66228],[-58.39371,-34.66226],[-58.39387,-34.66223],[-58.39399,-34.66223],[-58.3941,-34.6622],[-58.39414,-34.6622],[-58.39423,-34.66221],[-58.39431,-34.66221],[-58.39435,-34.6622],[-58.39441,-34.66217],[-58.39482,-34.66212],[-58.3949,-34.66209],[-58.395,-34.66208],[-58.39505,-34.66206],[-58.39516,-34.66203],[-58.39524,-34.66199],[-58.3953,-34.66195],[-58.39535,-34.66193],[-58.39541,-34.66192],[-58.39544,-34.66191],[-58.39547,-34.66191],[-58.3955,-34.66189],[-58.39553,-34.66187],[-58.39558,-34.66186],[-58.39564,-34.66189],[-58.39577,-34.66188],[-58.39592,-34.66186],[-58.39598,-34.66185],[-58.39598,-34.66185],[-58.39602,-34.66189],[-58.39604,-34.66188],[-58.39605,-34.66189],[-58.39606,-34.6619],[-58.39607,-34.66193],[-58.39607,-34.66193],[-58.3961,-34.66193],[-58.39613,-34.66193],[-58.39615,-34.66191],[-58.39617,-34.66192],[-58.39618,-34.66192],[-58.3962,-34.66195],[-58.3962,-34.66195],[-58.39623,-34.66197],[-58.39625,-34.66197],[-58.39631,-34.66197],[-58.39631,-34.66197],[-58.39631,-34.662],[-58.39631,-34.662],[-58.39635,-34.66201],[-58.3964,-34.662],[-58.3964,-34.662],[-58.39642,-34.66203],[-58.39642,-34.66203],[-58.39655,-34.66202],[-58.39667,-34.66202],[-58.39678,-34.66203],[-58.3969,-34.66203],[-58.39702,-34.66202],[-58.39709,-34.66201],[-58.39713,-34.662],[-58.39721,-34.66199],[-58.39729,-34.66196],[-58.39736,-34.66193],[-58.39742,-34.6619],[-58.39743,-34.6619],[-58.39749,-34.66186],[-58.39755,-34.66181],[-58.3976,-34.66176],[-58.39764,-34.66171],[-58.39768,-34.66165],[-58.39771,-34.66159],[-58.39773,-34.66152],[-58.39775,-34.66146],[-58.39775,-34.66139],[-58.39777,-34.66135],[-58.3978,-34.66132],[-58.3978,-34.66131],[-58.39784,-34.66128],[-58.39787,-34.66126],[-58.39788,-34.66125],[-58.39793,-34.66123],[-58.39908,-34.66092],[-58.3992,-34.6609],[-58.39927,-34.66089],[-58.39931,-34.66089],[-58.39943,-34.66088],[-58.39955,-34.66088],[-58.39973,-34.6609],[-58.39976,-34.66091],[-58.39981,-34.66091],[-58.39983,-34.6609],[-58.39994,-34.66085],[-58.4,-34.66076],[-58.40005,-34.66074],[-58.4001,-34.66072],[-58.40042,-34.66065],[-58.40055,-34.66059],[-58.40062,-34.66056],[-58.40067,-34.66054],[-58.40073,-34.6605],[-58.40076,-34.66048],[-58.40079,-34.66045],[-58.40081,-34.66041],[-58.40089,-34.6603],[-58.40091,-34.66026],[-58.40094,-34.66021],[-58.40095,-34.66017],[-58.40095,-34.66013],[-58.40097,-34.66009],[-58.40097,-34.66008],[-58.40099,-34.66005],[-58.4011,-34.65995],[-58.40137,-34.65987],[-58.40144,-34.65984],[-58.40155,-34.65978],[-58.40178,-34.65966],[-58.40183,-34.65964],[-58.40183,-34.65964],[-58.40188,-34.65961],[-58.40217,-34.65954],[-58.40232,-34.65948],[-58.40241,-34.65946],[-58.40253,-34.65943],[-58.40265,-34.65942],[-58.40273,-34.65941],[-58.40284,-34.65941],[-58.403,-34.65937],[-58.40309,-34.65936],[-58.40308,-34.65935],[-58.40334,-34.65935],[-58.40381,-34.6594],[-58.40384,-34.65941],[-58.404,-34.65943],[-58.40417,-34.65945],[-58.40433,-34.65947],[-58.40452,-34.65951],[-58.40468,-34.65954],[-58.40485,-34.65957],[-58.40529,-34.65965],[-58.40532,-34.65966],[-58.40538,-34.65967],[-58.40543,-34.65968],[-58.40548,-34.6597],[-58.40556,-34.65971],[-58.40561,-34.65974],[-58.40565,-34.65977],[-58.40565,-34.65977],[-58.40569,-34.65981],[-58.40569,-34.65981],[-58.4058,-34.65985],[-58.40592,-34.65989],[-58.40604,-34.65992],[-58.40616,-34.65994],[-58.40626,-34.65997],[-58.40641,-34.66001],[-58.40653,-34.66002],[-58.40665,-34.66],[-58.40681,-34.65999],[-58.40695,-34.65999],[-58.40705,-34.66],[-58.40711,-34.66],[-58.40717,-34.65999],[-58.40723,-34.66],[-58.40729,-34.65999],[-58.40741,-34.65997],[-58.40744,-34.65994],[-58.40753,-34.6599],[-58.4076,-34.65986],[-58.40765,-34.65983],[-58.4077,-34.65982],[-58.40779,-34.65983],[-58.40787,-34.65983],[-58.40793,-34.65983],[-58.408,-34.65983],[-58.40812,-34.65985],[-58.40831,-34.65985],[-58.40837,-34.65983],[-58.40849,-34.65977],[-58.40859,-34.65975],[-58.40867,-34.65971],[-58.40879,-34.65966],[-58.40889,-34.65962],[-58.40897,-34.65961],[-58.40898,-34.65961],[-58.40911,-34.65954],[-58.40925,-34.65948],[-58.4094,-34.65939],[-58.40954,-34.65931],[-58.40963,-34.65926],[-58.40972,-34.6592],[-58.40986,-34.65907],[-58.40997,-34.65903],[-58.40999,-34.65901],[-58.41,-34.659],[-58.41003,-34.65899],[-58.41004,-34.65898],[-58.41008,-34.65894],[-58.41013,-34.65889],[-58.41022,-34.65889],[-58.41029,-34.6589],[-58.41033,-34.6589],[-58.4104,-34.65889],[-58.41046,-34.65888],[-58.41052,-34.65885],[-58.41058,-34.65883],[-58.41058,-34.65883],[-58.41063,-34.65879],[-58.41068,-34.65875],[-58.41076,-34.65872],[-58.41084,-34.65868],[-58.4109,-34.65866],[-58.411,-34.65863],[-58.41109,-34.6586],[-58.41119,-34.65857],[-58.41124,-34.6586],[-58.4113,-34.6586],[-58.41145,-34.65859],[-58.4116,-34.65857],[-58.41175,-34.65855],[-58.41186,-34.65852],[-58.41197,-34.65848],[-58.41202,-34.65846],[-58.41207,-34.65844],[-58.41214,-34.65842],[-58.41222,-34.6584],[-58.41229,-34.65839],[-58.41236,-34.65839],[-58.41241,-34.65838],[-58.41246,-34.65839],[-58.41272,-34.65839],[-58.41299,-34.6584],[-58.41325,-34.65842],[-58.41352,-34.65844],[-58.41378,-34.65848],[-58.41404,-34.65851],[-58.4143,-34.65856],[-58.41456,-34.65861],[-58.41493,-34.65874],[-58.41522,-34.65884],[-58.41558,-34.65894],[-58.41561,-34.65895],[-58.41578,-34.65899],[-58.41596,-34.65907],[-58.41619,-34.65913],[-58.4164,-34.65913],[-58.41663,-34.65925],[-58.41663,-34.65925],[-58.41689,-34.65938],[-58.41709,-34.65941],[-58.41732,-34.65945],[-58.41771,-34.6596],[-58.41777,-34.65956],[-58.41783,-34.65952],[-58.4179,-34.65951],[-58.4179,-34.65951],[-58.41796,-34.65956],[-58.418,-34.65965],[-58.418,-34.65965],[-58.4181,-34.65969],[-58.41868,-34.65986],[-58.41946,-34.66001],[-58.42003,-34.66017],[-58.42089,-34.66047],[-58.42109,-34.66057],[-58.42185,-34.66086],[-58.4225,-34.66117],[-58.42259,-34.66123],[-58.42329,-34.6616],[-58.4236,-34.66179],[-58.42365,-34.66182],[-58.42389,-34.66197],[-58.42389,-34.66197],[-58.42404,-34.66205],[-58.42412,-34.66195],[-58.42416,-34.66191],[-58.42419,-34.66186],[-58.4242,-34.66186],[-58.42422,-34.66183],[-58.42469,-34.66123],[-58.42494,-34.66092],[-58.42503,-34.66082],[-58.42531,-34.66047],[-58.42572,-34.65997],[-58.42636,-34.65919],[-58.42644,-34.65908],[-58.42675,-34.65868],[-58.42688,-34.65858],[-58.42714,-34.65839],[-58.42728,-34.65829],[-58.42777,-34.65795],[-58.42783,-34.6579],[-58.42797,-34.6578],[-58.42867,-34.6573],[-58.4288,-34.65721],[-58.42891,-34.65713],[-58.42949,-34.65671],[-58.42964,-34.65659],[-58.42984,-34.65644],[-58.4307,-34.65579],[-58.43081,-34.6557],[-58.43094,-34.65563],[-58.43129,-34.65543],[-58.43139,-34.65534],[-58.432,-34.6549],[-58.43212,-34.65481],[-58.43309,-34.6541],[-58.43444,-34.65312],[-58.4337,-34.65254],[-58.43368,-34.65252],[-58.43364,-34.65249],[-58.43334,-34.65225],[-58.433,-34.65198],[-58.43299,-34.65198],[-58.43274,-34.65178],[-58.43205,-34.65123],[-58.43203,-34.65121],[-58.43203,-34.65121],[-58.431,-34.65036],[-58.43099,-34.65035],[-58.43071,-34.65011],[-58.43066,-34.65007],[-58.43056,-34.64999],[-58.43055,-34.64998],[-58.43044,-34.64989],[-58.43044,-34.64989],[-58.43044,-34.64988],[-58.43043,-34.64988],[-58.43047,-34.64985],[-58.43049,-34.64983],[-58.4305,-34.64983],[-58.43051,-34.64982],[-58.43059,-34.64976],[-58.43077,-34.64963],[-58.43082,-34.64959],[-58.43084,-34.64958],[-58.4309,-34.64953],[-58.4309,-34.64953],[-58.43113,-34.64934],[-58.43115,-34.64933],[-58.43179,-34.64882],[-58.43196,-34.64868],[-58.43203,-34.64862],[-58.4321,-34.64857],[-58.43261,-34.64816],[-58.43284,-34.64798],[-58.43296,-34.64789],[-58.43297,-34.64788],[-58.43377,-34.64725],[-58.4345,-34.64668],[-58.4346,-34.64658],[-58.43493,-34.64624],[-58.43354,-34.64562],[-58.43348,-34.6456],[-58.43262,-34.64522],[-58.43211,-34.64517],[-58.43218,-34.64421],[-58.43222,-34.64361],[-58.43226,-34.64299],[-58.43231,-34.6423],[-58.43235,-34.64175],[-58.43212,-34.6417],[-58.43142,-34.64155],[-58.43116,-34.6415],[-58.431,-34.64146],[-58.43093,-34.64145],[-58.4309,-34.64144],[-58.43079,-34.64143],[-58.43013,-34.64131],[-58.42993,-34.64129],[-58.42984,-34.64127],[-58.42973,-34.64126],[-58.42953,-34.64122],[-58.42925,-34.64118],[-58.42857,-34.64106],[-58.42836,-34.64103],[-58.428,-34.64096],[-58.42768,-34.64091],[-58.42743,-34.64087],[-58.42677,-34.64076],[-58.42617,-34.64066],[-58.42585,-34.6406],[-58.42507,-34.64047],[-58.42497,-34.64045],[-58.42492,-34.64044],[-58.42349,-34.6402],[-58.42231,-34.63999],[-58.42092,-34.63975],[-58.42092,-34.63975],[-58.41995,-34.63957],[-58.41976,-34.63954],[-58.41954,-34.6395],[-58.4193,-34.63946],[-58.41918,-34.63944],[-58.41863,-34.63936],[-58.41852,-34.63935],[-58.41848,-34.63934],[-58.41846,-34.63934],[-58.41846,-34.63934],[-58.41845,-34.63934],[-58.41845,-34.63934],[-58.41726,-34.63914],[-58.41709,-34.63911],[-58.41614,-34.63895],[-58.41609,-34.63894],[-58.41592,-34.63891],[-58.41585,-34.6389],[-58.41456,-34.63867],[-58.4132,-34.63844],[-58.41207,-34.63824],[-58.41188,-34.6382],[-58.41163,-34.63816],[-58.41126,-34.6381],[-58.41101,-34.63729],[-58.41093,-34.63705],[-58.41071,-34.63634],[-58.41052,-34.63571],[-58.41049,-34.63524],[-58.41057,-34.6351],[-58.41088,-34.63451],[-58.41099,-34.63424],[-58.41148,-34.63297],[-58.41152,-34.63286],[-58.41152,-34.63286],[-58.41164,-34.6317],[-58.41165,-34.63154],[-58.41178,-34.63036],[-58.41178,-34.63036],[-58.41158,-34.63031],[-58.41098,-34.63016],[-58.41083,-34.63013],[-58.41052,-34.63005],[-58.41021,-34.62997],[-58.41005,-34.62994],[-58.41004,-34.62993],[-58.40987,-34.62989],[-58.4097,-34.62985],[-58.40959,-34.62982],[-58.40943,-34.62978],[-58.40837,-34.62952],[-58.40676,-34.62934],[-58.40673,-34.62933],[-58.40652,-34.62931],[-58.40651,-34.62931],[-58.40565,-34.62921],[-58.40546,-34.62919],[-58.40355,-34.62897],[-58.40239,-34.62884],[-58.40192,-34.62879],[-58.40167,-34.62876],[-58.40124,-34.62871],[-58.4011,-34.6287],[-58.40085,-34.62867],[-58.39991,-34.62857],[-58.39973,-34.62854],[-58.3986,-34.62841],[-58.39852,-34.6284],[-58.39844,-34.62838],[-58.39687,-34.6281],[-58.39681,-34.62809],[-58.39674,-34.62808],[-58.39549,-34.62786],[-58.39541,-34.62784],[-58.39535,-34.62783],[-58.39506,-34.62778],[-58.39447,-34.62768],[-58.3943,-34.62765],[-58.39321,-34.62745],[-58.3923,-34.62729],[-58.39216,-34.62727],[-58.39216,-34.62727],[-58.39162,-34.62726],[-58.39117,-34.62726],[-58.39117,-34.62726],[-58.39107,-34.6282],[-58.39093,-34.62933],[-58.39089,-34.62963],[-58.39079,-34.63052],[-58.39067,-34.63153],[-58.39056,-34.63242],[-58.39053,-34.63267],[-58.39036,-34.63413],[-58.38952,-34.63394],[-58.38877,-34.63376],[-58.38864,-34.63374],[-58.38864,-34.63373],[-58.38856,-34.63372],[-58.38854,-34.63371],[-58.38853,-34.63371],[-58.38847,-34.63369],[-58.38766,-34.63346],[-58.38763,-34.63346],[-58.38727,-34.63336],[-58.38652,-34.63315],[-58.38542,-34.63283],[-58.38536,-34.63281],[-58.38399,-34.6324],[-58.3834,-34.63222],[-58.38263,-34.63169],[-58.38174,-34.63114],[-58.38141,-34.6309],[-58.38134,-34.63085],[-58.38134,-34.63085],[-58.38134,-34.63085],[-58.38134,-34.6309],[-58.38131,-34.63158],[-58.38131,-34.63159],[-58.3813,-34.63187],[-58.38129,-34.63209],[-58.38129,-34.63236],[-58.38128,-34.6325],[-58.38127,-34.63274],[-58.38127,-34.63274],[-58.38126,-34.63305],[-58.38125,-34.63307],[-58.38125,-34.63307],[-58.38015,-34.63304],[-58.38015,-34.63304],[-58.38012,-34.63274],[-58.3801,-34.63264],[-58.37964,-34.63237],[-58.37958,-34.6323],[-58.37951,-34.63222],[-58.37953,-34.63217],[-58.37948,-34.63204],[-58.37912,-34.6314],[-58.37863,-34.63052],[-58.37863,-34.6305],[-58.37863,-34.6305],[-58.37863,-34.63048],[-58.37863,-34.63048],[-58.37897,-34.62956],[-58.37905,-34.62934],[-58.37872,-34.62913],[-58.37857,-34.62903],[-58.37794,-34.62861],[-58.37772,-34.62848],[-58.37661,-34.62787],[-58.37558,-34.62731],[-58.37457,-34.6268],[-58.37457,-34.6268],[-58.37387,-34.62679],[-58.37387,-34.62679],[-58.37366,-34.62678],[-58.37366,-34.62678],[-58.37364,-34.62678],[-58.37364,-34.62678],[-58.37279,-34.62676],[-58.37279,-34.62676],[-58.37255,-34.62674],[-58.37255,-34.62674],[-58.37173,-34.6267],[-58.37173,-34.6267],[-58.37113,-34.62666],[-58.37113,-34.62666],[-58.37097,-34.62665],[-58.37097,-34.62665],[-58.37097,-34.62666],[-58.37095,-34.62683],[-58.37092,-34.62709],[-58.3708,-34.62812],[-58.37071,-34.62883],[-58.37072,-34.629],[-58.37072,-34.62903],[-58.3707,-34.62919],[-58.37066,-34.6295],[-58.37066,-34.6295],[-58.37046,-34.6293],[-58.36964,-34.6285],[-58.36945,-34.62833],[-58.3681,-34.62719],[-58.36795,-34.62715],[-58.36798,-34.62711],[-58.36798,-34.62709],[-58.36798,-34.627],[-58.36797,-34.62548],[-58.36798,-34.6252],[-58.36649,-34.6252],[-58.36649,-34.6252],[-58.36346,-34.62513],[-58.36346,-34.62513],[-58.36326,-34.62514],[-58.3632,-34.62514],[-58.36308,-34.62501],[-58.36294,-34.62486],[-58.36284,-34.62476],[-58.36266,-34.62457],[-58.36261,-34.62452],[-58.3625,-34.6244],[-58.36242,-34.62433],[-58.36234,-34.62423],[-58.36202,-34.6239],[-58.362,-34.62388],[-58.36201,-34.62387],[-58.36197,-34.62383],[-58.36193,-34.62379],[-58.36193,-34.62379],[-58.36193,-34.62379],[-58.36188,-34.62373],[-58.36179,-34.62365],[-58.36178,-34.62364],[-58.36167,-34.62351],[-58.36166,-34.62352],[-58.36163,-34.62349],[-58.36158,-34.62344],[-58.36156,-34.62342],[-58.36144,-34.62329],[-58.36127,-34.62312],[-58.36088,-34.62271],[-58.36017,-34.62196],[-58.35946,-34.62122],[-58.35827,-34.61998],[-58.3574,-34.61906],[-58.35604,-34.61764],[-58.35602,-34.61762],[-58.35602,-34.61761],[-58.356,-34.61764],[-58.35589,-34.61792],[-58.35586,-34.61801],[-58.35581,-34.61812],[-58.3555,-34.61882],[-58.35543,-34.61896],[-58.3554,-34.61903],[-58.35521,-34.61944]]]}},{"type":"Feature","properties":{"comuna":5},"geometry":{"type":"Polygon","coordinates":[[[-58.41287,-34.61412],[-58.41282,-34.61545],[-58.41276,-34.61663],[-58.41269,-34.61807],[-58.41269,-34.61828],[-58.41265,-34.6194],[-58.41264,-34.61959],[-58.41255,-34.62065],[-58.41244,-34.62189],[-58.41236,-34.62187],[-58.41205,-34.62298],[-58.41234,-34.62304],[-58.41222,-34.624],[-58.41213,-34.62478],[-58.4121,-34.62497],[-58.41207,-34.62514],[-58.41199,-34.62651],[-58.41198,-34.62685],[-58.41197,-34.62702],[-58.41193,-34.62759],[-58.41188,-34.62863],[-58.41185,-34.62921],[-58.41178,-34.63036],[-58.41178,-34.63036],[-58.41165,-34.63154],[-58.41164,-34.6317],[-58.41152,-34.63286],[-58.41152,-34.63286],[-58.41148,-34.63297],[-58.41099,-34.63424],[-58.41088,-34.63451],[-58.41057,-34.6351],[-58.41049,-34.63524],[-58.41052,-34.63571],[-58.41071,-34.63634],[-58.41093,-34.63705],[-58.41101,-34.63729],[-58.41126,-34.6381],[-58.41163,-34.63816],[-58.41188,-34.6382],[-58.41207,-34.63824],[-58.4132,-34.63844],[-58.41456,-34.63867],[-58.41585,-34.6389],[-58.41592,-34.63891],[-58.41609,-34.63894],[-58.41614,-34.63895],[-58.41709,-34.63911],[-58.41726,-34.63914],[-58.41845,-34.63934],[-58.41845,-34.63934],[-58.41846,-34.63934],[-58.41846,-34.63934],[-58.41848,-34.63934],[-58.41852,-34.63935],[-58.41863,-34.63936],[-58.41918,-34.63944],[-58.4193,-34.63946],[-58.41954,-34.6395],[-58.41976,-34.63954],[-58.41995,-34.63957],[-58.42092,-34.63975],[-58.42092,-34.63975],[-58.42231,-34.63999],[-58.42349,-34.6402],[-58.42376,-34.63917],[-58.42405,-34.63808],[-58.42428,-34.63717],[-58.42432,-34.63704],[-58.42439,-34.63678],[-58.42452,-34.63625],[-58.42453,-34.63623],[-58.42468,-34.63566],[-58.42486,-34.63488],[-58.42519,-34.63371],[-58.42523,-34.63355],[-58.42546,-34.63265],[-58.42553,-34.63237],[-58.42569,-34.63175],[-58.42576,-34.63149],[-58.42581,-34.63129],[-58.42585,-34.63107],[-58.42586,-34.63105],[-58.42594,-34.6307],[-58.42598,-34.63046],[-58.42602,-34.63027],[-58.42622,-34.6294],[-58.42625,-34.62923],[-58.42632,-34.62894],[-58.42636,-34.62878],[-58.42646,-34.62832],[-58.4265,-34.62812],[-58.42676,-34.627],[-58.42682,-34.62672],[-58.42697,-34.62605],[-58.42701,-34.62587],[-58.42704,-34.62574],[-58.42718,-34.62514],[-58.42724,-34.62486],[-58.42746,-34.62376],[-58.42749,-34.62361],[-58.4278,-34.62208],[-58.42785,-34.62184],[-58.42794,-34.62134],[-58.42807,-34.62069],[-58.42828,-34.61963],[-58.42829,-34.61959],[-58.42832,-34.61943],[-58.42855,-34.6183],[-58.42859,-34.61812],[-58.42859,-34.61812],[-58.4288,-34.61719],[-58.42922,-34.61526],[-58.42926,-34.61511],[-58.43003,-34.61545],[-58.43009,-34.61402],[-58.43013,-34.61333],[-58.43024,-34.6119],[-58.43026,-34.61176],[-58.43032,-34.61113],[-58.43033,-34.61092],[-58.43037,-34.61018],[-58.43042,-34.60947],[-58.43048,-34.60873],[-58.43052,-34.60852],[-58.43055,-34.60792],[-58.43056,-34.60776],[-58.43061,-34.60705],[-58.43067,-34.60595],[-58.43153,-34.60495],[-58.43233,-34.60393],[-58.43334,-34.60268],[-58.43314,-34.60258],[-58.43224,-34.60214],[-58.4322,-34.60208],[-58.43188,-34.6017],[-58.43116,-34.60089],[-58.43104,-34.60075],[-58.43028,-34.59989],[-58.43019,-34.59981],[-58.43015,-34.59978],[-58.42965,-34.59933],[-58.42943,-34.59913],[-58.42922,-34.599],[-58.42916,-34.59896],[-58.42855,-34.59868],[-58.42854,-34.59867],[-58.42799,-34.59843],[-58.42786,-34.59837],[-58.42778,-34.59833],[-58.42679,-34.59795],[-58.42657,-34.59792],[-58.42644,-34.5979],[-58.42631,-34.59789],[-58.42496,-34.59786],[-58.42376,-34.59783],[-58.42337,-34.59775],[-58.42284,-34.59772],[-58.42284,-34.59772],[-58.42275,-34.59772],[-58.42178,-34.59774],[-58.42064,-34.59776],[-58.42044,-34.59776],[-58.42017,-34.59777],[-58.41912,-34.59779],[-58.41894,-34.59779],[-58.41885,-34.5978],[-58.41747,-34.59783],[-58.41741,-34.59783],[-58.4174,-34.59783],[-58.41727,-34.59783],[-58.41727,-34.59783],[-58.41727,-34.59783],[-58.41724,-34.59783],[-58.41616,-34.59786],[-58.41616,-34.59786],[-58.416,-34.59786],[-58.416,-34.59786],[-58.4157,-34.59786],[-58.41569,-34.59786],[-58.41567,-34.59786],[-58.41567,-34.59786],[-58.41463,-34.5979],[-58.41396,-34.59793],[-58.41392,-34.59793],[-58.41326,-34.59795],[-58.41299,-34.59796],[-58.41209,-34.598],[-58.41205,-34.598],[-58.41199,-34.598],[-58.41192,-34.59801],[-58.41213,-34.5993],[-58.41226,-34.60012],[-58.41228,-34.60025],[-58.4123,-34.60036],[-58.4126,-34.60161],[-58.41281,-34.60252],[-58.41298,-34.60324],[-58.41319,-34.60414],[-58.41323,-34.60431],[-58.41323,-34.60434],[-58.41342,-34.60512],[-58.41365,-34.60612],[-58.41391,-34.60725],[-58.41394,-34.60735],[-58.4141,-34.60791],[-58.41466,-34.60819],[-58.41463,-34.60885],[-58.41459,-34.60938],[-58.41447,-34.61074],[-58.41402,-34.61156],[-58.41356,-34.61237],[-58.41344,-34.61262],[-58.41332,-34.61286],[-58.41312,-34.61342],[-58.41287,-34.61412]]]}},{"type":"Feature","properties":{"comuna":6},"geometry":{"type":"Polygon","coordinates":[[[-58.43061,-34.60705],[-58.43056,-34.60776],[-58.43055,-34.60792],[-58.43052,-34.60852],[-58.43048,-34.60873],[-58.43042,-34.60947],[-58.43037,-34.61018],[-58.43033,-34.61092],[-58.43032,-34.61113],[-58.43026,-34.61176],[-58.43024,-34.6119],[-58.43013,-34.61333],[-58.43009,-34.61402],[-58.43003,-34.61545],[-58.42926,-34.61511],[-58.42922,-34.61526],[-58.4288,-34.61719],[-58.42859,-34.61812],[-58.42859,-34.61812],[-58.42855,-34.6183],[-58.42832,-34.61943],[-58.42829,-34.61959],[-58.42828,-34.61963],[-58.42807,-34.62069],[-58.42794,-34.62134],[-58.42785,-34.62184],[-58.4278,-34.62208],[-58.42749,-34.62361],[-58.42746,-34.62376],[-58.42724,-34.62486],[-58.42718,-34.62514],[-58.42704,-34.62574],[-58.42701,-34.62587],[-58.42697,-34.62605],[-58.42682,-34.62672],[-58.42676,-34.627],[-58.42708,-34.62705],[-58.42751,-34.62711],[-58.42816,-34.6272],[-58.42837,-34.62723],[-58.42964,-34.62742],[-58.43094,-34.62761],[-58.43234,-34.62781],[-58.43255,-34.62784],[-58.43382,-34.62802],[-58.43477,-34.62816],[-58.43565,-34.62829],[-58.43717,-34.62851],[-58.4386,-34.62872],[-58.43953,-34.62886],[-58.44176,-34.62919],[-58.44293,-34.62936],[-58.44448,-34.62959],[-58.44606,-34.62982],[-58.44643,-34.62988],[-58.44752,-34.63004],[-58.44822,-34.63015],[-58.44844,-34.63018],[-58.44906,-34.63027],[-58.44936,-34.63032],[-58.4505,-34.63049],[-58.45158,-34.63064],[-58.452,-34.62975],[-58.4521,-34.62952],[-58.45257,-34.62855],[-58.45267,-34.62834],[-58.45267,-34.62833],[-58.45267,-34.62833],[-58.45287,-34.62793],[-58.45344,-34.62679],[-58.45394,-34.62577],[-58.45402,-34.62565],[-58.45403,-34.62564],[-58.45458,-34.62448],[-58.45478,-34.62405],[-58.45505,-34.62346],[-58.45556,-34.62234],[-58.45608,-34.62121],[-58.45662,-34.62001],[-58.45723,-34.6187],[-58.4573,-34.61854],[-58.45777,-34.61751],[-58.4582,-34.61657],[-58.4585,-34.61591],[-58.45903,-34.61474],[-58.45945,-34.61389],[-58.45955,-34.61375],[-58.46004,-34.61276],[-58.46049,-34.61186],[-58.46055,-34.61173],[-58.46108,-34.61067],[-58.46164,-34.60953],[-58.46219,-34.60841],[-58.46271,-34.60738],[-58.46251,-34.60725],[-58.46215,-34.607],[-58.46162,-34.60665],[-58.46154,-34.60659],[-58.46051,-34.60589],[-58.45966,-34.60531],[-58.45951,-34.60521],[-58.45878,-34.60472],[-58.45848,-34.6045],[-58.45808,-34.6046],[-58.45657,-34.60499],[-58.45581,-34.60519],[-58.45553,-34.60526],[-58.45498,-34.6054],[-58.454,-34.60566],[-58.45307,-34.6059],[-58.45296,-34.60593],[-58.45243,-34.60607],[-58.45202,-34.60617],[-58.45151,-34.6063],[-58.45105,-34.60642],[-58.45102,-34.60643],[-58.45099,-34.60644],[-58.45074,-34.6065],[-58.45066,-34.60652],[-58.45024,-34.60663],[-58.44929,-34.60686],[-58.44906,-34.60692],[-58.44704,-34.60742],[-58.44625,-34.60762],[-58.44568,-34.60736],[-58.44513,-34.60718],[-58.44417,-34.60693],[-58.44298,-34.60662],[-58.44283,-34.60658],[-58.4416,-34.60624],[-58.44147,-34.60621],[-58.44034,-34.6059],[-58.44014,-34.60585],[-58.43929,-34.60561],[-58.4392,-34.60559],[-58.43851,-34.60524],[-58.43798,-34.60496],[-58.43719,-34.60457],[-58.43718,-34.60456],[-58.43706,-34.6045],[-58.43706,-34.6045],[-58.43705,-34.6045],[-58.43703,-34.60448],[-58.43685,-34.6044],[-58.43662,-34.60429],[-58.43534,-34.60368],[-58.43515,-34.60358],[-58.43497,-34.60349],[-58.43392,-34.60296],[-58.43387,-34.60294],[-58.43334,-34.60268],[-58.43233,-34.60393],[-58.43153,-34.60495],[-58.43067,-34.60595],[-58.43061,-34.60705]]]}},{"type":"Feature","properties":{"comuna":7},"geometry":{"type":"Polygon","coordinates":[[[-58.452,-34.62975],[-58.45158,-34.63064],[-58.4505,-34.63049],[-58.44936,-34.63032],[-58.44906,-34.63027],[-58.44844,-34.63018],[-58.44822,-34.63015],[-58.44752,-34.63004],[-58.44643,-34.62988],[-58.44606,-34.62982],[-58.44448,-34.62959],[-58.44293,-34.62936],[-58.44176,-34.62919],[-58.43953,-34.62886],[-58.4386,-34.62872],[-58.43717,-34.62851],[-58.43565,-34.62829],[-58.43477,-34.62816],[-58.43382,-34.62802],[-58.43255,-34.62784],[-58.43234,-34.62781],[-58.43094,-34.62761],[-58.42964,-34.62742],[-58.42837,-34.62723],[-58.42816,-34.6272],[-58.42751,-34.62711],[-58.42708,-34.62705],[-58.42676,-34.627],[-58.4265,-34.62812],[-58.42646,-34.62832],[-58.42636,-34.62878],[-58.42632,-34.62894],[-58.42625,-34.62923],[-58.42622,-34.6294],[-58.42602,-34.63027],[-58.42598,-34.63046],[-58.42594,-34.6307],[-58.42586,-34.63105],[-58.42585,-34.63107],[-58.42581,-34.63129],[-58.42576,-34.63149],[-58.42569,-34.63175],[-58.42553,-34.63237],[-58.42546,-34.63265],[-58.42523,-34.63355],[-58.42519,-34.63371],[-58.42486,-34.63488],[-58.42468,-34.63566],[-58.42453,-34.63623],[-58.42452,-34.63625],[-58.42439,-34.63678],[-58.42432,-34.63704],[-58.42428,-34.63717],[-58.42405,-34.63808],[-58.42376,-34.63917],[-58.42349,-34.6402],[-58.42492,-34.64044],[-58.42497,-34.64045],[-58.42507,-34.64047],[-58.42585,-34.6406],[-58.42617,-34.64066],[-58.42677,-34.64076],[-58.42743,-34.64087],[-58.42768,-34.64091],[-58.428,-34.64096],[-58.42836,-34.64103],[-58.42857,-34.64106],[-58.42925,-34.64118],[-58.42953,-34.64122],[-58.42973,-34.64126],[-58.42984,-34.64127],[-58.42993,-34.64129],[-58.43013,-34.64131],[-58.43079,-34.64143],[-58.4309,-34.64144],[-58.43093,-34.64145],[-58.431,-34.64146],[-58.43116,-34.6415],[-58.43142,-34.64155],[-58.43212,-34.6417],[-58.43235,-34.64175],[-58.43231,-34.6423],[-58.43226,-34.64299],[-58.43222,-34.64361],[-58.43218,-34.64421],[-58.43211,-34.64517],[-58.43262,-34.64522],[-58.43348,-34.6456],[-58.43354,-34.64562],[-58.43493,-34.64624],[-58.4346,-34.64658],[-58.4345,-34.64668],[-58.43377,-34.64725],[-58.43297,-34.64788],[-58.43296,-34.64789],[-58.43284,-34.64798],[-58.43261,-34.64816],[-58.4321,-34.64857],[-58.43203,-34.64862],[-58.43196,-34.64868],[-58.43179,-34.64882],[-58.43115,-34.64933],[-58.43113,-34.64934],[-58.4309,-34.64953],[-58.4309,-34.64953],[-58.43084,-34.64958],[-58.43082,-34.64959],[-58.43077,-34.64963],[-58.43059,-34.64976],[-58.43051,-34.64982],[-58.4305,-34.64983],[-58.43049,-34.64983],[-58.43047,-34.64985],[-58.43043,-34.64988],[-58.43044,-34.64988],[-58.43044,-34.64989],[-58.43044,-34.64989],[-58.43055,-34.64998],[-58.43056,-34.64999],[-58.43066,-34.65007],[-58.43071,-34.65011],[-58.43099,-34.65035],[-58.431,-34.65036],[-58.43203,-34.65121],[-58.43203,-34.65121],[-58.43205,-34.65123],[-58.43274,-34.65178],[-58.43299,-34.65198],[-58.433,-34.65198],[-58.43334,-34.65225],[-58.43364,-34.65249],[-58.43368,-34.65252],[-58.4337,-34.65254],[-58.43444,-34.65312],[-58.43506,-34.65361],[-58.43602,-34.65437],[-58.4371,-34.65511],[-58.43731,-34.65527],[-58.43759,-34.65548],[-58.43773,-34.6556],[-58.43801,-34.65581],[-58.43809,-34.65575],[-58.43842,-34.6555],[-58.43885,-34.65511],[-58.43949,-34.65461],[-58.44041,-34.65389],[-58.44056,-34.65378],[-58.44154,-34.65301],[-58.44163,-34.65294],[-58.44265,-34.65214],[-58.44275,-34.65207],[-58.44279,-34.65204],[-58.44279,-34.65203],[-58.44282,-34.65201],[-58.4429,-34.65194],[-58.44291,-34.65194],[-58.44291,-34.65194],[-58.44295,-34.6519],[-58.44301,-34.65185],[-58.44306,-34.65179],[-58.44311,-34.65173],[-58.44316,-34.65166],[-58.44321,-34.65158],[-58.44325,-34.6515],[-58.44325,-34.65147],[-58.44327,-34.65144],[-58.4433,-34.65135],[-58.44333,-34.65119],[-58.44352,-34.65117],[-58.44441,-34.65107],[-58.44462,-34.65095],[-58.44495,-34.65101],[-58.44767,-34.65113],[-58.44883,-34.65118],[-58.44913,-34.65117],[-58.45104,-34.65111],[-58.45104,-34.65111],[-58.45154,-34.6511],[-58.45197,-34.65108],[-58.45198,-34.65108],[-58.45286,-34.651],[-58.45334,-34.65095],[-58.45382,-34.65091],[-58.45464,-34.65083],[-58.4547,-34.65116],[-58.45473,-34.65133],[-58.45475,-34.65143],[-58.45477,-34.6515],[-58.4548,-34.65178],[-58.45482,-34.65184],[-58.45486,-34.65199],[-58.45493,-34.65213],[-58.45494,-34.65217],[-58.45501,-34.65224],[-58.45506,-34.6523],[-58.45525,-34.65247],[-58.45525,-34.65247],[-58.4553,-34.65251],[-58.45533,-34.65254],[-58.45533,-34.65254],[-58.45533,-34.65254],[-58.45548,-34.65266],[-58.45555,-34.65272],[-58.457,-34.65394],[-58.45711,-34.65405],[-58.45762,-34.65449],[-58.45802,-34.65484],[-58.45834,-34.65511],[-58.45834,-34.65511],[-58.45859,-34.65531],[-58.45893,-34.65559],[-58.4592,-34.65577],[-58.45925,-34.65582],[-58.45967,-34.65619],[-58.4603,-34.65671],[-58.46035,-34.65675],[-58.46037,-34.65678],[-58.4604,-34.65681],[-58.4604,-34.65681],[-58.46041,-34.6568],[-58.46091,-34.65644],[-58.46111,-34.65629],[-58.46131,-34.65613],[-58.46148,-34.65599],[-58.46149,-34.65597],[-58.46163,-34.65582],[-58.46203,-34.65548],[-58.4622,-34.65534],[-58.46251,-34.65508],[-58.46253,-34.65506],[-58.46257,-34.65503],[-58.46287,-34.6548],[-58.46353,-34.65428],[-58.46368,-34.65418],[-58.46377,-34.6541],[-58.46394,-34.65396],[-58.46459,-34.65354],[-58.46502,-34.65322],[-58.46543,-34.6529],[-58.46569,-34.65268],[-58.46584,-34.65255],[-58.46638,-34.65208],[-58.46645,-34.65201],[-58.46652,-34.65195],[-58.46663,-34.65179],[-58.46698,-34.65152],[-58.46701,-34.65149],[-58.46703,-34.65147],[-58.46682,-34.65119],[-58.4663,-34.65053],[-58.46596,-34.65012],[-58.4658,-34.64991],[-58.46571,-34.6498],[-58.46562,-34.64969],[-58.46528,-34.64927],[-58.46441,-34.64816],[-58.46441,-34.64815],[-58.46389,-34.64756],[-58.46336,-34.64683],[-58.463,-34.64617],[-58.46306,-34.64614],[-58.46317,-34.64607],[-58.46342,-34.64592],[-58.46412,-34.64539],[-58.4647,-34.64495],[-58.46487,-34.64485],[-58.46509,-34.64472],[-58.46543,-34.64444],[-58.4656,-34.64431],[-58.46671,-34.64343],[-58.46685,-34.64332],[-58.46799,-34.64242],[-58.46924,-34.6414],[-58.46929,-34.64128],[-58.46991,-34.63988],[-58.46997,-34.63972],[-58.47001,-34.63963],[-58.47038,-34.63879],[-58.47044,-34.63864],[-58.47081,-34.63779],[-58.47122,-34.63684],[-58.4713,-34.63666],[-58.47176,-34.63565],[-58.47228,-34.63448],[-58.47288,-34.63316],[-58.47348,-34.6318],[-58.4741,-34.63044],[-58.47416,-34.63032],[-58.47416,-34.63031],[-58.47425,-34.63012],[-58.47455,-34.62946],[-58.47499,-34.62851],[-58.47547,-34.62746],[-58.47604,-34.62622],[-58.47649,-34.62523],[-58.47695,-34.62422],[-58.47702,-34.62408],[-58.47742,-34.62323],[-58.47781,-34.62239],[-58.47674,-34.62184],[-58.47603,-34.62146],[-58.47575,-34.62132],[-58.4755,-34.62118],[-58.47451,-34.62067],[-58.47419,-34.6205],[-58.47294,-34.61985],[-58.47279,-34.61978],[-58.47264,-34.6197],[-58.47162,-34.61916],[-58.4714,-34.61904],[-58.47039,-34.6185],[-58.46963,-34.61809],[-58.46937,-34.61795],[-58.46934,-34.61793],[-58.46934,-34.61793],[-58.46909,-34.6178],[-58.4688,-34.61765],[-58.46864,-34.61757],[-58.46796,-34.61727],[-58.46676,-34.61676],[-58.46665,-34.61671],[-58.46568,-34.61629],[-58.46554,-34.61623],[-58.46461,-34.61582],[-58.46454,-34.61579],[-58.46454,-34.61579],[-58.46447,-34.61577],[-58.46437,-34.61573],[-58.46414,-34.61565],[-58.46321,-34.6153],[-58.46303,-34.61524],[-58.46187,-34.6148],[-58.46067,-34.61435],[-58.4604,-34.61425],[-58.46013,-34.61415],[-58.45945,-34.61389],[-58.45903,-34.61474],[-58.4585,-34.61591],[-58.4582,-34.61657],[-58.45777,-34.61751],[-58.4573,-34.61854],[-58.45723,-34.6187],[-58.45662,-34.62001],[-58.45608,-34.62121],[-58.45556,-34.62234],[-58.45505,-34.62346],[-58.45478,-34.62405],[-58.45458,-34.62448],[-58.45403,-34.62564],[-58.45402,-34.62565],[-58.45394,-34.62577],[-58.45344,-34.62679],[-58.45287,-34.62793],[-58.45267,-34.62833],[-58.45267,-34.62833],[-58.45267,-34.62834],[-58.45257,-34.62855],[-58.4521,-34.62952],[-58.452,-34.62975]]]}},{"type":"Feature","properties":{"comuna":8},"geometry":{"type":"Polygon","coordinates":[[[-58.44913,-34.65117],[-58.44883,-34.65118],[-58.44767,-34.65113],[-58.44495,-34.65101],[-58.44462,-34.65095],[-58.44441,-34.65107],[-58.44352,-34.65117],[-58.44333,-34.65119],[-58.4433,-34.65135],[-58.44327,-34.65144],[-58.44325,-34.65147],[-58.44325,-34.6515],[-58.44321,-34.65158],[-58.44316,-34.65166],[-58.44311,-34.65173],[-58.44306,-34.65179],[-58.44301,-34.65185],[-58.44295,-34.6519],[-58.44291,-34.65194],[-58.44291,-34.65194],[-58.4429,-34.65194],[-58.44282,-34.65201],[-58.44279,-34.65203],[-58.44279,-34.65204],[-58.44275,-34.65207],[-58.44265,-34.65214],[-58.44163,-34.65294],[-58.44154,-34.65301],[-58.44056,-34.65378],[-58.44041,-34.65389],[-58.43949,-34.65461],[-58.43885,-34.65511],[-58.43842,-34.6555],[-58.43809,-34.65575],[-58.43801,-34.65581],[-58.43773,-34.6556],[-58.43759,-34.65548],[-58.43731,-34.65527],[-58.4371,-34.65511],[-58.43602,-34.65437],[-58.43506,-34.65361],[-58.43444,-34.65312],[-58.43309,-34.6541],[-58.43212,-34.65481],[-58.432,-34.6549],[-58.43139,-34.65534],[-58.43129,-34.65543],[-58.43094,-34.65563],[-58.43081,-34.6557],[-58.4307,-34.65579],[-58.42984,-34.65644],[-58.42964,-34.65659],[-58.42949,-34.65671],[-58.42891,-34.65713],[-58.4288,-34.65721],[-58.42867,-34.6573],[-58.42797,-34.6578],[-58.42783,-34.6579],[-58.42777,-34.65795],[-58.42728,-34.65829],[-58.42714,-34.65839],[-58.42688,-34.65858],[-58.42675,-34.65868],[-58.42644,-34.65908],[-58.42636,-34.65919],[-58.42572,-34.65997],[-58.42531,-34.66047],[-58.42503,-34.66082],[-58.42494,-34.66092],[-58.42469,-34.66123],[-58.42422,-34.66183],[-58.4242,-34.66186],[-58.42419,-34.66186],[-58.42416,-34.66191],[-58.42412,-34.66195],[-58.42404,-34.66205],[-58.42409,-34.66208],[-58.42413,-34.6621],[-58.42417,-34.66213],[-58.42417,-34.66213],[-58.42421,-34.66216],[-58.42422,-34.66217],[-58.42424,-34.66221],[-58.42426,-34.66224],[-58.42429,-34.66226],[-58.4243,-34.66228],[-58.42434,-34.66232],[-58.42439,-34.66236],[-58.42439,-34.66236],[-58.42443,-34.66239],[-58.42451,-34.66244],[-58.42454,-34.66246],[-58.42461,-34.6625],[-58.4248,-34.66262],[-58.42483,-34.66264],[-58.42486,-34.66266],[-58.42495,-34.66271],[-58.425,-34.66273],[-58.42504,-34.66275],[-58.42509,-34.66278],[-58.4251,-34.66278],[-58.42515,-34.66281],[-58.42521,-34.66285],[-58.42541,-34.663],[-58.42577,-34.66328],[-58.42577,-34.66328],[-58.42582,-34.66337],[-58.42607,-34.66361],[-58.42621,-34.66374],[-58.42621,-34.66374],[-58.42634,-34.66381],[-58.42634,-34.66381],[-58.42661,-34.66411],[-58.42661,-34.66411],[-58.42673,-34.66416],[-58.42673,-34.66416],[-58.42685,-34.66432],[-58.42695,-34.6644],[-58.4274,-34.66488],[-58.4276,-34.66516],[-58.42786,-34.66547],[-58.42804,-34.66573],[-58.42818,-34.6659],[-58.42818,-34.6659],[-58.4282,-34.66591],[-58.42823,-34.66593],[-58.42832,-34.66601],[-58.42837,-34.66606],[-58.4284,-34.66609],[-58.4285,-34.66619],[-58.42852,-34.66622],[-58.42855,-34.66626],[-58.42857,-34.66629],[-58.42858,-34.66631],[-58.42861,-34.66634],[-58.42867,-34.66642],[-58.42871,-34.66648],[-58.42878,-34.66656],[-58.42899,-34.66684],[-58.42913,-34.66704],[-58.42913,-34.66704],[-58.42936,-34.66728],[-58.43009,-34.66805],[-58.4301,-34.66806],[-58.43012,-34.66808],[-58.43067,-34.66875],[-58.43135,-34.6696],[-58.43144,-34.6697],[-58.4323,-34.67068],[-58.43247,-34.67084],[-58.43263,-34.67105],[-58.43263,-34.67105],[-58.43267,-34.67109],[-58.43268,-34.67111],[-58.4329,-34.67138],[-58.43309,-34.67161],[-58.43313,-34.67165],[-58.43322,-34.67177],[-58.4333,-34.67193],[-58.43337,-34.67201],[-58.4334,-34.67205],[-58.43344,-34.67209],[-58.43345,-34.67211],[-58.43353,-34.67224],[-58.43359,-34.6723],[-58.43365,-34.67235],[-58.43369,-34.67241],[-58.43375,-34.67247],[-58.43384,-34.67256],[-58.43403,-34.67277],[-58.43418,-34.67297],[-58.4345,-34.67328],[-58.43454,-34.67334],[-58.43462,-34.67343],[-58.43467,-34.67349],[-58.43512,-34.67405],[-58.43517,-34.67411],[-58.43522,-34.67416],[-58.43564,-34.67465],[-58.43568,-34.6747],[-58.43589,-34.67495],[-58.43621,-34.67534],[-58.43628,-34.67543],[-58.43681,-34.67604],[-58.43682,-34.67605],[-58.43727,-34.6766],[-58.43732,-34.67666],[-58.43788,-34.67734],[-58.43845,-34.67802],[-58.43861,-34.67822],[-58.4393,-34.67901],[-58.43953,-34.67929],[-58.43962,-34.67938],[-58.43969,-34.67947],[-58.43975,-34.67954],[-58.43978,-34.67958],[-58.43979,-34.67958],[-58.4405,-34.68041],[-58.4409,-34.68096],[-58.44117,-34.68132],[-58.44194,-34.68219],[-58.44195,-34.6822],[-58.44205,-34.68232],[-58.44206,-34.68233],[-58.44404,-34.68468],[-58.44411,-34.68477],[-58.44418,-34.68486],[-58.44423,-34.68493],[-58.44431,-34.68501],[-58.44445,-34.68517],[-58.44726,-34.68848],[-58.45125,-34.69318],[-58.45399,-34.6965],[-58.45792,-34.70111],[-58.45888,-34.70223],[-58.46029,-34.70381],[-58.46033,-34.70384],[-58.4604,-34.70392],[-58.46045,-34.70396],[-58.46046,-34.70398],[-58.46049,-34.70401],[-58.46054,-34.70407],[-58.46061,-34.70417],[-58.46075,-34.70429],[-58.46086,-34.70442],[-58.46096,-34.70454],[-58.461,-34.70458],[-58.46103,-34.70462],[-58.46107,-34.70467],[-58.46159,-34.70536],[-58.46172,-34.7053],[-58.46172,-34.7053],[-58.46175,-34.70527],[-58.46175,-34.70527],[-58.46175,-34.70527],[-58.46184,-34.7052],[-58.46187,-34.70518],[-58.46211,-34.705],[-58.4622,-34.70493],[-58.46238,-34.70479],[-58.46238,-34.70479],[-58.46413,-34.70347],[-58.46658,-34.70163],[-58.47199,-34.69754],[-58.47254,-34.69713],[-58.47407,-34.69597],[-58.48216,-34.68986],[-58.48216,-34.68986],[-58.48279,-34.68938],[-58.48336,-34.68896],[-58.48336,-34.68895],[-58.48337,-34.68895],[-58.484,-34.68847],[-58.48426,-34.68828],[-58.48476,-34.6879],[-58.48556,-34.6873],[-58.48567,-34.68721],[-58.48656,-34.68655],[-58.4871,-34.68614],[-58.4874,-34.68591],[-58.4888,-34.68486],[-58.49006,-34.68391],[-58.49145,-34.68286],[-58.49153,-34.6828],[-58.49326,-34.6815],[-58.49424,-34.68076],[-58.49502,-34.68017],[-58.49875,-34.67736],[-58.49902,-34.67716],[-58.50249,-34.67454],[-58.50253,-34.67451],[-58.50252,-34.67451],[-58.50252,-34.67451],[-58.50252,-34.67451],[-58.5025,-34.6745],[-58.50212,-34.67427],[-58.50198,-34.67419],[-58.50177,-34.67407],[-58.50164,-34.67399],[-58.50068,-34.67347],[-58.50052,-34.67339],[-58.5002,-34.67322],[-58.50012,-34.67317],[-58.49974,-34.67297],[-58.49913,-34.67264],[-58.49893,-34.67252],[-58.49872,-34.67239],[-58.49872,-34.67239],[-58.49857,-34.67228],[-58.49825,-34.67205],[-58.49792,-34.67181],[-58.49741,-34.67145],[-58.49704,-34.67118],[-58.49587,-34.6702],[-58.49574,-34.67007],[-58.49435,-34.6687],[-58.49361,-34.66797],[-58.49346,-34.6678],[-58.4926,-34.66687],[-58.49235,-34.66662],[-58.49214,-34.6664],[-58.49194,-34.66619],[-58.49176,-34.66601],[-58.49158,-34.66583],[-58.49158,-34.66583],[-58.49113,-34.66539],[-58.491,-34.66527],[-58.49008,-34.6644],[-58.48897,-34.66337],[-58.48896,-34.66336],[-58.48895,-34.66335],[-58.48895,-34.66335],[-58.4889,-34.66334],[-58.48886,-34.66333],[-58.48787,-34.66303],[-58.48713,-34.66281],[-58.48595,-34.66245],[-58.48595,-34.66245],[-58.48581,-34.66237],[-58.48536,-34.66208],[-58.48523,-34.662],[-58.48504,-34.66188],[-58.48413,-34.6613],[-58.48323,-34.66072],[-58.48233,-34.66014],[-58.48143,-34.65956],[-58.48084,-34.65918],[-58.48053,-34.65898],[-58.4803,-34.65883],[-58.48017,-34.65875],[-58.47982,-34.65852],[-58.47972,-34.65846],[-58.47963,-34.6584],[-58.47955,-34.65835],[-58.47947,-34.6583],[-58.47946,-34.65829],[-58.47936,-34.65822],[-58.47885,-34.65787],[-58.47882,-34.65785],[-58.4784,-34.65818],[-58.47828,-34.65828],[-58.4779,-34.65858],[-58.4777,-34.65874],[-58.47704,-34.65926],[-58.47587,-34.66017],[-58.47571,-34.6603],[-58.47513,-34.66075],[-58.47509,-34.66078],[-58.47481,-34.661],[-58.47444,-34.66129],[-58.47444,-34.66129],[-58.47432,-34.66141],[-58.47422,-34.6615],[-58.47363,-34.66196],[-58.47298,-34.66246],[-58.47259,-34.66273],[-58.47252,-34.66278],[-58.47201,-34.66164],[-58.47129,-34.66003],[-58.47073,-34.65879],[-58.47057,-34.65843],[-58.47057,-34.65843],[-58.47046,-34.65851],[-58.47045,-34.65851],[-58.47011,-34.65873],[-58.46987,-34.65889],[-58.46968,-34.65902],[-58.46967,-34.65903],[-58.46956,-34.65911],[-58.46955,-34.65911],[-58.46766,-34.65752],[-58.46719,-34.6579],[-58.46685,-34.65816],[-58.46671,-34.65826],[-58.46635,-34.65854],[-58.46627,-34.6586],[-58.46614,-34.65871],[-58.46578,-34.65898],[-58.46571,-34.65903],[-58.46519,-34.65943],[-58.46498,-34.6596],[-58.46486,-34.6597],[-58.4648,-34.65975],[-58.46446,-34.66003],[-58.46443,-34.66005],[-58.46443,-34.66005],[-58.46406,-34.65976],[-58.46204,-34.65824],[-58.46194,-34.65816],[-58.46169,-34.65797],[-58.46165,-34.65793],[-58.46164,-34.65793],[-58.46158,-34.65788],[-58.46128,-34.65762],[-58.46071,-34.65712],[-58.4604,-34.65681],[-58.4604,-34.65681],[-58.46037,-34.65678],[-58.46035,-34.65675],[-58.4603,-34.65671],[-58.45967,-34.65619],[-58.45925,-34.65582],[-58.4592,-34.65577],[-58.45893,-34.65559],[-58.45859,-34.65531],[-58.45834,-34.65511],[-58.45834,-34.65511],[-58.45802,-34.65484],[-58.45762,-34.65449],[-58.45711,-34.65405],[-58.457,-34.65394],[-58.45555,-34.65272],[-58.45548,-34.65266],[-58.45533,-34.65254],[-58.45533,-34.65254],[-58.45533,-34.65254],[-58.4553,-34.65251],[-58.45525,-34.65247],[-58.45525,-34.65247],[-58.45506,-34.6523],[-58.45501,-34.65224],[-58.45494,-34.65217],[-58.45493,-34.65213],[-58.45486,-34.65199],[-58.45482,-34.65184],[-58.4548,-34.65178],[-58.45477,-34.6515],[-58.45475,-34.65143],[-58.45473,-34.65133],[-58.4547,-34.65116],[-58.45464,-34.65083],[-58.45382,-34.65091],[-58.45334,-34.65095],[-58.45286,-34.651],[-58.45198,-34.65108],[-58.45197,-34.65108],[-58.45154,-34.6511],[-58.45104,-34.65111],[-58.45104,-34.65111],[-58.44913,-34.65117]]]}},{"type":"Feature","properties":{"comuna":9},"geometry":{"type":"Polygon","coordinates":[[[-58.51925,-34.63301],[-58.51908,-34.63302],[-58.51908,-34.63302],[-58.51889,-34.633],[-58.5188,-34.633],[-58.51872,-34.633],[-58.51852,-34.63301],[-58.51735,-34.63302],[-58.51709,-34.63302],[-58.51661,-34.63309],[-58.51594,-34.6331],[-58.51593,-34.6331],[-58.51537,-34.63316],[-58.51486,-34.63321],[-58.51407,-34.63341],[-58.51391,-34.63346],[-58.51334,-34.63366],[-58.51332,-34.63367],[-58.51332,-34.63367],[-58.51332,-34.63367],[-58.51262,-34.63397],[-58.51253,-34.634],[-58.51226,-34.63412],[-58.51186,-34.6343],[-58.51148,-34.63446],[-58.51145,-34.63448],[-58.51133,-34.63453],[-58.51067,-34.63482],[-58.51,-34.6351],[-58.50998,-34.63511],[-58.50966,-34.63524],[-58.50966,-34.63524],[-58.50954,-34.63529],[-58.50938,-34.63535],[-58.50883,-34.63556],[-58.50828,-34.63573],[-58.50765,-34.6359],[-58.50709,-34.6359],[-58.50696,-34.6359],[-58.50682,-34.63582],[-58.50633,-34.6362],[-58.50614,-34.63635],[-58.50574,-34.63667],[-58.50567,-34.63672],[-58.50567,-34.63672],[-58.50936,-34.63721],[-58.51051,-34.63738],[-58.51048,-34.63749],[-58.51031,-34.63812],[-58.51005,-34.63912],[-58.50982,-34.64001],[-58.50979,-34.64008],[-58.50921,-34.64052],[-58.50803,-34.64142],[-58.50696,-34.64223],[-58.50685,-34.64232],[-58.50566,-34.64322],[-58.50447,-34.64412],[-58.50435,-34.64421],[-58.50384,-34.64459],[-58.50333,-34.64498],[-58.50284,-34.64538],[-58.5023,-34.64582],[-58.50127,-34.64536],[-58.50025,-34.64487],[-58.49922,-34.64439],[-58.49819,-34.64391],[-58.49714,-34.64341],[-58.49668,-34.64377],[-58.49642,-34.64398],[-58.4954,-34.64477],[-58.49531,-34.64484],[-58.4953,-34.64485],[-58.49508,-34.64475],[-58.49496,-34.64469],[-58.49484,-34.64466],[-58.49367,-34.6441],[-58.49233,-34.64346],[-58.49164,-34.64313],[-58.49088,-34.64276],[-58.49059,-34.64262],[-58.49048,-34.64257],[-58.49032,-34.6425],[-58.49024,-34.64246],[-58.48962,-34.64216],[-58.48954,-34.64213],[-58.48871,-34.64173],[-58.48804,-34.64142],[-58.48781,-34.6413],[-58.48697,-34.64091],[-58.48607,-34.64048],[-58.48552,-34.64022],[-58.48532,-34.64013],[-58.48488,-34.63992],[-58.48461,-34.63979],[-58.4839,-34.63946],[-58.48288,-34.63898],[-58.48175,-34.63846],[-58.48146,-34.63834],[-58.48082,-34.63804],[-58.4804,-34.63785],[-58.48005,-34.63769],[-58.47855,-34.637],[-58.47836,-34.63713],[-58.47759,-34.63774],[-58.47678,-34.63838],[-58.47629,-34.63877],[-58.47607,-34.63894],[-58.47532,-34.63848],[-58.47442,-34.63792],[-58.47349,-34.63731],[-58.47242,-34.63699],[-58.4713,-34.63666],[-58.47122,-34.63684],[-58.47081,-34.63779],[-58.47044,-34.63864],[-58.47038,-34.63879],[-58.47001,-34.63963],[-58.46997,-34.63972],[-58.46991,-34.63988],[-58.46929,-34.64128],[-58.46924,-34.6414],[-58.46799,-34.64242],[-58.46685,-34.64332],[-58.46671,-34.64343],[-58.4656,-34.64431],[-58.46543,-34.64444],[-58.46509,-34.64472],[-58.46487,-34.64485],[-58.4647,-34.64495],[-58.46412,-34.64539],[-58.46342,-34.64592],[-58.46317,-34.64607],[-58.46306,-34.64614],[-58.463,-34.64617],[-58.46336,-34.64683],[-58.46389,-34.64756],[-58.46441,-34.64815],[-58.46441,-34.64816],[-58.46528,-34.64927],[-58.46562,-34.64969],[-58.46571,-34.6498],[-58.4658,-34.64991],[-58.46596,-34.65012],[-58.4663,-34.65053],[-58.46682,-34.65119],[-58.46703,-34.65147],[-58.46701,-34.65149],[-58.46698,-34.65152],[-58.46663,-34.65179],[-58.46652,-34.65195],[-58.46645,-34.65201],[-58.46638,-34.65208],[-58.46584,-34.65255],[-58.46569,-34.65268],[-58.46543,-34.6529],[-58.46502,-34.65322],[-58.46459,-34.65354],[-58.46394,-34.65396],[-58.46377,-34.6541],[-58.46368,-34.65418],[-58.46353,-34.65428],[-58.46287,-34.6548],[-58.46257,-34.65503],[-58.46253,-34.65506],[-58.46251,-34.65508],[-58.4622,-34.65534],[-58.46203,-34.65548],[-58.46163,-34.65582],[-58.46149,-34.65597],[-58.46148,-34.65599],[-58.46131,-34.65613],[-58.46111,-34.65629],[-58.46091,-34.65644],[-58.46041,-34.6568],[-58.4604,-34.65681],[-58.46071,-34.65712],[-58.46128,-34.65762],[-58.46158,-34.65788],[-58.46164,-34.65793],[-58.46165,-34.65793],[-58.46169,-34.65797],[-58.46194,-34.65816],[-58.46204,-34.65824],[-58.46406,-34.65976],[-58.46443,-34.66005],[-58.46443,-34.66005],[-58.46446,-34.66003],[-58.4648,-34.65975],[-58.46486,-34.6597],[-58.46498,-34.6596],[-58.46519,-34.65943],[-58.46571,-34.65903],[-58.46578,-34.65898],[-58.46614,-34.65871],[-58.46627,-34.6586],[-58.46635,-34.65854],[-58.46671,-34.65826],[-58.46685,-34.65816],[-58.46719,-34.6579],[-58.46766,-34.65752],[-58.46955,-34.65911],[-58.46956,-34.65911],[-58.46967,-34.65903],[-58.46968,-34.65902],[-58.46987,-34.65889],[-58.47011,-34.65873],[-58.47045,-34.65851],[-58.47046,-34.65851],[-58.47057,-34.65843],[-58.47057,-34.65843],[-58.47073,-34.65879],[-58.47129,-34.66003],[-58.47201,-34.66164],[-58.47252,-34.66278],[-58.47259,-34.66273],[-58.47298,-34.66246],[-58.47363,-34.66196],[-58.47422,-34.6615],[-58.47432,-34.66141],[-58.47444,-34.66129],[-58.47444,-34.66129],[-58.47481,-34.661],[-58.47509,-34.66078],[-58.47513,-34.66075],[-58.47571,-34.6603],[-58.47587,-34.66017],[-58.47704,-34.65926],[-58.4777,-34.65874],[-58.4779,-34.65858],[-58.47828,-34.65828],[-58.4784,-34.65818],[-58.47882,-34.65785],[-58.47885,-34.65787],[-58.47936,-34.65822],[-58.47946,-34.65829],[-58.47947,-34.6583],[-58.47955,-34.65835],[-58.47963,-34.6584],[-58.47972,-34.65846],[-58.47982,-34.65852],[-58.48017,-34.65875],[-58.4803,-34.65883],[-58.48053,-34.65898],[-58.48084,-34.65918],[-58.48143,-34.65956],[-58.48233,-34.66014],[-58.48323,-34.66072],[-58.48413,-34.6613],[-58.48504,-34.66188],[-58.48523,-34.662],[-58.48536,-34.66208],[-58.48581,-34.66237],[-58.48595,-34.66245],[-58.48595,-34.66245],[-58.48713,-34.66281],[-58.48787,-34.66303],[-58.48886,-34.66333],[-58.4889,-34.66334],[-58.48895,-34.66335],[-58.48895,-34.66335],[-58.48896,-34.66336],[-58.48897,-34.66337],[-58.49008,-34.6644],[-58.491,-34.66527],[-58.49113,-34.66539],[-58.49158,-34.66583],[-58.49158,-34.66583],[-58.49176,-34.66601],[-58.49194,-34.66619],[-58.49214,-34.6664],[-58.49235,-34.66662],[-58.4926,-34.66687],[-58.49346,-34.6678],[-58.49361,-34.66797],[-58.49435,-34.6687],[-58.49574,-34.67007],[-58.49587,-34.6702],[-58.49704,-34.67118],[-58.49741,-34.67145],[-58.49792,-34.67181],[-58.49825,-34.67205],[-58.49857,-34.67228],[-58.49872,-34.67239],[-58.49872,-34.67239],[-58.49893,-34.67252],[-58.49913,-34.67264],[-58.49974,-34.67297],[-58.50012,-34.67317],[-58.5002,-34.67322],[-58.50052,-34.67339],[-58.50068,-34.67347],[-58.50164,-34.67399],[-58.50177,-34.67407],[-58.50198,-34.67419],[-58.50212,-34.67427],[-58.5025,-34.6745],[-58.50252,-34.67451],[-58.50252,-34.67451],[-58.50252,-34.67451],[-58.50253,-34.67451],[-58.50262,-34.67444],[-58.50827,-34.67016],[-58.50874,-34.6698],[-58.50892,-34.66967],[-58.51121,-34.66793],[-58.51199,-34.66734],[-58.51199,-34.66734],[-58.51222,-34.66717],[-58.51325,-34.66639],[-58.51803,-34.66276],[-58.51834,-34.66253],[-58.51837,-34.66251],[-58.51839,-34.66249],[-58.51876,-34.66221],[-58.51992,-34.66134],[-58.52304,-34.65896],[-58.52304,-34.65896],[-58.52477,-34.65765],[-58.52477,-34.65765],[-58.52577,-34.6569],[-58.52577,-34.6569],[-58.52588,-34.65681],[-58.52879,-34.65462],[-58.52915,-34.65435],[-58.52917,-34.65433],[-58.52921,-34.6543],[-58.52921,-34.6543],[-58.52921,-34.65429],[-58.52921,-34.65427],[-58.52921,-34.65423],[-58.52985,-34.6434],[-58.53008,-34.6395],[-58.53008,-34.63944],[-58.5301,-34.63919],[-58.53027,-34.6363],[-58.53029,-34.63595],[-58.5303,-34.63583],[-58.53031,-34.63569],[-58.53032,-34.63548],[-58.53033,-34.63528],[-58.53035,-34.63485],[-58.53036,-34.6348],[-58.53003,-34.63481],[-58.53002,-34.63481],[-58.52984,-34.63482],[-58.52979,-34.63482],[-58.52963,-34.63482],[-58.52939,-34.63483],[-58.52932,-34.63483],[-58.52909,-34.63484],[-58.5289,-34.63486],[-58.52871,-34.63487],[-58.52854,-34.63486],[-58.52821,-34.63485],[-58.52795,-34.63483],[-58.52774,-34.63481],[-58.52739,-34.63478],[-58.52708,-34.63476],[-58.52692,-34.63469],[-58.5256,-34.63459],[-58.5243,-34.63448],[-58.52423,-34.63446],[-58.52327,-34.63422],[-58.52304,-34.63417],[-58.52234,-34.63402],[-58.52108,-34.63383],[-58.52103,-34.63383],[-58.52069,-34.63383],[-58.52078,-34.6335],[-58.52081,-34.6334],[-58.52075,-34.63322],[-58.52053,-34.63301],[-58.52039,-34.63297],[-58.52034,-34.63292],[-58.52024,-34.6328],[-58.52017,-34.63292],[-58.52007,-34.63295],[-58.5199,-34.63297],[-58.51989,-34.63297],[-58.51989,-34.63297],[-58.51975,-34.63299],[-58.51974,-34.63299],[-58.51972,-34.63299],[-58.51968,-34.63299],[-58.51942,-34.63301],[-58.51933,-34.63301],[-58.51926,-34.63301],[-58.51925,-34.63301]]]}},{"type":"Feature","properties":{"comuna":10},"geometry":{"type":"Polygon","coordinates":[[[-58.48834,-34.62017],[-58.4882,-34.62027],[-58.48726,-34.62102],[-58.48618,-34.62188],[-58.48511,-34.62274],[-58.48497,-34.62285],[-58.48404,-34.6236],[-58.48339,-34.62412],[-58.48274,-34.62463],[-58.48192,-34.62429],[-58.48189,-34.62428],[-58.48189,-34.62428],[-58.48182,-34.62425],[-58.48179,-34.62423],[-58.48173,-34.62421],[-58.48074,-34.62378],[-58.47976,-34.62336],[-58.47938,-34.6232],[-58.4788,-34.62292],[-58.47829,-34.62264],[-58.47812,-34.62255],[-58.47801,-34.62249],[-58.47781,-34.62239],[-58.47742,-34.62323],[-58.47702,-34.62408],[-58.47695,-34.62422],[-58.47649,-34.62523],[-58.47604,-34.62622],[-58.47547,-34.62746],[-58.47499,-34.62851],[-58.47455,-34.62946],[-58.47425,-34.63012],[-58.47416,-34.63031],[-58.47416,-34.63032],[-58.4741,-34.63044],[-58.47348,-34.6318],[-58.47288,-34.63316],[-58.47228,-34.63448],[-58.47176,-34.63565],[-58.4713,-34.63666],[-58.47242,-34.63699],[-58.47349,-34.63731],[-58.47442,-34.63792],[-58.47532,-34.63848],[-58.47607,-34.63894],[-58.47629,-34.63877],[-58.47678,-34.63838],[-58.47759,-34.63774],[-58.47836,-34.63713],[-58.47855,-34.637],[-58.48005,-34.63769],[-58.4804,-34.63785],[-58.48082,-34.63804],[-58.48146,-34.63834],[-58.48175,-34.63846],[-58.48288,-34.63898],[-58.4839,-34.63946],[-58.48461,-34.63979],[-58.48488,-34.63992],[-58.48532,-34.64013],[-58.48552,-34.64022],[-58.48607,-34.64048],[-58.48697,-34.64091],[-58.48781,-34.6413],[-58.48804,-34.64142],[-58.48871,-34.64173],[-58.48954,-34.64213],[-58.48962,-34.64216],[-58.49024,-34.64246],[-58.49032,-34.6425],[-58.49048,-34.64257],[-58.49059,-34.64262],[-58.49088,-34.64276],[-58.49164,-34.64313],[-58.49233,-34.64346],[-58.49367,-34.6441],[-58.49484,-34.64466],[-58.49496,-34.64469],[-58.49508,-34.64475],[-58.4953,-34.64485],[-58.49531,-34.64484],[-58.4954,-34.64477],[-58.49642,-34.64398],[-58.49668,-34.64377],[-58.49714,-34.64341],[-58.49819,-34.64391],[-58.49922,-34.64439],[-58.50025,-34.64487],[-58.50127,-34.64536],[-58.5023,-34.64582],[-58.50284,-34.64538],[-58.50333,-34.64498],[-58.50384,-34.64459],[-58.50435,-34.64421],[-58.50447,-34.64412],[-58.50566,-34.64322],[-58.50685,-34.64232],[-58.50696,-34.64223],[-58.50803,-34.64142],[-58.50921,-34.64052],[-58.50979,-34.64008],[-58.50982,-34.64001],[-58.51005,-34.63912],[-58.51031,-34.63812],[-58.51048,-34.63749],[-58.51051,-34.63738],[-58.50936,-34.63721],[-58.50567,-34.63672],[-58.50567,-34.63672],[-58.50574,-34.63667],[-58.50614,-34.63635],[-58.50633,-34.6362],[-58.50682,-34.63582],[-58.50696,-34.6359],[-58.50709,-34.6359],[-58.50765,-34.6359],[-58.50828,-34.63573],[-58.50883,-34.63556],[-58.50938,-34.63535],[-58.50954,-34.63529],[-58.50966,-34.63524],[-58.50966,-34.63524],[-58.50998,-34.63511],[-58.51,-34.6351],[-58.51067,-34.63482],[-58.51133,-34.63453],[-58.51145,-34.63448],[-58.51148,-34.63446],[-58.51186,-34.6343],[-58.51226,-34.63412],[-58.51253,-34.634],[-58.51262,-34.63397],[-58.51332,-34.63367],[-58.51332,-34.63367],[-58.51332,-34.63367],[-58.51334,-34.63366],[-58.51391,-34.63346],[-58.51407,-34.63341],[-58.51486,-34.63321],[-58.51537,-34.63316],[-58.51593,-34.6331],[-58.51594,-34.6331],[-58.51661,-34.63309],[-58.51709,-34.63302],[-58.51735,-34.63302],[-58.51852,-34.63301],[-58.51872,-34.633],[-58.5188,-34.633],[-58.51889,-34.633],[-58.51908,-34.63302],[-58.51908,-34.63302],[-58.51925,-34.63301],[-58.51926,-34.63301],[-58.51933,-34.63301],[-58.51942,-34.63301],[-58.51968,-34.63299],[-58.51972,-34.63299],[-58.51974,-34.63299],[-58.51975,-34.63299],[-58.51989,-34.63297],[-58.51989,-34.63297],[-58.5199,-34.63297],[-58.52007,-34.63295],[-58.52017,-34.63292],[-58.52024,-34.6328],[-58.52034,-34.63292],[-58.52039,-34.63297],[-58.52053,-34.63301],[-58.52075,-34.63322],[-58.52081,-34.6334],[-58.52078,-34.6335],[-58.52069,-34.63383],[-58.52103,-34.63383],[-58.52108,-34.63383],[-58.52234,-34.63402],[-58.52304,-34.63417],[-58.52327,-34.63422],[-58.52423,-34.63446],[-58.5243,-34.63448],[-58.5256,-34.63459],[-58.52692,-34.63469],[-58.52708,-34.63476],[-58.52739,-34.63478],[-58.52774,-34.63481],[-58.52795,-34.63483],[-58.52821,-34.63485],[-58.52854,-34.63486],[-58.52871,-34.63487],[-58.5289,-34.63486],[-58.52909,-34.63484],[-58.52932,-34.63483],[-58.52939,-34.63483],[-58.52963,-34.63482],[-58.52979,-34.63482],[-58.52984,-34.63482],[-58.53002,-34.63481],[-58.53003,-34.63481],[-58.53036,-34.6348],[-58.53037,-34.63455],[-58.53038,-34.63437],[-58.53039,-34.63419],[-58.53039,-34.63418],[-58.53041,-34.63394],[-58.53043,-34.63364],[-58.53045,-34.63333],[-58.53079,-34.62773],[-58.5308,-34.62754],[-58.5308,-34.62753],[-58.5308,-34.62753],[-58.5308,-34.62753],[-58.53152,-34.6155],[-58.53107,-34.6145],[-58.52947,-34.6109],[-58.5294,-34.61095],[-58.52934,-34.61099],[-58.52901,-34.61123],[-58.52894,-34.61128],[-58.52889,-34.61131],[-58.52855,-34.61151],[-58.52816,-34.6118],[-58.52776,-34.6121],[-58.52735,-34.6124],[-58.52694,-34.61269],[-58.52654,-34.61299],[-58.52585,-34.6135],[-58.52571,-34.61359],[-58.52561,-34.61367],[-58.52543,-34.61379],[-58.52542,-34.61379],[-58.52511,-34.61401],[-58.52511,-34.61401],[-58.52508,-34.61398],[-58.52506,-34.61397],[-58.52427,-34.61461],[-58.52412,-34.61473],[-58.52312,-34.61551],[-58.52196,-34.61639],[-58.52101,-34.61711],[-58.52089,-34.61721],[-58.52033,-34.61764],[-58.52012,-34.6178],[-58.51948,-34.6183],[-58.51934,-34.6184],[-58.5189,-34.61874],[-58.51867,-34.61891],[-58.51854,-34.61901],[-58.51821,-34.61926],[-58.51774,-34.61962],[-58.51695,-34.62022],[-58.51663,-34.61994],[-58.51653,-34.61984],[-58.51641,-34.61974],[-58.51603,-34.6194],[-58.51569,-34.6191],[-58.51515,-34.61861],[-58.51501,-34.61849],[-58.51498,-34.61846],[-58.51494,-34.61843],[-58.51433,-34.61789],[-58.51365,-34.61728],[-58.51305,-34.61674],[-58.51257,-34.61646],[-58.51214,-34.6162],[-58.51168,-34.61593],[-58.51125,-34.61567],[-58.511,-34.61553],[-58.51084,-34.61543],[-58.5107,-34.61534],[-58.51058,-34.61527],[-58.51043,-34.61518],[-58.51036,-34.61513],[-58.51034,-34.61512],[-58.51034,-34.61512],[-58.51015,-34.615],[-58.51014,-34.615],[-58.51012,-34.61498],[-58.51002,-34.61492],[-58.50974,-34.61476],[-58.50958,-34.61466],[-58.50921,-34.61444],[-58.50906,-34.61436],[-58.50885,-34.61424],[-58.50875,-34.61418],[-58.50872,-34.61417],[-58.50847,-34.61402],[-58.50831,-34.61392],[-58.5081,-34.6138],[-58.50802,-34.61375],[-58.50787,-34.61367],[-58.50776,-34.61361],[-58.50762,-34.61353],[-58.50752,-34.61347],[-58.50705,-34.61319],[-58.5056,-34.61234],[-58.50556,-34.61231],[-58.50541,-34.61223],[-58.50533,-34.61219],[-58.50525,-34.61215],[-58.5049,-34.61194],[-58.50466,-34.61179],[-58.50453,-34.61171],[-58.50428,-34.61156],[-58.50414,-34.61148],[-58.50399,-34.61139],[-58.50394,-34.61136],[-58.50386,-34.61131],[-58.50372,-34.61123],[-58.50353,-34.61112],[-58.50341,-34.61104],[-58.50325,-34.61095],[-58.5031,-34.61086],[-58.50243,-34.61046],[-58.50237,-34.61042],[-58.50221,-34.61033],[-58.50211,-34.61027],[-58.50146,-34.60988],[-58.50133,-34.6098],[-58.50019,-34.60913],[-58.49935,-34.61009],[-58.49844,-34.61112],[-58.4983,-34.61128],[-58.4982,-34.61139],[-58.49816,-34.61144],[-58.49753,-34.61215],[-58.4974,-34.6123],[-58.49656,-34.61327],[-58.49644,-34.61341],[-58.49557,-34.6144],[-58.49479,-34.61502],[-58.49383,-34.61578],[-58.49371,-34.61587],[-58.49264,-34.61673],[-58.49156,-34.61759],[-58.49062,-34.61835],[-58.49049,-34.61845],[-58.48941,-34.61931],[-58.48834,-34.62017]]]}},{"type":"Feature","properties":{"comuna":11},"geometry":{"type":"Polygon","coordinates":[[[-58.49838,-34.59637],[-58.49718,-34.59682],[-58.49713,-34.59679],[-58.49679,-34.59682],[-58.49472,-34.59695],[-58.49342,-34.59704],[-58.49291,-34.59707],[-58.49282,-34.59708],[-58.49249,-34.5971],[-58.49122,-34.59719],[-58.49019,-34.59726],[-58.48953,-34.5973],[-58.48854,-34.59737],[-58.48783,-34.59742],[-58.4878,-34.59742],[-58.48735,-34.59745],[-58.48714,-34.59747],[-58.48668,-34.5975],[-58.48649,-34.59752],[-58.48613,-34.59754],[-58.48518,-34.59761],[-58.48485,-34.59764],[-58.48346,-34.59776],[-58.48346,-34.59776],[-58.48329,-34.5978],[-58.483,-34.59789],[-58.48298,-34.59789],[-58.48284,-34.59795],[-58.48213,-34.59826],[-58.48078,-34.59884],[-58.47975,-34.59928],[-58.47883,-34.59968],[-58.47854,-34.59974],[-58.47779,-34.5999],[-58.47773,-34.59992],[-58.47639,-34.6002],[-58.47655,-34.6003],[-58.47667,-34.60036],[-58.4775,-34.60083],[-58.47697,-34.60159],[-58.47638,-34.60237],[-58.47574,-34.60318],[-58.47571,-34.60322],[-58.47493,-34.60418],[-58.47402,-34.60532],[-58.47304,-34.60471],[-58.47298,-34.60468],[-58.47265,-34.60447],[-58.4718,-34.60395],[-58.47171,-34.60389],[-58.47161,-34.60383],[-58.47044,-34.60294],[-58.4702,-34.60281],[-58.4702,-34.60281],[-58.46929,-34.60217],[-58.46891,-34.60187],[-58.46877,-34.6019],[-58.46756,-34.6022],[-58.46749,-34.60222],[-58.46734,-34.60225],[-58.46608,-34.60256],[-58.4658,-34.60264],[-58.46528,-34.60276],[-58.46495,-34.60285],[-58.46436,-34.603],[-58.46307,-34.60332],[-58.46291,-34.60336],[-58.46211,-34.60357],[-58.46159,-34.6037],[-58.46147,-34.60373],[-58.46054,-34.60397],[-58.46013,-34.60407],[-58.46002,-34.6041],[-58.45894,-34.60438],[-58.45848,-34.6045],[-58.45848,-34.6045],[-58.45878,-34.60472],[-58.45951,-34.60521],[-58.45966,-34.60531],[-58.46051,-34.60589],[-58.46154,-34.60659],[-58.46162,-34.60665],[-58.46215,-34.607],[-58.46251,-34.60725],[-58.46271,-34.60738],[-58.46219,-34.60841],[-58.46164,-34.60953],[-58.46108,-34.61067],[-58.46055,-34.61173],[-58.46049,-34.61186],[-58.46004,-34.61276],[-58.45955,-34.61375],[-58.45945,-34.61389],[-58.46013,-34.61415],[-58.4604,-34.61425],[-58.46067,-34.61435],[-58.46187,-34.6148],[-58.46303,-34.61524],[-58.46321,-34.6153],[-58.46414,-34.61565],[-58.46437,-34.61573],[-58.46447,-34.61577],[-58.46454,-34.61579],[-58.46454,-34.61579],[-58.46461,-34.61582],[-58.46554,-34.61623],[-58.46568,-34.61629],[-58.46665,-34.61671],[-58.46676,-34.61676],[-58.46796,-34.61727],[-58.46864,-34.61757],[-58.4688,-34.61765],[-58.46909,-34.6178],[-58.46934,-34.61793],[-58.46934,-34.61793],[-58.46937,-34.61795],[-58.46963,-34.61809],[-58.47039,-34.6185],[-58.4714,-34.61904],[-58.47162,-34.61916],[-58.47264,-34.6197],[-58.47279,-34.61978],[-58.47294,-34.61985],[-58.47419,-34.6205],[-58.47451,-34.62067],[-58.4755,-34.62118],[-58.47575,-34.62132],[-58.47603,-34.62146],[-58.47674,-34.62184],[-58.47781,-34.62239],[-58.47801,-34.62249],[-58.47812,-34.62255],[-58.47829,-34.62264],[-58.4788,-34.62292],[-58.47938,-34.6232],[-58.47976,-34.62336],[-58.48074,-34.62378],[-58.48173,-34.62421],[-58.48179,-34.62423],[-58.48182,-34.62425],[-58.48189,-34.62428],[-58.48189,-34.62428],[-58.48192,-34.62429],[-58.48274,-34.62463],[-58.48339,-34.62412],[-58.48404,-34.6236],[-58.48497,-34.62285],[-58.48511,-34.62274],[-58.48618,-34.62188],[-58.48726,-34.62102],[-58.4882,-34.62027],[-58.48834,-34.62017],[-58.48941,-34.61931],[-58.49049,-34.61845],[-58.49062,-34.61835],[-58.49156,-34.61759],[-58.49264,-34.61673],[-58.49371,-34.61587],[-58.49383,-34.61578],[-58.49479,-34.61502],[-58.49557,-34.6144],[-58.49644,-34.61341],[-58.49656,-34.61327],[-58.4974,-34.6123],[-58.49753,-34.61215],[-58.49816,-34.61144],[-58.4982,-34.61139],[-58.4983,-34.61128],[-58.49844,-34.61112],[-58.49935,-34.61009],[-58.50019,-34.60913],[-58.50133,-34.6098],[-58.50146,-34.60988],[-58.50211,-34.61027],[-58.50221,-34.61033],[-58.50237,-34.61042],[-58.50243,-34.61046],[-58.5031,-34.61086],[-58.50325,-34.61095],[-58.50341,-34.61104],[-58.50353,-34.61112],[-58.50372,-34.61123],[-58.50386,-34.61131],[-58.50394,-34.61136],[-58.50399,-34.61139],[-58.50414,-34.61148],[-58.50428,-34.61156],[-58.50453,-34.61171],[-58.50466,-34.61179],[-58.5049,-34.61194],[-58.50525,-34.61215],[-58.50533,-34.61219],[-58.50541,-34.61223],[-58.50556,-34.61231],[-58.5056,-34.61234],[-58.50705,-34.61319],[-58.50752,-34.61347],[-58.50762,-34.61353],[-58.50776,-34.61361],[-58.50787,-34.61367],[-58.50802,-34.61375],[-58.5081,-34.6138],[-58.50831,-34.61392],[-58.50847,-34.61402],[-58.50872,-34.61417],[-58.50875,-34.61418],[-58.50885,-34.61424],[-58.50906,-34.61436],[-58.50921,-34.61444],[-58.50958,-34.61466],[-58.50974,-34.61476],[-58.51002,-34.61492],[-58.51012,-34.61498],[-58.51014,-34.615],[-58.51015,-34.615],[-58.51034,-34.61512],[-58.51034,-34.61512],[-58.51036,-34.61513],[-58.51043,-34.61518],[-58.51058,-34.61527],[-58.5107,-34.61534],[-58.51084,-34.61543],[-58.511,-34.61553],[-58.51125,-34.61567],[-58.51168,-34.61593],[-58.51214,-34.6162],[-58.51257,-34.61646],[-58.51305,-34.61674],[-58.51365,-34.61728],[-58.51433,-34.61789],[-58.51494,-34.61843],[-58.51498,-34.61846],[-58.51501,-34.61849],[-58.51515,-34.61861],[-58.51569,-34.6191],[-58.51603,-34.6194],[-58.51641,-34.61974],[-58.51653,-34.61984],[-58.51663,-34.61994],[-58.51695,-34.62022],[-58.51774,-34.61962],[-58.51821,-34.61926],[-58.51854,-34.61901],[-58.51867,-34.61891],[-58.5189,-34.61874],[-58.51934,-34.6184],[-58.51948,-34.6183],[-58.52012,-34.6178],[-58.52033,-34.61764],[-58.52089,-34.61721],[-58.52101,-34.61711],[-58.52196,-34.61639],[-58.52312,-34.61551],[-58.52412,-34.61473],[-58.52427,-34.61461],[-58.52506,-34.61397],[-58.52508,-34.61398],[-58.52511,-34.61401],[-58.52511,-34.61401],[-58.52542,-34.61379],[-58.52543,-34.61379],[-58.52561,-34.61367],[-58.52571,-34.61359],[-58.52585,-34.6135],[-58.52654,-34.61299],[-58.52694,-34.61269],[-58.52735,-34.6124],[-58.52776,-34.6121],[-58.52816,-34.6118],[-58.52855,-34.61151],[-58.52889,-34.61131],[-58.52894,-34.61128],[-58.52901,-34.61123],[-58.52934,-34.61099],[-58.5294,-34.61095],[-58.52947,-34.6109],[-58.52783,-34.60743],[-58.52783,-34.60742],[-58.52778,-34.60731],[-58.52733,-34.60637],[-58.52678,-34.60518],[-58.52624,-34.60403],[-58.52623,-34.60402],[-58.52577,-34.60304],[-58.52487,-34.60113],[-58.52368,-34.59859],[-58.52329,-34.59775],[-58.52263,-34.59635],[-58.52177,-34.59453],[-58.52095,-34.5928],[-58.52005,-34.59088],[-58.51951,-34.58973],[-58.51889,-34.58842],[-58.51865,-34.5879],[-58.51812,-34.58678],[-58.51698,-34.58434],[-58.51566,-34.58153],[-58.51558,-34.58136],[-58.51554,-34.58127],[-58.51546,-34.58128],[-58.5153,-34.58129],[-58.51516,-34.58131],[-58.515,-34.58132],[-58.51497,-34.58132],[-58.5149,-34.58137],[-58.51486,-34.58142],[-58.51485,-34.58142],[-58.51474,-34.58153],[-58.51465,-34.58162],[-58.51458,-34.58169],[-58.51458,-34.58169],[-58.51457,-34.5817],[-58.51452,-34.58175],[-58.51392,-34.5824],[-58.51381,-34.58252],[-58.5134,-34.58298],[-58.51327,-34.58312],[-58.51247,-34.58402],[-58.51236,-34.58414],[-58.51181,-34.58474],[-58.51115,-34.58547],[-58.51104,-34.58559],[-58.51049,-34.5862],[-58.50979,-34.58698],[-58.50902,-34.58783],[-58.50824,-34.58869],[-58.5075,-34.5895],[-58.50672,-34.59037],[-58.50607,-34.59109],[-58.50542,-34.59181],[-58.50528,-34.59196],[-58.50477,-34.59253],[-58.50412,-34.59325],[-58.50347,-34.59396],[-58.50308,-34.59439],[-58.50354,-34.59446],[-58.50318,-34.59459],[-58.50288,-34.5947],[-58.50276,-34.59475],[-58.50179,-34.59511],[-58.50071,-34.59551],[-58.50013,-34.59573],[-58.49979,-34.59585],[-58.49963,-34.59591],[-58.49955,-34.59594],[-58.49838,-34.59637]]]}},{"type":"Feature","properties":{"comuna":12},"geometry":{"type":"Polygon","coordinates":[[[-58.50331,-34.59386],[-58.50347,-34.59396],[-58.50412,-34.59325],[-58.50477,-34.59253],[-58.50528,-34.59196],[-58.50542,-34.59181],[-58.50607,-34.59109],[-58.50672,-34.59037],[-58.5075,-34.5895],[-58.50824,-34.58869],[-58.50902,-34.58783],[-58.50979,-34.58698],[-58.51049,-34.5862],[-58.51104,-34.58559],[-58.51115,-34.58547],[-58.51181,-34.58474],[-58.51236,-34.58414],[-58.51247,-34.58402],[-58.51327,-34.58312],[-58.5134,-34.58298],[-58.51381,-34.58252],[-58.51392,-34.5824],[-58.51452,-34.58175],[-58.51457,-34.5817],[-58.51458,-34.58169],[-58.51458,-34.58169],[-58.51465,-34.58162],[-58.51474,-34.58153],[-58.51485,-34.58142],[-58.51486,-34.58142],[-58.5149,-34.58137],[-58.51497,-34.58132],[-58.515,-34.58132],[-58.51516,-34.58131],[-58.5153,-34.58129],[-58.51546,-34.58128],[-58.51554,-34.58127],[-58.5154,-34.58098],[-58.51382,-34.57768],[-58.51271,-34.57535],[-58.51105,-34.57187],[-58.51033,-34.57036],[-58.51032,-34.57033],[-58.51032,-34.57033],[-58.51029,-34.57028],[-58.50992,-34.56938],[-58.50988,-34.56928],[-58.50988,-34.56927],[-58.50981,-34.56914],[-58.5094,-34.56826],[-58.50637,-34.56183],[-58.50494,-34.55881],[-58.50445,-34.55777],[-58.50396,-34.55672],[-58.50358,-34.55591],[-58.50292,-34.55452],[-58.50213,-34.55285],[-58.50188,-34.55231],[-58.50173,-34.55199],[-58.5015,-34.5515],[-58.50131,-34.55111],[-58.501,-34.55044],[-58.50084,-34.55012],[-58.50067,-34.54976],[-58.50055,-34.5495],[-58.50055,-34.5495],[-58.50055,-34.5495],[-58.50052,-34.54948],[-58.49828,-34.54849],[-58.49751,-34.54815],[-58.49751,-34.54815],[-58.49645,-34.54769],[-58.49645,-34.54769],[-58.49593,-34.54746],[-58.49593,-34.54746],[-58.49509,-34.54709],[-58.49509,-34.54708],[-58.49502,-34.54705],[-58.49501,-34.54705],[-58.49501,-34.54705],[-58.49501,-34.54705],[-58.495,-34.54705],[-58.495,-34.54705],[-58.49498,-34.54704],[-58.49498,-34.54703],[-58.49491,-34.54701],[-58.49491,-34.54701],[-58.49481,-34.54696],[-58.49481,-34.54696],[-58.4943,-34.54674],[-58.49429,-34.54673],[-58.49342,-34.54635],[-58.4934,-34.54634],[-58.493,-34.54616],[-58.49298,-34.54615],[-58.4925,-34.54594],[-58.49249,-34.54594],[-58.49247,-34.54593],[-58.49246,-34.54593],[-58.49199,-34.54572],[-58.49197,-34.54571],[-58.49148,-34.54549],[-58.49146,-34.54548],[-58.49088,-34.54523],[-58.49085,-34.54522],[-58.49028,-34.54496],[-58.49026,-34.54495],[-58.48929,-34.54452],[-58.48926,-34.54451],[-58.48803,-34.54397],[-58.48801,-34.54396],[-58.48714,-34.54358],[-58.48711,-34.54357],[-58.48658,-34.54333],[-58.48656,-34.54332],[-58.48589,-34.54303],[-58.48587,-34.54302],[-58.48516,-34.5427],[-58.48514,-34.54269],[-58.48438,-34.54236],[-58.48436,-34.54235],[-58.48358,-34.542],[-58.48356,-34.54199],[-58.48258,-34.54156],[-58.48256,-34.54155],[-58.48196,-34.54129],[-58.48194,-34.54128],[-58.48145,-34.54106],[-58.48142,-34.54105],[-58.48078,-34.54077],[-58.48076,-34.54076],[-58.47975,-34.54031],[-58.47975,-34.54031],[-58.47968,-34.54028],[-58.47913,-34.54004],[-58.47906,-34.54001],[-58.47814,-34.5396],[-58.47806,-34.53957],[-58.47742,-34.53928],[-58.47734,-34.53925],[-58.47609,-34.5387],[-58.47606,-34.53868],[-58.47603,-34.53867],[-58.47603,-34.53867],[-58.47598,-34.53865],[-58.47595,-34.53864],[-58.47591,-34.5387],[-58.47585,-34.53878],[-58.47576,-34.53889],[-58.47568,-34.539],[-58.47555,-34.53918],[-58.47549,-34.53925],[-58.47545,-34.5393],[-58.47542,-34.53934],[-58.47493,-34.53999],[-58.47436,-34.54077],[-58.47379,-34.54154],[-58.47324,-34.54228],[-58.47269,-34.54302],[-58.4721,-34.54382],[-58.47154,-34.54458],[-58.47101,-34.54529],[-58.47043,-34.54607],[-58.46994,-34.54672],[-58.4694,-34.54742],[-58.46913,-34.54777],[-58.46898,-34.54796],[-58.46885,-34.54812],[-58.46867,-34.54835],[-58.46855,-34.54849],[-58.46851,-34.54855],[-58.46823,-34.5489],[-58.46819,-34.54895],[-58.46837,-34.54908],[-58.4693,-34.54959],[-58.47016,-34.55006],[-58.47101,-34.55053],[-58.47187,-34.551],[-58.47271,-34.55147],[-58.47357,-34.55195],[-58.47444,-34.55243],[-58.47359,-34.55354],[-58.47299,-34.55433],[-58.47299,-34.55433],[-58.47274,-34.55464],[-58.47245,-34.55502],[-58.47185,-34.5558],[-58.47156,-34.55617],[-58.47087,-34.55704],[-58.47007,-34.55795],[-58.46965,-34.55843],[-58.46919,-34.55893],[-58.46893,-34.55921],[-58.46847,-34.55973],[-58.46774,-34.56054],[-58.46704,-34.56132],[-58.46769,-34.56169],[-58.46692,-34.56202],[-58.46649,-34.5622],[-58.46658,-34.56226],[-58.46754,-34.56297],[-58.46765,-34.56305],[-58.46861,-34.56368],[-58.46961,-34.56433],[-58.47044,-34.56487],[-58.47065,-34.56501],[-58.47137,-34.56546],[-58.47242,-34.5661],[-58.47296,-34.56642],[-58.47299,-34.56644],[-58.47337,-34.56667],[-58.47278,-34.56736],[-58.47196,-34.56833],[-58.47118,-34.56926],[-58.47042,-34.57016],[-58.46959,-34.57114],[-58.46884,-34.57202],[-58.46808,-34.57291],[-58.46829,-34.57303],[-58.46914,-34.57352],[-58.46993,-34.57397],[-58.47087,-34.5745],[-58.47181,-34.57504],[-58.47196,-34.57513],[-58.47274,-34.57558],[-58.47289,-34.57566],[-58.47355,-34.57604],[-58.47369,-34.57611],[-58.47374,-34.57614],[-58.47383,-34.57619],[-58.47462,-34.57664],[-58.47485,-34.57677],[-58.47498,-34.57685],[-58.47501,-34.57686],[-58.4756,-34.5772],[-58.47715,-34.57808],[-58.47733,-34.57818],[-58.47777,-34.57843],[-58.4782,-34.57867],[-58.47866,-34.57893],[-58.47899,-34.57913],[-58.47923,-34.57928],[-58.48018,-34.57983],[-58.48031,-34.5799],[-58.48048,-34.58],[-58.48099,-34.58029],[-58.48113,-34.58037],[-58.48215,-34.58097],[-58.48301,-34.58147],[-58.48313,-34.58154],[-58.48412,-34.58211],[-58.48475,-34.58248],[-58.4851,-34.58268],[-58.48583,-34.5831],[-58.48596,-34.58318],[-58.48703,-34.5838],[-58.4881,-34.58442],[-58.48879,-34.58482],[-58.48897,-34.58494],[-58.48956,-34.58531],[-58.49029,-34.58577],[-58.49085,-34.58612],[-58.49141,-34.58648],[-58.49197,-34.58683],[-58.49254,-34.58719],[-58.49366,-34.5879],[-58.49389,-34.58804],[-58.49423,-34.58825],[-58.49479,-34.5886],[-58.49536,-34.58895],[-58.49559,-34.5891],[-58.49593,-34.5893],[-58.49707,-34.59001],[-58.4982,-34.59071],[-58.49949,-34.5915],[-58.50082,-34.59232],[-58.50193,-34.59301],[-58.50214,-34.59314],[-58.50331,-34.59386]]]}},{"type":"Feature","properties":{"comuna":13},"geometry":{"type":"Polygon","coordinates":[[[-58.45462,-34.5286],[-58.45437,-34.52891],[-58.45405,-34.52931],[-58.45358,-34.52947],[-58.45263,-34.52978],[-58.45213,-34.52994],[-58.45195,-34.53002],[-58.45189,-34.53007],[-58.45182,-34.53014],[-58.45169,-34.53035],[-58.45167,-34.53043],[-58.45168,-34.53054],[-58.45172,-34.53063],[-58.45186,-34.53087],[-58.45199,-34.53108],[-58.45204,-34.53117],[-58.45209,-34.53122],[-58.45217,-34.53133],[-58.45218,-34.53134],[-58.45222,-34.53138],[-58.45226,-34.53144],[-58.45227,-34.53145],[-58.45227,-34.53145],[-58.45228,-34.53147],[-58.45229,-34.53147],[-58.4523,-34.53148],[-58.4523,-34.53149],[-58.4523,-34.53149],[-58.4523,-34.53149],[-58.4523,-34.53149],[-58.45234,-34.53155],[-58.45239,-34.5316],[-58.45249,-34.53174],[-58.45253,-34.5318],[-58.45257,-34.53186],[-58.4526,-34.5319],[-58.45264,-34.53195],[-58.45267,-34.53199],[-58.45268,-34.53201],[-58.45269,-34.53202],[-58.45269,-34.53202],[-58.45269,-34.53202],[-58.4527,-34.53203],[-58.4527,-34.53203],[-58.4527,-34.53203],[-58.4527,-34.53203],[-58.4527,-34.53203],[-58.45271,-34.53205],[-58.45273,-34.53207],[-58.45322,-34.53283],[-58.45414,-34.53418],[-58.45441,-34.53452],[-58.45452,-34.53475],[-58.45467,-34.53495],[-58.45491,-34.53516],[-58.4549,-34.5352],[-58.45497,-34.53528],[-58.4551,-34.53532],[-58.4552,-34.53537],[-58.45526,-34.53538],[-58.45539,-34.53545],[-58.45544,-34.5355],[-58.45551,-34.53555],[-58.45555,-34.53556],[-58.4556,-34.53559],[-58.45675,-34.53618],[-58.45688,-34.53624],[-58.45873,-34.53709],[-58.45875,-34.5371],[-58.45877,-34.53711],[-58.45877,-34.53711],[-58.45878,-34.53711],[-58.45878,-34.53711],[-58.45882,-34.53713],[-58.45856,-34.53733],[-58.45849,-34.53728],[-58.45848,-34.53728],[-58.45848,-34.53728],[-58.45848,-34.53728],[-58.45848,-34.53728],[-58.45848,-34.53728],[-58.45848,-34.53728],[-58.45847,-34.53727],[-58.45841,-34.53725],[-58.4584,-34.53725],[-58.45838,-34.53724],[-58.45837,-34.53723],[-58.45835,-34.53722],[-58.45833,-34.53722],[-58.45832,-34.53721],[-58.45832,-34.53721],[-58.45831,-34.53721],[-58.4583,-34.5372],[-58.4583,-34.5372],[-58.45829,-34.5372],[-58.45828,-34.53719],[-58.45828,-34.53719],[-58.45827,-34.53719],[-58.45827,-34.53719],[-58.45826,-34.53718],[-58.45826,-34.53718],[-58.45816,-34.53714],[-58.45788,-34.53702],[-58.45784,-34.53701],[-58.45779,-34.53699],[-58.45775,-34.53697],[-58.45768,-34.53694],[-58.45766,-34.53693],[-58.45761,-34.53691],[-58.45752,-34.53687],[-58.45746,-34.53684],[-58.45737,-34.53681],[-58.45731,-34.53678],[-58.4569,-34.53661],[-58.45655,-34.53646],[-58.45647,-34.53642],[-58.45644,-34.53641],[-58.45643,-34.53641],[-58.45628,-34.53634],[-58.45627,-34.53634],[-58.45627,-34.53634],[-58.45627,-34.53634],[-58.45627,-34.53634],[-58.45627,-34.53634],[-58.45626,-34.53634],[-58.45625,-34.53633],[-58.45623,-34.53632],[-58.45623,-34.53632],[-58.45613,-34.53626],[-58.456,-34.53618],[-58.4559,-34.53613],[-58.45589,-34.53612],[-58.45575,-34.53604],[-58.45575,-34.53604],[-58.45575,-34.53603],[-58.45574,-34.53603],[-58.45569,-34.53601],[-58.45569,-34.53601],[-58.45565,-34.53599],[-58.45554,-34.53594],[-58.45545,-34.53589],[-58.45545,-34.53589],[-58.45518,-34.53576],[-58.45518,-34.53576],[-58.45512,-34.53574],[-58.45507,-34.53571],[-58.45504,-34.5357],[-58.45499,-34.53568],[-58.45498,-34.53567],[-58.45498,-34.53567],[-58.45487,-34.53561],[-58.45456,-34.53543],[-58.45414,-34.5352],[-58.45406,-34.53517],[-58.45399,-34.53513],[-58.45393,-34.53509],[-58.45387,-34.53505],[-58.45387,-34.53504],[-58.45381,-34.53499],[-58.45376,-34.53494],[-58.45372,-34.53488],[-58.45369,-34.53482],[-58.45366,-34.53475],[-58.45367,-34.53468],[-58.45362,-34.53461],[-58.45356,-34.53449],[-58.45354,-34.53442],[-58.45351,-34.53434],[-58.45347,-34.53427],[-58.45342,-34.53421],[-58.45337,-34.53414],[-58.45333,-34.5341],[-58.45324,-34.53393],[-58.45325,-34.53392],[-58.4532,-34.53386],[-58.45318,-34.53382],[-58.45314,-34.53377],[-58.45311,-34.53373],[-58.45303,-34.53362],[-58.45298,-34.53355],[-58.45292,-34.53346],[-58.45285,-34.53338],[-58.45275,-34.53323],[-58.45271,-34.53316],[-58.45264,-34.53307],[-58.45258,-34.53296],[-58.4525,-34.53285],[-58.45244,-34.53275],[-58.45241,-34.53269],[-58.45236,-34.53259],[-58.45231,-34.53252],[-58.45224,-34.53241],[-58.45222,-34.53238],[-58.45221,-34.53231],[-58.45219,-34.53226],[-58.45218,-34.53221],[-58.45217,-34.53218],[-58.45215,-34.53213],[-58.45211,-34.53207],[-58.45209,-34.53204],[-58.45206,-34.532],[-58.45201,-34.53193],[-58.45195,-34.53188],[-58.45189,-34.53182],[-58.45185,-34.53177],[-58.45185,-34.53177],[-58.45183,-34.53175],[-58.45183,-34.53175],[-58.4518,-34.53173],[-58.45177,-34.53171],[-58.45177,-34.53171],[-58.45176,-34.53171],[-58.45174,-34.5317],[-58.45172,-34.5317],[-58.45171,-34.53169],[-58.45167,-34.53169],[-58.4516,-34.53169],[-58.45153,-34.5317],[-58.45146,-34.53169],[-58.45136,-34.53172],[-58.45131,-34.53175],[-58.45116,-34.53182],[-58.4511,-34.53184],[-58.45106,-34.53187],[-58.45094,-34.53195],[-58.45091,-34.53199],[-58.45086,-34.53206],[-58.45079,-34.53216],[-58.45077,-34.53226],[-58.45075,-34.53233],[-58.45073,-34.53239],[-58.45071,-34.53252],[-58.45071,-34.53263],[-58.4507,-34.53266],[-58.45069,-34.53278],[-58.45068,-34.53286],[-58.45068,-34.53294],[-58.45065,-34.53303],[-58.45062,-34.53312],[-58.45058,-34.53324],[-58.45054,-34.53334],[-58.45051,-34.53342],[-58.45046,-34.53349],[-58.45041,-34.53356],[-58.45034,-34.53367],[-58.4503,-34.53375],[-58.45027,-34.53381],[-58.45023,-34.53392],[-58.45022,-34.53396],[-58.45021,-34.53401],[-58.4502,-34.53404],[-58.45018,-34.53407],[-58.45015,-34.5341],[-58.45014,-34.53412],[-58.45013,-34.53416],[-58.45012,-34.53418],[-58.45012,-34.5342],[-58.45012,-34.53422],[-58.45011,-34.53426],[-58.45011,-34.53428],[-58.45011,-34.5343],[-58.45011,-34.53432],[-58.4501,-34.53434],[-58.4501,-34.53436],[-58.4501,-34.53438],[-58.45009,-34.53439],[-58.45008,-34.53441],[-58.45008,-34.53443],[-58.45007,-34.53445],[-58.45006,-34.53448],[-58.45005,-34.5345],[-58.45005,-34.53452],[-58.45005,-34.53453],[-58.45004,-34.53454],[-58.45004,-34.53456],[-58.45004,-34.53457],[-58.45003,-34.53459],[-58.45003,-34.53461],[-58.45002,-34.53464],[-58.45002,-34.53466],[-58.45001,-34.53468],[-58.45001,-34.5347],[-58.45001,-34.53471],[-58.45,-34.53473],[-58.45,-34.53475],[-58.45,-34.53475],[-58.44999,-34.53477],[-58.44999,-34.53479],[-58.44998,-34.53481],[-58.44998,-34.53482],[-58.44997,-34.53486],[-58.44997,-34.53489],[-58.44996,-34.5349],[-58.44996,-34.53492],[-58.44997,-34.53493],[-58.44997,-34.53494],[-58.44997,-34.53496],[-58.44997,-34.53498],[-58.44997,-34.53499],[-58.44997,-34.53499],[-58.44997,-34.53501],[-58.44996,-34.53502],[-58.44996,-34.53504],[-58.44996,-34.53505],[-58.44996,-34.53507],[-58.44996,-34.53509],[-58.44997,-34.5351],[-58.44998,-34.53512],[-58.44999,-34.53514],[-58.45,-34.53515],[-58.45,-34.53515],[-58.45,-34.53515],[-58.45002,-34.53518],[-58.45004,-34.53521],[-58.45007,-34.53524],[-58.45009,-34.53527],[-58.4501,-34.53529],[-58.45011,-34.5353],[-58.45012,-34.5353],[-58.45014,-34.53532],[-58.45016,-34.53535],[-58.45018,-34.53537],[-58.45022,-34.53541],[-58.45025,-34.53543],[-58.45025,-34.53543],[-58.45025,-34.53543],[-58.45032,-34.53549],[-58.4504,-34.53554],[-58.45048,-34.53558],[-58.45057,-34.53562],[-58.45066,-34.53565],[-58.45075,-34.53567],[-58.45085,-34.53569],[-58.45095,-34.5357],[-58.45104,-34.53571],[-58.45114,-34.53571],[-58.45124,-34.5357],[-58.45134,-34.53568],[-58.45143,-34.53566],[-58.45152,-34.53564],[-58.4516,-34.53564],[-58.4516,-34.53564],[-58.4517,-34.53564],[-58.45184,-34.53565],[-58.45194,-34.53566],[-58.45202,-34.53566],[-58.45202,-34.53566],[-58.45203,-34.53566],[-58.45279,-34.53571],[-58.45286,-34.53572],[-58.45293,-34.53573],[-58.453,-34.53575],[-58.45307,-34.53578],[-58.45313,-34.53581],[-58.45319,-34.53584],[-58.45325,-34.53588],[-58.45325,-34.53588],[-58.45329,-34.53592],[-58.4533,-34.53592],[-58.45407,-34.53654],[-58.45428,-34.53676],[-58.45445,-34.53697],[-58.45478,-34.53731],[-58.4548,-34.53734],[-58.45482,-34.53737],[-58.45483,-34.53741],[-58.45484,-34.53745],[-58.45483,-34.53748],[-58.45483,-34.53752],[-58.45468,-34.53796],[-58.45463,-34.53812],[-58.45423,-34.53868],[-58.45409,-34.53879],[-58.4529,-34.53937],[-58.45279,-34.53943],[-58.45241,-34.53957],[-58.45236,-34.53958],[-58.45232,-34.53959],[-58.45229,-34.53959],[-58.45226,-34.53959],[-58.45222,-34.53958],[-58.45217,-34.53956],[-58.45213,-34.53951],[-58.45197,-34.53929],[-58.45196,-34.53927],[-58.45193,-34.53923],[-58.45191,-34.5392],[-58.45191,-34.53919],[-58.45191,-34.53915],[-58.45192,-34.53911],[-58.45193,-34.53907],[-58.45194,-34.53902],[-58.45193,-34.53899],[-58.45187,-34.53895],[-58.45183,-34.53891],[-58.45183,-34.5389],[-58.45178,-34.53886],[-58.45163,-34.53868],[-58.45142,-34.53847],[-58.45138,-34.53843],[-58.45136,-34.5384],[-58.45133,-34.53839],[-58.4513,-34.53838],[-58.45128,-34.53835],[-58.45127,-34.53832],[-58.45127,-34.53829],[-58.45128,-34.53824],[-58.4512,-34.53815],[-58.45119,-34.53815],[-58.4511,-34.53812],[-58.4511,-34.53812],[-58.45108,-34.53812],[-58.45106,-34.53811],[-58.45101,-34.5381],[-58.45098,-34.53809],[-58.45094,-34.53808],[-58.45094,-34.53808],[-58.45084,-34.53802],[-58.45068,-34.53793],[-58.45064,-34.53791],[-58.45046,-34.53781],[-58.45024,-34.53768],[-58.45021,-34.53764],[-58.44995,-34.53743],[-58.44988,-34.53736],[-58.44988,-34.53736],[-58.44988,-34.53723],[-58.44988,-34.53703],[-58.44988,-34.53689],[-58.44991,-34.53673],[-58.44994,-34.53658],[-58.44996,-34.53649],[-58.45003,-34.53612],[-58.44967,-34.53592],[-58.44966,-34.53591],[-58.4495,-34.5358],[-58.44946,-34.53578],[-58.44916,-34.53561],[-58.44913,-34.53559],[-58.4491,-34.53558],[-58.44907,-34.53556],[-58.44905,-34.53556],[-58.44903,-34.53555],[-58.44901,-34.53555],[-58.44898,-34.53555],[-58.44897,-34.53555],[-58.44896,-34.53556],[-58.44895,-34.53556],[-58.44893,-34.53556],[-58.44892,-34.53556],[-58.44891,-34.53557],[-58.4489,-34.53558],[-58.44889,-34.53559],[-58.44886,-34.53561],[-58.44886,-34.53562],[-58.44878,-34.53571],[-58.4488,-34.53573],[-58.44879,-34.53577],[-58.4488,-34.53582],[-58.4488,-34.53583],[-58.44881,-34.53583],[-58.44882,-34.53584],[-58.44883,-34.53585],[-58.44884,-34.53585],[-58.44885,-34.53586],[-58.4493,-34.53613],[-58.44933,-34.53615],[-58.44935,-34.53618],[-58.44937,-34.5362],[-58.44938,-34.53623],[-58.44939,-34.53626],[-58.44939,-34.5363],[-58.4494,-34.53632],[-58.44938,-34.53636],[-58.44937,-34.53639],[-58.44935,-34.53642],[-58.4492,-34.53661],[-58.44889,-34.53699],[-58.44888,-34.53702],[-58.44883,-34.53707],[-58.44882,-34.53708],[-58.4488,-34.5371],[-58.44876,-34.53715],[-58.44873,-34.53719],[-58.4487,-34.53722],[-58.44869,-34.53723],[-58.4487,-34.53726],[-58.44871,-34.53728],[-58.44871,-34.53729],[-58.44871,-34.53731],[-58.44871,-34.53733],[-58.44869,-34.53735],[-58.44868,-34.53737],[-58.44866,-34.53738],[-58.44861,-34.5374],[-58.44857,-34.5374],[-58.44854,-34.5374],[-58.44852,-34.5374],[-58.44852,-34.5374],[-58.44848,-34.53739],[-58.44843,-34.53738],[-58.44839,-34.53736],[-58.44836,-34.53734],[-58.44836,-34.53734],[-58.44799,-34.53701],[-58.44799,-34.53701],[-58.44798,-34.537],[-58.44797,-34.53699],[-58.44797,-34.53699],[-58.44796,-34.53698],[-58.44796,-34.53697],[-58.44795,-34.53696],[-58.44795,-34.53695],[-58.44795,-34.53693],[-58.44795,-34.53692],[-58.44795,-34.53691],[-58.44796,-34.53689],[-58.44797,-34.53686],[-58.44797,-34.53684],[-58.44797,-34.53681],[-58.44796,-34.53679],[-58.44795,-34.53677],[-58.44793,-34.53674],[-58.44787,-34.53668],[-58.44784,-34.53665],[-58.4478,-34.53661],[-58.44779,-34.53661],[-58.44772,-34.53655],[-58.44763,-34.5365],[-58.44755,-34.53645],[-58.44746,-34.53641],[-58.44736,-34.53637],[-58.44714,-34.53629],[-58.44713,-34.53629],[-58.44678,-34.53616],[-58.44672,-34.53614],[-58.44672,-34.53614],[-58.44672,-34.53614],[-58.44671,-34.53613],[-58.44661,-34.5361],[-58.44654,-34.53606],[-58.44646,-34.53603],[-58.44638,-34.53601],[-58.4463,-34.53599],[-58.44622,-34.53598],[-58.44614,-34.53598],[-58.44594,-34.53598],[-58.4459,-34.53598],[-58.44575,-34.53599],[-58.44556,-34.536],[-58.44537,-34.53602],[-58.44518,-34.53605],[-58.44469,-34.53612],[-58.44448,-34.53619],[-58.44419,-34.53628],[-58.44366,-34.53634],[-58.44366,-34.53634],[-58.44365,-34.53631],[-58.44389,-34.53617],[-58.44387,-34.53615],[-58.44386,-34.53614],[-58.44362,-34.53629],[-58.44362,-34.53629],[-58.44362,-34.53628],[-58.44362,-34.53628],[-58.44346,-34.53639],[-58.4433,-34.53648],[-58.44318,-34.53655],[-58.44311,-34.53657],[-58.44305,-34.53661],[-58.44299,-34.53664],[-58.44282,-34.53676],[-58.44273,-34.53686],[-58.44272,-34.53687],[-58.44266,-34.53694],[-58.44229,-34.5373],[-58.4422,-34.53726],[-58.44219,-34.53726],[-58.44232,-34.53705],[-58.44232,-34.53705],[-58.44229,-34.53703],[-58.44216,-34.53725],[-58.44215,-34.53725],[-58.44177,-34.53791],[-58.44156,-34.53787],[-58.44156,-34.53787],[-58.44162,-34.53763],[-58.44162,-34.53763],[-58.44158,-34.53763],[-58.44153,-34.53786],[-58.44151,-34.53786],[-58.44137,-34.53843],[-58.44137,-34.53843],[-58.44134,-34.53856],[-58.44133,-34.53858],[-58.44112,-34.53858],[-58.44112,-34.53858],[-58.44111,-34.53834],[-58.44111,-34.53834],[-58.44108,-34.53834],[-58.44109,-34.53858],[-58.44107,-34.53858],[-58.44109,-34.53891],[-58.4411,-34.53908],[-58.4411,-34.53914],[-58.4411,-34.53914],[-58.44109,-34.53914],[-58.44085,-34.53915],[-58.44084,-34.53915],[-58.44088,-34.54005],[-58.44089,-34.54021],[-58.44078,-34.5403],[-58.44074,-34.54028],[-58.44069,-34.54026],[-58.44064,-34.54025],[-58.4406,-34.54025],[-58.44057,-34.54025],[-58.44053,-34.54026],[-58.44051,-34.54026],[-58.44049,-34.54027],[-58.44048,-34.54027],[-58.44045,-34.54029],[-58.44042,-34.5403],[-58.44034,-34.54023],[-58.44033,-34.54023],[-58.44032,-34.54021],[-58.44031,-34.53997],[-58.44031,-34.53997],[-58.4403,-34.53932],[-58.44031,-34.5393],[-58.44031,-34.53929],[-58.44032,-34.53928],[-58.44032,-34.53927],[-58.44032,-34.53926],[-58.44032,-34.53925],[-58.44031,-34.53924],[-58.4403,-34.53923],[-58.4403,-34.53923],[-58.4403,-34.53923],[-58.44029,-34.53922],[-58.44028,-34.53921],[-58.44027,-34.53921],[-58.44026,-34.53921],[-58.44025,-34.53921],[-58.44023,-34.53921],[-58.44022,-34.53921],[-58.44021,-34.53922],[-58.4402,-34.53922],[-58.4402,-34.53923],[-58.44019,-34.53923],[-58.44018,-34.53924],[-58.44018,-34.53925],[-58.44018,-34.53926],[-58.44018,-34.53927],[-58.44018,-34.53928],[-58.44018,-34.53929],[-58.44019,-34.5393],[-58.44019,-34.53931],[-58.4402,-34.53931],[-58.4402,-34.53932],[-58.44021,-34.53932],[-58.44021,-34.53932],[-58.44021,-34.53966],[-58.44021,-34.53979],[-58.44021,-34.53984],[-58.44015,-34.53986],[-58.43953,-34.54004],[-58.43928,-34.54013],[-58.43924,-34.54014],[-58.43919,-34.54014],[-58.43915,-34.54014],[-58.43911,-34.54013],[-58.43907,-34.54012],[-58.43904,-34.54011],[-58.43902,-34.5401],[-58.43899,-34.54009],[-58.43888,-34.54006],[-58.43877,-34.54003],[-58.43865,-34.54],[-58.43854,-34.53999],[-58.43842,-34.53997],[-58.43828,-34.53996],[-58.4382,-34.53995],[-58.43793,-34.53995],[-58.43756,-34.53998],[-58.43741,-34.54],[-58.4374,-34.54],[-58.43744,-34.53997],[-58.43748,-34.53992],[-58.43749,-34.53992],[-58.43754,-34.53992],[-58.43757,-34.53992],[-58.43763,-34.53987],[-58.43764,-34.53985],[-58.43764,-34.53985],[-58.43756,-34.5398],[-58.43744,-34.53992],[-58.43735,-34.54001],[-58.43724,-34.54003],[-58.437,-34.54007],[-58.43697,-34.54009],[-58.43679,-34.54014],[-58.43666,-34.54018],[-58.43652,-34.54023],[-58.43646,-34.54026],[-58.43645,-34.54026],[-58.43639,-34.54028],[-58.43627,-34.54034],[-58.43627,-34.54034],[-58.43623,-34.54036],[-58.43617,-34.54039],[-58.43602,-34.5405],[-58.43589,-34.54061],[-58.43576,-34.54072],[-58.43563,-34.54084],[-58.43551,-34.54096],[-58.43542,-34.54105],[-58.43534,-34.54115],[-58.43526,-34.54126],[-58.43519,-34.54136],[-58.43512,-34.54147],[-58.43508,-34.54156],[-58.43504,-34.54164],[-58.43502,-34.5417],[-58.43497,-34.54181],[-58.43494,-34.54191],[-58.43451,-34.54191],[-58.43439,-34.54191],[-58.43439,-34.54191],[-58.43439,-34.54186],[-58.43439,-34.54186],[-58.4342,-34.54187],[-58.43421,-34.54203],[-58.43421,-34.54203],[-58.43439,-34.54203],[-58.4344,-34.54201],[-58.43492,-34.542],[-58.43492,-34.542],[-58.43491,-34.54205],[-58.43489,-34.54213],[-58.43486,-34.54221],[-58.43483,-34.54229],[-58.43479,-34.54237],[-58.43474,-34.54244],[-58.43468,-34.54251],[-58.43462,-34.54258],[-58.43457,-34.54263],[-58.43457,-34.54264],[-58.43456,-34.54265],[-58.43447,-34.54272],[-58.43438,-34.54279],[-58.43429,-34.54286],[-58.43418,-34.54292],[-58.43408,-34.54298],[-58.4337,-34.54313],[-58.43354,-34.5432],[-58.43339,-34.54326],[-58.43325,-34.54333],[-58.43312,-34.5434],[-58.43299,-34.54348],[-58.43275,-34.54363],[-58.4327,-34.54365],[-58.43261,-34.54371],[-58.43224,-34.54393],[-58.43214,-34.54399],[-58.43205,-34.54406],[-58.43196,-34.54413],[-58.43188,-34.5442],[-58.4318,-34.54428],[-58.43172,-34.54436],[-58.43165,-34.54444],[-58.43159,-34.54452],[-58.43152,-34.5446],[-58.43144,-34.54467],[-58.43139,-34.54473],[-58.43134,-34.54479],[-58.4313,-34.54485],[-58.43126,-34.54491],[-58.43117,-34.54504],[-58.43105,-34.54525],[-58.43099,-34.54539],[-58.43096,-34.54545],[-58.43095,-34.54547],[-58.43095,-34.54548],[-58.43091,-34.54558],[-58.43083,-34.54578],[-58.43082,-34.54581],[-58.43082,-34.54581],[-58.4308,-34.54584],[-58.4308,-34.54586],[-58.43077,-34.54589],[-58.43074,-34.54596],[-58.43072,-34.546],[-58.4307,-34.54604],[-58.43068,-34.54607],[-58.43064,-34.54614],[-58.43061,-34.54619],[-58.43058,-34.54624],[-58.43055,-34.54629],[-58.43051,-34.54633],[-58.4305,-34.54637],[-58.43045,-34.54642],[-58.43043,-34.54645],[-58.4304,-34.54649],[-58.43037,-34.54653],[-58.43034,-34.54656],[-58.43031,-34.5466],[-58.43029,-34.54663],[-58.43026,-34.54666],[-58.43024,-34.54668],[-58.4302,-34.54672],[-58.43015,-34.54678],[-58.43013,-34.5468],[-58.4301,-34.54683],[-58.43008,-34.54685],[-58.43005,-34.54688],[-58.43004,-34.54689],[-58.43002,-34.5469],[-58.42999,-34.54692],[-58.42998,-34.54693],[-58.42975,-34.54678],[-58.42953,-34.54662],[-58.4295,-34.54666],[-58.42993,-34.54697],[-58.42991,-34.54699],[-58.4299,-34.547],[-58.42988,-34.54702],[-58.42987,-34.54704],[-58.42985,-34.54705],[-58.42985,-34.54706],[-58.42984,-34.54708],[-58.42982,-34.5471],[-58.42981,-34.54713],[-58.4298,-34.54715],[-58.42978,-34.54719],[-58.42977,-34.54722],[-58.42976,-34.54725],[-58.42975,-34.54727],[-58.42974,-34.5473],[-58.42974,-34.54734],[-58.42973,-34.54737],[-58.42973,-34.5474],[-58.42973,-34.54742],[-58.42973,-34.54745],[-58.42973,-34.54747],[-58.42973,-34.5475],[-58.42973,-34.54751],[-58.42973,-34.54753],[-58.42973,-34.54755],[-58.42973,-34.54756],[-58.42974,-34.54759],[-58.42974,-34.54763],[-58.42975,-34.54764],[-58.42976,-34.54767],[-58.42977,-34.5477],[-58.42978,-34.54773],[-58.42979,-34.54775],[-58.4298,-34.54777],[-58.42981,-34.54779],[-58.42982,-34.54781],[-58.42984,-34.54784],[-58.42985,-34.54786],[-58.42986,-34.54787],[-58.42988,-34.54789],[-58.4299,-34.54791],[-58.42992,-34.54794],[-58.42995,-34.54796],[-58.42997,-34.54798],[-58.42999,-34.54799],[-58.43001,-34.54802],[-58.43004,-34.54804],[-58.43,-34.54808],[-58.42998,-34.5481],[-58.42996,-34.54812],[-58.42993,-34.54816],[-58.4299,-34.54819],[-58.42986,-34.54823],[-58.42983,-34.54828],[-58.42979,-34.54833],[-58.42976,-34.54838],[-58.42975,-34.5484],[-58.42973,-34.54843],[-58.42971,-34.54847],[-58.42969,-34.54849],[-58.42967,-34.54854],[-58.42966,-34.54855],[-58.42965,-34.54858],[-58.42963,-34.54863],[-58.42962,-34.54863],[-58.42959,-34.54864],[-58.42958,-34.54864],[-58.42953,-34.54864],[-58.42952,-34.54863],[-58.42948,-34.54862],[-58.42944,-34.54861],[-58.42941,-34.5486],[-58.42938,-34.54859],[-58.42933,-34.54857],[-58.42928,-34.54855],[-58.42922,-34.54852],[-58.42917,-34.5485],[-58.42909,-34.54846],[-58.42904,-34.54844],[-58.429,-34.54842],[-58.42894,-34.5484],[-58.42888,-34.54837],[-58.42883,-34.54835],[-58.42877,-34.54833],[-58.42873,-34.54832],[-58.42868,-34.5483],[-58.42864,-34.54828],[-58.4286,-34.54827],[-58.42856,-34.54825],[-58.42851,-34.54823],[-58.42845,-34.54821],[-58.4284,-34.54819],[-58.42835,-34.54817],[-58.42831,-34.54815],[-58.42825,-34.54814],[-58.42821,-34.54812],[-58.42817,-34.54811],[-58.42813,-34.5481],[-58.42807,-34.54809],[-58.428,-34.54807],[-58.42794,-34.54806],[-58.42788,-34.54805],[-58.42782,-34.54805],[-58.42776,-34.54804],[-58.4277,-34.54803],[-58.42764,-34.54803],[-58.42759,-34.54803],[-58.42755,-34.54802],[-58.42748,-34.54802],[-58.42743,-34.54802],[-58.42738,-34.54802],[-58.42731,-34.54802],[-58.42726,-34.54802],[-58.42724,-34.54802],[-58.42721,-34.54802],[-58.42715,-34.54803],[-58.42706,-34.54804],[-58.427,-34.54805],[-58.42696,-34.54807],[-58.42692,-34.54808],[-58.42687,-34.5481],[-58.42681,-34.54812],[-58.42675,-34.54814],[-58.4267,-34.54816],[-58.42665,-34.54818],[-58.4266,-34.54821],[-58.42656,-34.54823],[-58.42653,-34.54824],[-58.42651,-34.54826],[-58.42647,-34.54828],[-58.42642,-34.54831],[-58.42634,-34.54836],[-58.42629,-34.54838],[-58.42624,-34.54841],[-58.42618,-34.54845],[-58.42612,-34.54849],[-58.42605,-34.54853],[-58.42599,-34.54856],[-58.42596,-34.54859],[-58.42595,-34.5486],[-58.42594,-34.54862],[-58.42595,-34.54863],[-58.42595,-34.54865],[-58.42579,-34.54874],[-58.42577,-34.54873],[-58.42576,-34.54871],[-58.42573,-34.54868],[-58.42571,-34.54865],[-58.4257,-34.54864],[-58.4257,-34.54861],[-58.42569,-34.54859],[-58.4257,-34.54857],[-58.42571,-34.54856],[-58.42572,-34.54854],[-58.42573,-34.54853],[-58.42577,-34.5485],[-58.42582,-34.54848],[-58.42586,-34.54846],[-58.4259,-34.54844],[-58.42591,-34.54842],[-58.42593,-34.54842],[-58.42594,-34.5484],[-58.42593,-34.5484],[-58.42592,-34.5484],[-58.42591,-34.5484],[-58.42588,-34.54842],[-58.42585,-34.54844],[-58.42582,-34.54846],[-58.42577,-34.54848],[-58.42571,-34.54851],[-58.4257,-34.54853],[-58.42568,-34.54856],[-58.42567,-34.54858],[-58.42567,-34.54861],[-58.42568,-34.54864],[-58.42568,-34.54865],[-58.42569,-34.54867],[-58.42573,-34.54872],[-58.42568,-34.54875],[-58.42564,-34.54876],[-58.42562,-34.54877],[-58.42557,-34.5488],[-58.42553,-34.54884],[-58.4255,-34.54887],[-58.4255,-34.54887],[-58.4255,-34.54887],[-58.42547,-34.54893],[-58.42545,-34.54897],[-58.42545,-34.549],[-58.42541,-34.54904],[-58.42537,-34.54908],[-58.42534,-34.5491],[-58.42528,-34.54913],[-58.42519,-34.54898],[-58.42519,-34.54896],[-58.4252,-34.54896],[-58.4252,-34.54893],[-58.42519,-34.54892],[-58.42517,-34.54892],[-58.42515,-34.54892],[-58.42514,-34.54893],[-58.42513,-34.54894],[-58.42513,-34.54896],[-58.42514,-34.54897],[-58.42522,-34.54913],[-58.42521,-34.54913],[-58.42514,-34.54916],[-58.4251,-34.54915],[-58.42509,-34.54914],[-58.42506,-34.54913],[-58.42504,-34.54911],[-58.42503,-34.5491],[-58.42501,-34.54907],[-58.425,-34.54907],[-58.42495,-34.54909],[-58.42495,-34.54911],[-58.42491,-34.54919],[-58.42486,-34.54924],[-58.4248,-34.5493],[-58.42474,-34.54935],[-58.42474,-34.54937],[-58.42477,-34.54942],[-58.42501,-34.54935],[-58.42502,-34.54936],[-58.42513,-34.54933],[-58.42516,-34.54938],[-58.42527,-34.54959],[-58.42539,-34.54965],[-58.42543,-34.5497],[-58.42567,-34.55016],[-58.42565,-34.55018],[-58.42568,-34.55025],[-58.4257,-34.5503],[-58.42573,-34.55032],[-58.42563,-34.55036],[-58.42566,-34.55042],[-58.42563,-34.55043],[-58.42571,-34.55061],[-58.42574,-34.5506],[-58.42578,-34.55069],[-58.4258,-34.55071],[-58.42586,-34.55069],[-58.42597,-34.55091],[-58.42607,-34.55089],[-58.42629,-34.55132],[-58.42651,-34.55174],[-58.42647,-34.55176],[-58.4265,-34.55181],[-58.42657,-34.55182],[-58.42657,-34.55183],[-58.42661,-34.55189],[-58.42667,-34.55201],[-58.42669,-34.55204],[-58.4267,-34.55205],[-58.42676,-34.55203],[-58.42676,-34.55203],[-58.42677,-34.55203],[-58.4268,-34.55202],[-58.4268,-34.55202],[-58.42691,-34.55198],[-58.427,-34.55194],[-58.42731,-34.5518],[-58.42848,-34.55129],[-58.42848,-34.55129],[-58.42861,-34.55124],[-58.42872,-34.55119],[-58.42879,-34.55116],[-58.42915,-34.55102],[-58.4294,-34.55096],[-58.42976,-34.55094],[-58.43067,-34.55104],[-58.43099,-34.55113],[-58.43151,-34.55135],[-58.43161,-34.55139],[-58.43168,-34.55142],[-58.43184,-34.55152],[-58.4321,-34.5517],[-58.43234,-34.55186],[-58.43339,-34.55247],[-58.43346,-34.55251],[-58.43438,-34.55303],[-58.43443,-34.55306],[-58.43463,-34.55332],[-58.43466,-34.5536],[-58.43411,-34.55396],[-58.43518,-34.55446],[-58.43534,-34.55453],[-58.43546,-34.55459],[-58.43556,-34.55464],[-58.43558,-34.55465],[-58.43572,-34.55472],[-58.43599,-34.55487],[-58.43625,-34.55504],[-58.43654,-34.55527],[-58.43669,-34.55539],[-58.43672,-34.55541],[-58.43687,-34.55556],[-58.4371,-34.55575],[-58.43714,-34.55578],[-58.43719,-34.55582],[-58.43733,-34.55592],[-58.43733,-34.55593],[-58.4375,-34.55604],[-58.4377,-34.55615],[-58.43799,-34.55627],[-58.43835,-34.55637],[-58.43881,-34.55651],[-58.43915,-34.55665],[-58.43954,-34.5568],[-58.43984,-34.55694],[-58.4401,-34.55708],[-58.44016,-34.55711],[-58.44045,-34.55731],[-58.4407,-34.55752],[-58.44092,-34.55773],[-58.44106,-34.5579],[-58.44117,-34.55808],[-58.44125,-34.5583],[-58.44134,-34.55858],[-58.44138,-34.55875],[-58.44139,-34.55882],[-58.44134,-34.55896],[-58.4413,-34.55904],[-58.44126,-34.55917],[-58.44122,-34.55931],[-58.44121,-34.55933],[-58.44113,-34.55955],[-58.44103,-34.55977],[-58.44096,-34.55992],[-58.44096,-34.55992],[-58.44085,-34.56007],[-58.44066,-34.56028],[-58.44065,-34.56029],[-58.44062,-34.56032],[-58.44049,-34.56043],[-58.44033,-34.56056],[-58.44017,-34.56069],[-58.43991,-34.56089],[-58.4399,-34.5609],[-58.43984,-34.56093],[-58.4397,-34.56103],[-58.43947,-34.56117],[-58.43947,-34.56117],[-58.43947,-34.56117],[-58.43944,-34.56119],[-58.43924,-34.56129],[-58.43893,-34.56144],[-58.43869,-34.56154],[-58.43868,-34.56154],[-58.43853,-34.5616],[-58.43848,-34.56162],[-58.43846,-34.56162],[-58.43834,-34.56166],[-58.43825,-34.56169],[-58.43798,-34.56176],[-58.43766,-34.56183],[-58.43729,-34.56188],[-58.43728,-34.56188],[-58.43721,-34.56189],[-58.43711,-34.5619],[-58.43703,-34.5619],[-58.43689,-34.56192],[-58.43678,-34.56192],[-58.43668,-34.56193],[-58.43665,-34.56193],[-58.43662,-34.56193],[-58.43658,-34.56193],[-58.43655,-34.56193],[-58.43645,-34.56194],[-58.43637,-34.56194],[-58.4363,-34.56193],[-58.43622,-34.56193],[-58.43612,-34.56193],[-58.43603,-34.56192],[-58.436,-34.56192],[-58.43594,-34.56192],[-58.43589,-34.56191],[-58.43582,-34.56191],[-58.43575,-34.5619],[-58.43567,-34.56189],[-58.43557,-34.56188],[-58.4355,-34.56187],[-58.43539,-34.56186],[-58.43528,-34.56184],[-58.43513,-34.56182],[-58.43503,-34.56181],[-58.43496,-34.5618],[-58.43486,-34.5621],[-58.43495,-34.56217],[-58.43541,-34.56254],[-58.43583,-34.56255],[-58.43643,-34.56258],[-58.43672,-34.56257],[-58.43732,-34.56253],[-58.43771,-34.56251],[-58.43844,-34.56248],[-58.43875,-34.56245],[-58.43957,-34.56236],[-58.43966,-34.56235],[-58.44052,-34.56224],[-58.44117,-34.56214],[-58.44125,-34.56224],[-58.44135,-34.56236],[-58.4415,-34.56253],[-58.44197,-34.56306],[-58.44254,-34.5637],[-58.44262,-34.56363],[-58.44365,-34.56424],[-58.44461,-34.56481],[-58.44552,-34.56535],[-58.44607,-34.56567],[-58.44643,-34.56588],[-58.44732,-34.5664],[-58.4478,-34.56668],[-58.44786,-34.56672],[-58.44839,-34.56723],[-58.44905,-34.56786],[-58.44905,-34.56786],[-58.44865,-34.56807],[-58.44814,-34.56833],[-58.44704,-34.56889],[-58.44669,-34.56907],[-58.4465,-34.56917],[-58.44571,-34.56956],[-58.44489,-34.56996],[-58.44411,-34.57034],[-58.44383,-34.57048],[-58.44364,-34.57057],[-58.44296,-34.57092],[-58.44255,-34.57113],[-58.44221,-34.57131],[-58.44195,-34.57145],[-58.44075,-34.57211],[-58.44171,-34.57308],[-58.44242,-34.5738],[-58.44314,-34.57453],[-58.44355,-34.57494],[-58.44397,-34.57537],[-58.44376,-34.57551],[-58.44292,-34.57605],[-58.44273,-34.57617],[-58.44257,-34.57629],[-58.44188,-34.57678],[-58.44182,-34.57682],[-58.44089,-34.5778],[-58.44022,-34.57833],[-58.43994,-34.57855],[-58.44054,-34.57911],[-58.44155,-34.58005],[-58.44158,-34.58008],[-58.44229,-34.58073],[-58.44251,-34.58094],[-58.44343,-34.58179],[-58.44343,-34.5818],[-58.44376,-34.58223],[-58.44378,-34.58226],[-58.44445,-34.58318],[-58.44445,-34.58318],[-58.44447,-34.58317],[-58.44464,-34.58309],[-58.44579,-34.5826],[-58.44618,-34.58243],[-58.44709,-34.58204],[-58.44805,-34.58163],[-58.44828,-34.58153],[-58.44828,-34.58153],[-58.44829,-34.58153],[-58.44833,-34.58151],[-58.4484,-34.58149],[-58.44846,-34.58146],[-58.44919,-34.58119],[-58.44944,-34.5811],[-58.4496,-34.58105],[-58.44968,-34.58101],[-58.45,-34.58089],[-58.45052,-34.58068],[-58.45095,-34.58051],[-58.45101,-34.58048],[-58.45102,-34.58048],[-58.45125,-34.58041],[-58.45202,-34.58016],[-58.45214,-34.58012],[-58.4522,-34.5801],[-58.45302,-34.57984],[-58.45354,-34.57967],[-58.45486,-34.57925],[-58.4554,-34.57908],[-58.45597,-34.57892],[-58.45715,-34.5786],[-58.45716,-34.5786],[-58.45734,-34.57855],[-58.45775,-34.57844],[-58.45777,-34.57844],[-58.45854,-34.5784],[-58.4597,-34.57833],[-58.45979,-34.57832],[-58.4601,-34.5783],[-58.4602,-34.5783],[-58.46023,-34.5783],[-58.46055,-34.57795],[-58.46063,-34.57786],[-58.46161,-34.57684],[-58.46225,-34.57617],[-58.46238,-34.57604],[-58.46319,-34.57511],[-58.46336,-34.57501],[-58.46499,-34.574],[-58.46604,-34.57334],[-58.46737,-34.5725],[-58.46808,-34.57291],[-58.46884,-34.57202],[-58.46959,-34.57114],[-58.47042,-34.57016],[-58.47118,-34.56926],[-58.47196,-34.56833],[-58.47278,-34.56736],[-58.47337,-34.56667],[-58.47299,-34.56644],[-58.47296,-34.56642],[-58.47242,-34.5661],[-58.47137,-34.56546],[-58.47065,-34.56501],[-58.47044,-34.56487],[-58.46961,-34.56433],[-58.46861,-34.56368],[-58.46765,-34.56305],[-58.46754,-34.56297],[-58.46658,-34.56226],[-58.46649,-34.5622],[-58.46692,-34.56202],[-58.46769,-34.56169],[-58.46704,-34.56132],[-58.46774,-34.56054],[-58.46847,-34.55973],[-58.46893,-34.55921],[-58.46919,-34.55893],[-58.46965,-34.55843],[-58.47007,-34.55795],[-58.47087,-34.55704],[-58.47156,-34.55617],[-58.47185,-34.5558],[-58.47245,-34.55502],[-58.47274,-34.55464],[-58.47299,-34.55433],[-58.47299,-34.55433],[-58.47359,-34.55354],[-58.47444,-34.55243],[-58.47357,-34.55195],[-58.47271,-34.55147],[-58.47187,-34.551],[-58.47101,-34.55053],[-58.47016,-34.55006],[-58.4693,-34.54959],[-58.46837,-34.54908],[-58.46819,-34.54895],[-58.46823,-34.5489],[-58.46851,-34.54855],[-58.46855,-34.54849],[-58.46867,-34.54835],[-58.46885,-34.54812],[-58.46898,-34.54796],[-58.46913,-34.54777],[-58.4694,-34.54742],[-58.46994,-34.54672],[-58.47043,-34.54607],[-58.47101,-34.54529],[-58.47154,-34.54458],[-58.4721,-34.54382],[-58.47269,-34.54302],[-58.47324,-34.54228],[-58.47379,-34.54154],[-58.47436,-34.54077],[-58.47493,-34.53999],[-58.47542,-34.53934],[-58.47545,-34.5393],[-58.47549,-34.53925],[-58.47555,-34.53918],[-58.47568,-34.539],[-58.47576,-34.53889],[-58.47585,-34.53878],[-58.47591,-34.5387],[-58.47595,-34.53864],[-58.47588,-34.53861],[-58.47534,-34.53837],[-58.47527,-34.53833],[-58.47471,-34.53809],[-58.47464,-34.53806],[-58.47413,-34.53783],[-58.47405,-34.5378],[-58.47341,-34.53751],[-58.47333,-34.53748],[-58.4712,-34.53654],[-58.47113,-34.5365],[-58.46843,-34.53531],[-58.46836,-34.53528],[-58.46835,-34.53528],[-58.46821,-34.53522],[-58.46821,-34.53521],[-58.46804,-34.53514],[-58.46803,-34.53514],[-58.46793,-34.53509],[-58.46778,-34.53503],[-58.46768,-34.53498],[-58.46768,-34.53498],[-58.46755,-34.53493],[-58.46746,-34.53488],[-58.4674,-34.53486],[-58.46739,-34.53485],[-58.46691,-34.53464],[-58.46691,-34.53464],[-58.46691,-34.53464],[-58.46691,-34.53464],[-58.46691,-34.53464],[-58.46691,-34.53464],[-58.46691,-34.53464],[-58.4669,-34.53464],[-58.4669,-34.53464],[-58.4669,-34.53464],[-58.4669,-34.53464],[-58.4669,-34.53464],[-58.4669,-34.53464],[-58.4669,-34.53464],[-58.4669,-34.53464],[-58.4669,-34.53464],[-58.4669,-34.53464],[-58.4669,-34.53464],[-58.4669,-34.53464],[-58.4669,-34.53464],[-58.4669,-34.53464],[-58.4669,-34.53464],[-58.4669,-34.53464],[-58.46689,-34.53464],[-58.46689,-34.53464],[-58.46689,-34.53464],[-58.46689,-34.53463],[-58.46689,-34.53463],[-58.46689,-34.53463],[-58.46689,-34.53463],[-58.46689,-34.53463],[-58.46689,-34.53463],[-58.46689,-34.53463],[-58.46689,-34.53463],[-58.46688,-34.53463],[-58.46688,-34.53463],[-58.46688,-34.53463],[-58.46688,-34.53463],[-58.46688,-34.53463],[-58.46688,-34.53463],[-58.46688,-34.53463],[-58.46688,-34.53463],[-58.46688,-34.53463],[-58.46688,-34.53463],[-58.46688,-34.53463],[-58.46688,-34.53463],[-58.46688,-34.53463],[-58.46688,-34.53463],[-58.46687,-34.53463],[-58.46687,-34.53463],[-58.46687,-34.53463],[-58.46687,-34.53463],[-58.46687,-34.53463],[-58.46687,-34.53463],[-58.46687,-34.53463],[-58.46687,-34.53462],[-58.46687,-34.53462],[-58.46687,-34.53462],[-58.46687,-34.53462],[-58.46687,-34.53462],[-58.46687,-34.53462],[-58.46687,-34.53462],[-58.46687,-34.53462],[-58.46687,-34.53462],[-58.46686,-34.53462],[-58.46686,-34.53462],[-58.46686,-34.53462],[-58.46686,-34.53462],[-58.46686,-34.53462],[-58.46686,-34.53462],[-58.46686,-34.53462],[-58.46686,-34.53462],[-58.46686,-34.53462],[-58.46686,-34.53462],[-58.46686,-34.53462],[-58.46686,-34.53462],[-58.46686,-34.53462],[-58.46685,-34.53462],[-58.46685,-34.53462],[-58.46685,-34.53462],[-58.46685,-34.53462],[-58.46685,-34.53462],[-58.46685,-34.53461],[-58.46684,-34.53461],[-58.46684,-34.53461],[-58.46684,-34.53461],[-58.46684,-34.53461],[-58.46683,-34.53461],[-58.46683,-34.53461],[-58.46683,-34.53461],[-58.46683,-34.53461],[-58.46683,-34.53461],[-58.46683,-34.53461],[-58.46683,-34.53461],[-58.46683,-34.53461],[-58.46679,-34.53459],[-58.46679,-34.53459],[-58.46679,-34.53459],[-58.46679,-34.53459],[-58.46679,-34.53459],[-58.46679,-34.53459],[-58.46679,-34.53459],[-58.46679,-34.53459],[-58.46679,-34.53459],[-58.46679,-34.53459],[-58.46679,-34.53459],[-58.46679,-34.53459],[-58.46679,-34.53459],[-58.46679,-34.53459],[-58.46679,-34.53459],[-58.46679,-34.53459],[-58.46679,-34.53459],[-58.46679,-34.53459],[-58.46679,-34.53459],[-58.46679,-34.53459],[-58.46679,-34.53459],[-58.46679,-34.53459],[-58.46679,-34.53459],[-58.46679,-34.53459],[-58.46679,-34.53459],[-58.46679,-34.53459],[-58.46679,-34.53459],[-58.46679,-34.53459],[-58.46679,-34.53459],[-58.46679,-34.53459],[-58.46679,-34.53459],[-58.46679,-34.53459],[-58.46679,-34.53459],[-58.46679,-34.53459],[-58.46679,-34.53459],[-58.46679,-34.53459],[-58.46679,-34.53459],[-58.46679,-34.53459],[-58.46679,-34.53459],[-58.46679,-34.53459],[-58.46679,-34.53459],[-58.46679,-34.53459],[-58.46679,-34.53459],[-58.46679,-34.53459],[-58.46679,-34.53459],[-58.46679,-34.53459],[-58.46679,-34.53459],[-58.46679,-34.53459],[-58.46679,-34.53459],[-58.46679,-34.53459],[-58.46679,-34.53459],[-58.46679,-34.53459],[-58.46679,-34.53459],[-58.46679,-34.53459],[-58.46679,-34.53459],[-58.46679,-34.53459],[-58.46679,-34.53459],[-58.46679,-34.53459],[-58.46679,-34.53459],[-58.46679,-34.53459],[-58.46679,-34.53459],[-58.46679,-34.53459],[-58.46679,-34.53459],[-58.46679,-34.53459],[-58.46679,-34.53459],[-58.46679,-34.53459],[-58.46679,-34.53459],[-58.46679,-34.53459],[-58.46679,-34.53459],[-58.46679,-34.53459],[-58.46679,-34.53459],[-58.46679,-34.53459],[-58.46679,-34.53459],[-58.46679,-34.53459],[-58.46679,-34.53459],[-58.46679,-34.53459],[-58.46679,-34.53459],[-58.46679,-34.53459],[-58.46679,-34.53459],[-58.46679,-34.53459],[-58.46679,-34.53459],[-58.46679,-34.53459],[-58.46679,-34.53459],[-58.46679,-34.53459],[-58.46679,-34.53459],[-58.46679,-34.53459],[-58.46679,-34.53459],[-58.46679,-34.53459],[-58.46679,-34.53459],[-58.46679,-34.53459],[-58.46679,-34.53459],[-58.46678,-34.53459],[-58.46678,-34.53459],[-58.46678,-34.53459],[-58.46678,-34.53459],[-58.46678,-34.53459],[-58.46678,-34.53459],[-58.46678,-34.53459],[-58.46678,-34.53459],[-58.46678,-34.53459],[-58.46678,-34.53459],[-58.46678,-34.53459],[-58.46678,-34.53459],[-58.46678,-34.53459],[-58.46678,-34.53458],[-58.46678,-34.53458],[-58.46678,-34.53458],[-58.46677,-34.53458],[-58.46677,-34.53458],[-58.46677,-34.53458],[-58.46677,-34.53458],[-58.46677,-34.53458],[-58.46676,-34.53458],[-58.46676,-34.53458],[-58.46676,-34.53458],[-58.46676,-34.53457],[-58.46675,-34.53457],[-58.46675,-34.53457],[-58.46675,-34.53457],[-58.46675,-34.53457],[-58.46675,-34.53457],[-58.46675,-34.53457],[-58.46675,-34.53457],[-58.46675,-34.53457],[-58.46675,-34.53457],[-58.46675,-34.53457],[-58.46675,-34.53457],[-58.46675,-34.53457],[-58.46675,-34.53457],[-58.46675,-34.53457],[-58.46675,-34.53457],[-58.46675,-34.53457],[-58.46675,-34.53457],[-58.46675,-34.53457],[-58.46675,-34.53457],[-58.46675,-34.53457],[-58.46675,-34.53457],[-58.46675,-34.53457],[-58.46675,-34.53457],[-58.46674,-34.53457],[-58.46674,-34.53457],[-58.46674,-34.53457],[-58.46674,-34.53457],[-58.46674,-34.53457],[-58.46674,-34.53457],[-58.46674,-34.53457],[-58.46673,-34.53456],[-58.46673,-34.53456],[-58.46673,-34.53456],[-58.46673,-34.53456],[-58.46672,-34.53456],[-58.46672,-34.53456],[-58.46672,-34.53456],[-58.46672,-34.53456],[-58.46672,-34.53456],[-58.46672,-34.53456],[-58.46671,-34.53456],[-58.46671,-34.53456],[-58.46671,-34.53456],[-58.46671,-34.53456],[-58.46671,-34.53456],[-58.46671,-34.53456],[-58.46671,-34.53456],[-58.46671,-34.53456],[-58.46671,-34.53456],[-58.46671,-34.53456],[-58.46671,-34.53455],[-58.46671,-34.53455],[-58.46671,-34.53455],[-58.4667,-34.53455],[-58.46668,-34.53454],[-58.46668,-34.53454],[-58.46668,-34.53454],[-58.46668,-34.53454],[-58.46667,-34.53454],[-58.46667,-34.53454],[-58.46667,-34.53453],[-58.46666,-34.53453],[-58.46665,-34.53453],[-58.46665,-34.53453],[-58.46658,-34.5345],[-58.46658,-34.5345],[-58.4665,-34.53446],[-58.4665,-34.53446],[-58.46642,-34.53443],[-58.46642,-34.53443],[-58.46642,-34.53443],[-58.46642,-34.53443],[-58.46613,-34.5343],[-58.46613,-34.5343],[-58.46613,-34.5343],[-58.46612,-34.5343],[-58.46612,-34.53429],[-58.46612,-34.53429],[-58.46608,-34.53427],[-58.46608,-34.53427],[-58.46606,-34.53427],[-58.46606,-34.53426],[-58.46602,-34.53425],[-58.46602,-34.53425],[-58.46602,-34.53425],[-58.46602,-34.53425],[-58.46601,-34.53424],[-58.46596,-34.53422],[-58.46596,-34.53422],[-58.46584,-34.53417],[-58.46584,-34.53417],[-58.46584,-34.53417],[-58.46584,-34.53417],[-58.46584,-34.53417],[-58.46584,-34.53417],[-58.46583,-34.53417],[-58.46583,-34.53417],[-58.46583,-34.53417],[-58.4658,-34.53415],[-58.46579,-34.53415],[-58.46575,-34.53413],[-58.46574,-34.53413],[-58.46573,-34.53412],[-58.46573,-34.53412],[-58.46571,-34.53411],[-58.46571,-34.53411],[-58.4657,-34.53411],[-58.46569,-34.5341],[-58.46567,-34.53409],[-58.46566,-34.53409],[-58.46563,-34.53408],[-58.46563,-34.53408],[-58.4656,-34.53406],[-58.4656,-34.53406],[-58.46558,-34.53405],[-58.46558,-34.53405],[-58.46556,-34.53404],[-58.46555,-34.53404],[-58.46554,-34.53403],[-58.46553,-34.53403],[-58.46552,-34.53403],[-58.46551,-34.53403],[-58.46538,-34.53397],[-58.46538,-34.53397],[-58.46533,-34.53394],[-58.46533,-34.53394],[-58.46528,-34.53392],[-58.46528,-34.53392],[-58.46523,-34.5339],[-58.46523,-34.5339],[-58.46517,-34.53388],[-58.46517,-34.53387],[-58.46513,-34.53386],[-58.46513,-34.53385],[-58.46507,-34.53383],[-58.46506,-34.53383],[-58.46485,-34.53373],[-58.46484,-34.53373],[-58.4648,-34.53371],[-58.4648,-34.53371],[-58.46468,-34.53366],[-58.46467,-34.53365],[-58.46466,-34.53365],[-58.46465,-34.53364],[-58.46462,-34.53363],[-58.46462,-34.53363],[-58.46461,-34.53363],[-58.46461,-34.53363],[-58.4646,-34.53362],[-58.46459,-34.53362],[-58.46457,-34.53361],[-58.46456,-34.5336],[-58.46451,-34.53358],[-58.4645,-34.53358],[-58.46445,-34.53356],[-58.46444,-34.53355],[-58.46438,-34.53353],[-58.46438,-34.53352],[-58.4643,-34.53349],[-58.4643,-34.53349],[-58.46424,-34.53347],[-58.46424,-34.53346],[-58.46417,-34.53343],[-58.46417,-34.53343],[-58.46414,-34.53342],[-58.46414,-34.53342],[-58.46414,-34.53342],[-58.46413,-34.53342],[-58.46412,-34.53341],[-58.46411,-34.53341],[-58.46381,-34.53327],[-58.4638,-34.53327],[-58.4638,-34.53327],[-58.4638,-34.53327],[-58.4638,-34.53327],[-58.4638,-34.53327],[-58.4638,-34.53327],[-58.4638,-34.53327],[-58.46379,-34.53325],[-58.46376,-34.53323],[-58.46319,-34.53257],[-58.46316,-34.53253],[-58.46316,-34.53253],[-58.4631,-34.53246],[-58.46293,-34.53227],[-58.46283,-34.53215],[-58.46267,-34.53197],[-58.46252,-34.5318],[-58.46235,-34.5316],[-58.46234,-34.5316],[-58.46222,-34.53146],[-58.46222,-34.53146],[-58.46171,-34.53087],[-58.46169,-34.53084],[-58.46169,-34.53084],[-58.46147,-34.53059],[-58.4614,-34.53051],[-58.46138,-34.53049],[-58.46137,-34.53048],[-58.46128,-34.53037],[-58.46126,-34.53035],[-58.46113,-34.53021],[-58.46112,-34.5302],[-58.46111,-34.53018],[-58.46111,-34.53018],[-58.46111,-34.53018],[-58.4611,-34.53017],[-58.4611,-34.53017],[-58.46108,-34.53014],[-58.46107,-34.53014],[-58.46107,-34.53014],[-58.46106,-34.53012],[-58.46106,-34.53011],[-58.46104,-34.53009],[-58.46101,-34.53005],[-58.461,-34.53004],[-58.461,-34.53004],[-58.461,-34.53004],[-58.461,-34.53003],[-58.46099,-34.53003],[-58.46095,-34.52996],[-58.46095,-34.52995],[-58.46094,-34.52995],[-58.46094,-34.52994],[-58.46094,-34.52994],[-58.46094,-34.52994],[-58.46093,-34.52992],[-58.46093,-34.52992],[-58.46092,-34.5299],[-58.46091,-34.52989],[-58.46089,-34.52986],[-58.46089,-34.52985],[-58.46089,-34.52985],[-58.46088,-34.52985],[-58.46088,-34.52984],[-58.46088,-34.52984],[-58.46088,-34.52984],[-58.46088,-34.52984],[-58.46088,-34.52984],[-58.46088,-34.52983],[-58.46083,-34.52975],[-58.46083,-34.52974],[-58.46083,-34.52974],[-58.46083,-34.52974],[-58.46083,-34.52974],[-58.46083,-34.52974],[-58.46083,-34.52973],[-58.46082,-34.52972],[-58.46079,-34.52964],[-58.46073,-34.5295],[-58.46066,-34.52936],[-58.46058,-34.52922],[-58.4605,-34.52909],[-58.46041,-34.52895],[-58.46031,-34.52883],[-58.46006,-34.52851],[-58.4598,-34.52819],[-58.45974,-34.52812],[-58.45967,-34.52805],[-58.45967,-34.52804],[-58.4596,-34.52797],[-58.45954,-34.52789],[-58.45951,-34.52784],[-58.45949,-34.52778],[-58.45947,-34.52771],[-58.45947,-34.52765],[-58.45947,-34.52758],[-58.45948,-34.52752],[-58.45948,-34.5275],[-58.45948,-34.52748],[-58.45948,-34.52746],[-58.45947,-34.52743],[-58.45945,-34.52742],[-58.4593,-34.52721],[-58.45928,-34.52719],[-58.45925,-34.52715],[-58.4592,-34.5271],[-58.45915,-34.52705],[-58.45915,-34.52705],[-58.45915,-34.52705],[-58.45915,-34.52705],[-58.45914,-34.52705],[-58.45913,-34.52704],[-58.4591,-34.52701],[-58.45909,-34.52701],[-58.45909,-34.52701],[-58.45909,-34.52701],[-58.45909,-34.52701],[-58.45907,-34.527],[-58.45903,-34.52697],[-58.45903,-34.52697],[-58.45903,-34.52697],[-58.45903,-34.52696],[-58.45902,-34.52696],[-58.45901,-34.52696],[-58.45901,-34.52696],[-58.459,-34.52695],[-58.45895,-34.52691],[-58.45894,-34.52691],[-58.45891,-34.52689],[-58.45891,-34.52689],[-58.45891,-34.52689],[-58.4589,-34.52689],[-58.4589,-34.52688],[-58.4589,-34.52688],[-58.45889,-34.52687],[-58.45881,-34.52682],[-58.45881,-34.52682],[-58.45879,-34.52681],[-58.45879,-34.52681],[-58.45879,-34.52681],[-58.45878,-34.5268],[-58.45876,-34.52679],[-58.45874,-34.52678],[-58.45874,-34.52678],[-58.45871,-34.52676],[-58.45871,-34.52676],[-58.45871,-34.52676],[-58.45865,-34.52673],[-58.45863,-34.52671],[-58.45862,-34.52671],[-58.45857,-34.52669],[-58.45855,-34.52668],[-58.45854,-34.52667],[-58.45854,-34.52667],[-58.45854,-34.52667],[-58.45852,-34.52666],[-58.45851,-34.52666],[-58.45846,-34.52664],[-58.45845,-34.52663],[-58.45845,-34.52663],[-58.45844,-34.52663],[-58.45832,-34.52659],[-58.4582,-34.52656],[-58.45807,-34.52653],[-58.45794,-34.52651],[-58.45781,-34.5265],[-58.45771,-34.5265],[-58.45762,-34.5265],[-58.45752,-34.52651],[-58.45743,-34.52652],[-58.45734,-34.52654],[-58.45725,-34.52656],[-58.45717,-34.52659],[-58.45704,-34.52663],[-58.45692,-34.52667],[-58.45681,-34.52671],[-58.45672,-34.52675],[-58.45672,-34.52675],[-58.45664,-34.52679],[-58.45656,-34.52684],[-58.45613,-34.5271],[-58.45599,-34.52718],[-58.45564,-34.5274],[-58.45561,-34.52741],[-58.45558,-34.52743],[-58.45556,-34.52745],[-58.45554,-34.52747],[-58.45544,-34.52759],[-58.45507,-34.52806],[-58.45505,-34.52808],[-58.45505,-34.52809],[-58.45492,-34.52824],[-58.45484,-34.52834],[-58.45477,-34.52843],[-58.45471,-34.5285],[-58.45469,-34.52853],[-58.45467,-34.52855],[-58.45465,-34.52857],[-58.45464,-34.52858],[-58.45464,-34.52859],[-58.45464,-34.52859],[-58.45464,-34.52859],[-58.45464,-34.52859],[-58.45464,-34.52859],[-58.45464,-34.52859],[-58.45462,-34.5286]]]}},{"type":"Feature","properties":{"comuna":14},"geometry":{"type":"Polygon","coordinates":[[[-58.40952,-34.55722],[-58.40947,-34.55727],[-58.40942,-34.55738],[-58.40938,-34.55748],[-58.40933,-34.55761],[-58.4093,-34.55773],[-58.4093,-34.55785],[-58.40929,-34.55795],[-58.40928,-34.55799],[-58.40927,-34.55804],[-58.40926,-34.55809],[-58.40925,-34.55812],[-58.40925,-34.55814],[-58.40919,-34.55814],[-58.40916,-34.55814],[-58.40912,-34.55814],[-58.40908,-34.55815],[-58.40907,-34.55816],[-58.40909,-34.55818],[-58.40911,-34.55819],[-58.40917,-34.55823],[-58.4092,-34.55825],[-58.40923,-34.55825],[-58.40921,-34.55828],[-58.4092,-34.55832],[-58.40918,-34.55835],[-58.40918,-34.5584],[-58.40919,-34.55841],[-58.40921,-34.55843],[-58.40923,-34.55845],[-58.40921,-34.55848],[-58.40918,-34.55851],[-58.40912,-34.55856],[-58.40907,-34.55861],[-58.40901,-34.55866],[-58.40898,-34.55869],[-58.40895,-34.55868],[-58.40892,-34.55868],[-58.40886,-34.55869],[-58.40878,-34.55874],[-58.40872,-34.5588],[-58.40863,-34.55888],[-58.40855,-34.55896],[-58.40845,-34.55907],[-58.40833,-34.55918],[-58.40822,-34.55929],[-58.40814,-34.55936],[-58.40804,-34.55946],[-58.40783,-34.55968],[-58.40765,-34.55987],[-58.40749,-34.56004],[-58.40739,-34.56016],[-58.40725,-34.56032],[-58.40718,-34.5604],[-58.40706,-34.56054],[-58.40699,-34.56061],[-58.40689,-34.56072],[-58.40676,-34.56085],[-58.40665,-34.56096],[-58.40659,-34.56103],[-58.40659,-34.56103],[-58.40642,-34.56119],[-58.40634,-34.56127],[-58.40614,-34.56145],[-58.40598,-34.5616],[-58.40583,-34.56173],[-58.40577,-34.56179],[-58.4056,-34.56195],[-58.4054,-34.56213],[-58.40523,-34.56229],[-58.40518,-34.56234],[-58.40508,-34.56243],[-58.40486,-34.56264],[-58.40482,-34.56267],[-58.4048,-34.5627],[-58.40475,-34.56278],[-58.40475,-34.56282],[-58.40474,-34.56285],[-58.40475,-34.56289],[-58.40476,-34.56292],[-58.40476,-34.56293],[-58.40476,-34.56293],[-58.40475,-34.56294],[-58.40474,-34.56294],[-58.40472,-34.56295],[-58.40471,-34.56295],[-58.4047,-34.56295],[-58.40469,-34.56295],[-58.40467,-34.56295],[-58.40466,-34.56295],[-58.40465,-34.56294],[-58.40448,-34.56285],[-58.40443,-34.56283],[-58.40443,-34.56283],[-58.40442,-34.56285],[-58.40418,-34.56314],[-58.40391,-34.56348],[-58.40391,-34.56348],[-58.40391,-34.56348],[-58.40388,-34.56347],[-58.40384,-34.56345],[-58.40367,-34.56335],[-58.40367,-34.56335],[-58.40374,-34.56326],[-58.40374,-34.56326],[-58.40354,-34.56316],[-58.40352,-34.56314],[-58.40342,-34.56309],[-58.4034,-34.56308],[-58.4034,-34.56308],[-58.40336,-34.56313],[-58.40333,-34.56317],[-58.40333,-34.56317],[-58.40333,-34.56317],[-58.40249,-34.56273],[-58.402,-34.56249],[-58.40186,-34.56242],[-58.40172,-34.56234],[-58.40028,-34.56159],[-58.39991,-34.56139],[-58.39893,-34.56088],[-58.39893,-34.56088],[-58.39895,-34.56084],[-58.39895,-34.56084],[-58.39879,-34.56075],[-58.39868,-34.56089],[-58.39868,-34.56089],[-58.39871,-34.56091],[-58.39871,-34.56091],[-58.3987,-34.56092],[-58.3987,-34.56092],[-58.39883,-34.56099],[-58.39888,-34.56093],[-58.39889,-34.56094],[-58.39974,-34.56139],[-58.40076,-34.56192],[-58.40156,-34.56234],[-58.40311,-34.56314],[-58.40326,-34.56322],[-58.40329,-34.56322],[-58.40327,-34.56324],[-58.40327,-34.56325],[-58.40324,-34.56329],[-58.40322,-34.56331],[-58.40322,-34.56331],[-58.4034,-34.5634],[-58.40356,-34.56349],[-58.40356,-34.56349],[-58.4036,-34.56345],[-58.40364,-34.5634],[-58.40364,-34.5634],[-58.40371,-34.56345],[-58.40394,-34.56357],[-58.40389,-34.56361],[-58.40382,-34.56367],[-58.40374,-34.56372],[-58.40365,-34.56377],[-58.40357,-34.56381],[-58.40349,-34.56384],[-58.40348,-34.56385],[-58.40338,-34.56388],[-58.40328,-34.56391],[-58.40319,-34.56392],[-58.40308,-34.56394],[-58.40298,-34.56395],[-58.40283,-34.56396],[-58.40278,-34.56396],[-58.40269,-34.56396],[-58.40261,-34.56396],[-58.40252,-34.56395],[-58.40243,-34.56394],[-58.40235,-34.56392],[-58.40224,-34.5639],[-58.4022,-34.56389],[-58.40216,-34.56387],[-58.40216,-34.56387],[-58.40202,-34.5638],[-58.40201,-34.56379],[-58.402,-34.56379],[-58.40181,-34.56367],[-58.40173,-34.56359],[-58.4016,-34.56348],[-58.40126,-34.56335],[-58.40123,-34.56334],[-58.40118,-34.56334],[-58.40112,-34.56334],[-58.40104,-34.56337],[-58.40099,-34.56339],[-58.40099,-34.56339],[-58.40099,-34.56339],[-58.40094,-34.56342],[-58.40088,-34.5635],[-58.40088,-34.56355],[-58.40088,-34.56356],[-58.40088,-34.56363],[-58.40095,-34.56371],[-58.40095,-34.56372],[-58.40096,-34.56373],[-58.40095,-34.56373],[-58.40093,-34.56374],[-58.4009,-34.56377],[-58.40092,-34.56379],[-58.40092,-34.5638],[-58.40092,-34.56382],[-58.40111,-34.56404],[-58.40098,-34.56413],[-58.401,-34.56417],[-58.40098,-34.56418],[-58.40095,-34.5642],[-58.40093,-34.56421],[-58.40091,-34.56423],[-58.40089,-34.56425],[-58.40085,-34.56422],[-58.40071,-34.56431],[-58.40071,-34.56431],[-58.40047,-34.5641],[-58.40047,-34.5641],[-58.40033,-34.56399],[-58.4003,-34.56399],[-58.40028,-34.56397],[-58.40027,-34.56397],[-58.40023,-34.56396],[-58.40018,-34.56393],[-58.40014,-34.5639],[-58.40007,-34.56386],[-58.39992,-34.56378],[-58.39988,-34.56375],[-58.39981,-34.56372],[-58.39961,-34.56364],[-58.39952,-34.56362],[-58.3994,-34.56363],[-58.3993,-34.56365],[-58.39921,-34.56367],[-58.39907,-34.56371],[-58.39885,-34.5638],[-58.39872,-34.56386],[-58.39862,-34.56391],[-58.3985,-34.56398],[-58.3984,-34.56406],[-58.3984,-34.56407],[-58.39788,-34.56454],[-58.39777,-34.5646],[-58.39765,-34.56468],[-58.39758,-34.56471],[-58.3975,-34.56476],[-58.39743,-34.56482],[-58.39738,-34.56487],[-58.39728,-34.56491],[-58.39711,-34.56498],[-58.39704,-34.56501],[-58.39693,-34.5651],[-58.39689,-34.56515],[-58.39684,-34.56521],[-58.39681,-34.56526],[-58.39678,-34.56533],[-58.39675,-34.56545],[-58.39675,-34.5655],[-58.39675,-34.56556],[-58.39677,-34.56565],[-58.3968,-34.56572],[-58.39683,-34.56578],[-58.39688,-34.56583],[-58.39695,-34.56592],[-58.39698,-34.56595],[-58.39705,-34.56601],[-58.39713,-34.56603],[-58.3972,-34.56607],[-58.3972,-34.56607],[-58.39727,-34.5661],[-58.39733,-34.56613],[-58.39739,-34.56616],[-58.39743,-34.56619],[-58.39747,-34.56621],[-58.3975,-34.56624],[-58.39753,-34.56627],[-58.39755,-34.56631],[-58.39757,-34.56635],[-58.39759,-34.56639],[-58.39761,-34.56643],[-58.39764,-34.56647],[-58.39766,-34.56651],[-58.39769,-34.56655],[-58.39773,-34.56658],[-58.39778,-34.56663],[-58.39783,-34.56667],[-58.39788,-34.56671],[-58.39793,-34.56676],[-58.39797,-34.56681],[-58.39803,-34.56686],[-58.39809,-34.56691],[-58.39815,-34.56696],[-58.39822,-34.56703],[-58.39828,-34.56707],[-58.39839,-34.56715],[-58.39856,-34.56729],[-58.39865,-34.56736],[-58.39873,-34.56744],[-58.39876,-34.56747],[-58.39878,-34.5675],[-58.39882,-34.56753],[-58.39888,-34.56758],[-58.39888,-34.56758],[-58.39889,-34.56759],[-58.39891,-34.56762],[-58.39891,-34.56762],[-58.39891,-34.56762],[-58.39895,-34.56765],[-58.39898,-34.56769],[-58.39901,-34.56772],[-58.39903,-34.56774],[-58.39904,-34.56774],[-58.39904,-34.56774],[-58.39907,-34.56778],[-58.39911,-34.56783],[-58.39915,-34.56787],[-58.39917,-34.56789],[-58.39921,-34.56793],[-58.39921,-34.56793],[-58.39923,-34.56796],[-58.39927,-34.56799],[-58.39932,-34.56805],[-58.39941,-34.56813],[-58.39941,-34.56813],[-58.39942,-34.56814],[-58.39973,-34.56849],[-58.39992,-34.56872],[-58.40015,-34.56897],[-58.40019,-34.56902],[-58.39995,-34.56917],[-58.39993,-34.56919],[-58.39993,-34.56919],[-58.39992,-34.56918],[-58.3999,-34.56916],[-58.39957,-34.56881],[-58.39954,-34.56879],[-58.39953,-34.56878],[-58.39953,-34.56878],[-58.39951,-34.56876],[-58.39947,-34.56872],[-58.39937,-34.56862],[-58.39937,-34.56862],[-58.39922,-34.56846],[-58.39922,-34.56846],[-58.39909,-34.56833],[-58.399,-34.56824],[-58.39892,-34.56816],[-58.39892,-34.56816],[-58.39889,-34.56812],[-58.39883,-34.56806],[-58.39866,-34.56788],[-58.39843,-34.56765],[-58.39843,-34.56765],[-58.39839,-34.56761],[-58.39839,-34.56761],[-58.39839,-34.56761],[-58.39836,-34.56757],[-58.39829,-34.5675],[-58.39819,-34.5674],[-58.3981,-34.56731],[-58.39806,-34.56728],[-58.39804,-34.56725],[-58.39799,-34.56721],[-58.39793,-34.56714],[-58.39786,-34.56706],[-58.39761,-34.5668],[-58.39761,-34.5668],[-58.3976,-34.56679],[-58.39758,-34.56677],[-58.39757,-34.56676],[-58.39756,-34.56675],[-58.39754,-34.56673],[-58.39754,-34.56673],[-58.39754,-34.56673],[-58.39753,-34.56672],[-58.39752,-34.56671],[-58.39751,-34.5667],[-58.3975,-34.5667],[-58.3975,-34.56669],[-58.3975,-34.56669],[-58.39749,-34.56669],[-58.39749,-34.56669],[-58.39749,-34.56669],[-58.39749,-34.56668],[-58.39748,-34.56668],[-58.39745,-34.56666],[-58.39744,-34.56665],[-58.39743,-34.56664],[-58.39743,-34.56664],[-58.39742,-34.56663],[-58.39741,-34.56663],[-58.39739,-34.56662],[-58.39738,-34.56662],[-58.39737,-34.56661],[-58.39735,-34.56661],[-58.39735,-34.56661],[-58.39734,-34.56661],[-58.39733,-34.5666],[-58.39733,-34.5666],[-58.39733,-34.5666],[-58.39732,-34.5666],[-58.39731,-34.5666],[-58.39731,-34.5666],[-58.39729,-34.5666],[-58.39729,-34.5666],[-58.39728,-34.5666],[-58.39727,-34.5666],[-58.39726,-34.5666],[-58.39724,-34.5666],[-58.39724,-34.5666],[-58.39724,-34.5666],[-58.39723,-34.5666],[-58.39721,-34.5666],[-58.3972,-34.5666],[-58.3972,-34.5666],[-58.3972,-34.56661],[-58.39717,-34.56661],[-58.39715,-34.56662],[-58.39709,-34.56664],[-58.39705,-34.56665],[-58.39702,-34.56666],[-58.39701,-34.56666],[-58.39701,-34.56666],[-58.39698,-34.56667],[-58.39697,-34.56668],[-58.39696,-34.56669],[-58.39689,-34.56672],[-58.39688,-34.56673],[-58.39688,-34.56673],[-58.39678,-34.56677],[-58.39669,-34.56681],[-58.39669,-34.56681],[-58.39657,-34.56687],[-58.39657,-34.56687],[-58.39656,-34.56687],[-58.39654,-34.56688],[-58.39654,-34.56688],[-58.39653,-34.56688],[-58.39653,-34.56688],[-58.39653,-34.56689],[-58.39652,-34.56689],[-58.39652,-34.56689],[-58.39651,-34.5669],[-58.39651,-34.5669],[-58.3965,-34.56691],[-58.39647,-34.56694],[-58.39645,-34.56696],[-58.39645,-34.56696],[-58.39637,-34.56705],[-58.39632,-34.5671],[-58.39632,-34.5671],[-58.3963,-34.56712],[-58.39626,-34.56717],[-58.39625,-34.56718],[-58.39625,-34.56718],[-58.39624,-34.56719],[-58.39623,-34.5672],[-58.39622,-34.56722],[-58.3962,-34.56724],[-58.3962,-34.56724],[-58.39619,-34.56726],[-58.39619,-34.56726],[-58.39617,-34.56728],[-58.39613,-34.56733],[-58.39613,-34.56733],[-58.39606,-34.56743],[-58.39601,-34.5675],[-58.39597,-34.56757],[-58.39594,-34.56761],[-58.39594,-34.56761],[-58.39587,-34.56771],[-58.39586,-34.56773],[-58.39586,-34.56773],[-58.39585,-34.56774],[-58.39584,-34.56775],[-58.39584,-34.56776],[-58.39581,-34.56775],[-58.39581,-34.56775],[-58.39581,-34.56775],[-58.39579,-34.56774],[-58.39575,-34.56779],[-58.39575,-34.56779],[-58.3958,-34.56781],[-58.3958,-34.56781],[-58.3958,-34.56781],[-58.3958,-34.56781],[-58.39576,-34.56788],[-58.39576,-34.56788],[-58.39574,-34.56791],[-58.39571,-34.56794],[-58.39569,-34.56797],[-58.3956,-34.5681],[-58.39552,-34.56821],[-58.39552,-34.56821],[-58.39552,-34.56821],[-58.39541,-34.56838],[-58.39541,-34.56838],[-58.39525,-34.56861],[-58.39525,-34.56862],[-58.39524,-34.56864],[-58.39524,-34.56864],[-58.39523,-34.56866],[-58.39523,-34.56866],[-58.39523,-34.56867],[-58.39523,-34.56869],[-58.39522,-34.56871],[-58.39522,-34.56872],[-58.39522,-34.56873],[-58.39522,-34.56873],[-58.39521,-34.56874],[-58.39521,-34.56876],[-58.39521,-34.56877],[-58.39521,-34.56877],[-58.39521,-34.56879],[-58.39521,-34.5688],[-58.39521,-34.56883],[-58.39521,-34.56888],[-58.39522,-34.56894],[-58.39522,-34.56894],[-58.39522,-34.56895],[-58.39522,-34.56895],[-58.39522,-34.56895],[-58.39522,-34.56895],[-58.39522,-34.56895],[-58.39522,-34.56895],[-58.39522,-34.56896],[-58.39521,-34.56896],[-58.39521,-34.56896],[-58.39521,-34.56896],[-58.39521,-34.56896],[-58.39521,-34.56896],[-58.39521,-34.56897],[-58.39521,-34.56897],[-58.39521,-34.56897],[-58.3952,-34.56897],[-58.3952,-34.56897],[-58.39519,-34.56898],[-58.39519,-34.56898],[-58.39519,-34.56898],[-58.39519,-34.56898],[-58.39518,-34.56899],[-58.39509,-34.56908],[-58.39509,-34.56908],[-58.39505,-34.56912],[-58.39502,-34.56915],[-58.39497,-34.56921],[-58.39495,-34.56923],[-58.39495,-34.56923],[-58.39493,-34.56925],[-58.39493,-34.56925],[-58.39492,-34.56926],[-58.39492,-34.56926],[-58.39492,-34.56926],[-58.39492,-34.56926],[-58.39492,-34.56926],[-58.3949,-34.56925],[-58.39489,-34.56924],[-58.39488,-34.56922],[-58.39487,-34.56921],[-58.39486,-34.56921],[-58.39486,-34.56921],[-58.39486,-34.56921],[-58.39484,-34.5692],[-58.39483,-34.56919],[-58.3948,-34.56918],[-58.39477,-34.56917],[-58.39477,-34.56917],[-58.39477,-34.56917],[-58.39477,-34.56917],[-58.39477,-34.56917],[-58.39476,-34.56916],[-58.39476,-34.56916],[-58.39475,-34.56916],[-58.39474,-34.56916],[-58.39474,-34.56916],[-58.39474,-34.56916],[-58.39474,-34.56916],[-58.39473,-34.56916],[-58.39472,-34.56916],[-58.39472,-34.56916],[-58.39472,-34.56916],[-58.39472,-34.56916],[-58.39471,-34.56916],[-58.39471,-34.56916],[-58.3947,-34.56916],[-58.3947,-34.56916],[-58.39469,-34.56916],[-58.39469,-34.56916],[-58.39468,-34.56916],[-58.39468,-34.56916],[-58.39467,-34.56916],[-58.39466,-34.56917],[-58.39465,-34.56917],[-58.39465,-34.56917],[-58.39465,-34.56917],[-58.39464,-34.56917],[-58.39464,-34.56918],[-58.39464,-34.56918],[-58.39463,-34.56918],[-58.39463,-34.56918],[-58.39462,-34.56918],[-58.39461,-34.56919],[-58.39461,-34.56919],[-58.3946,-34.5692],[-58.3946,-34.5692],[-58.3946,-34.56921],[-58.39459,-34.56921],[-58.39459,-34.56921],[-58.39458,-34.56922],[-58.39457,-34.56923],[-58.39457,-34.56923],[-58.39457,-34.56923],[-58.39415,-34.56994],[-58.39413,-34.56997],[-58.394,-34.57019],[-58.39388,-34.57039],[-58.39299,-34.57198],[-58.39298,-34.572],[-58.39296,-34.57203],[-58.39296,-34.57203],[-58.39294,-34.57207],[-58.39294,-34.57207],[-58.39292,-34.5721],[-58.39288,-34.57217],[-58.39284,-34.57224],[-58.39302,-34.57223],[-58.39302,-34.57223],[-58.39302,-34.57223],[-58.39307,-34.57223],[-58.39311,-34.57222],[-58.39321,-34.57222],[-58.39332,-34.57222],[-58.39354,-34.57224],[-58.39432,-34.5723],[-58.39433,-34.5723],[-58.39482,-34.57232],[-58.39521,-34.5722],[-58.39837,-34.5704],[-58.3987,-34.5702],[-58.39878,-34.57016],[-58.39882,-34.57014],[-58.39918,-34.56996],[-58.39922,-34.56994],[-58.39923,-34.56993],[-58.39924,-34.56993],[-58.3993,-34.5699],[-58.39934,-34.56988],[-58.39944,-34.56981],[-58.39958,-34.56972],[-58.39981,-34.56957],[-58.40001,-34.56943],[-58.40013,-34.56935],[-58.40006,-34.56945],[-58.39995,-34.56961],[-58.39991,-34.56966],[-58.39987,-34.56972],[-58.39981,-34.5698],[-58.3997,-34.57002],[-58.39966,-34.5702],[-58.39963,-34.57041],[-58.39964,-34.57057],[-58.39972,-34.57081],[-58.39989,-34.57102],[-58.39992,-34.57106],[-58.40031,-34.57151],[-58.40045,-34.57166],[-58.40055,-34.57175],[-58.40067,-34.57187],[-58.40175,-34.57314],[-58.40203,-34.57352],[-58.40241,-34.57391],[-58.40251,-34.57401],[-58.40265,-34.57415],[-58.40241,-34.57441],[-58.40214,-34.57474],[-58.40166,-34.57532],[-58.40124,-34.57567],[-58.40115,-34.57574],[-58.40066,-34.57606],[-58.40051,-34.57616],[-58.39994,-34.5765],[-58.39988,-34.57653],[-58.39905,-34.57693],[-58.39861,-34.57716],[-58.39859,-34.57718],[-58.3979,-34.57763],[-58.39782,-34.57768],[-58.39682,-34.57835],[-58.39665,-34.57846],[-58.39656,-34.57851],[-58.39676,-34.5788],[-58.39693,-34.57904],[-58.39796,-34.5805],[-58.39811,-34.58071],[-58.39937,-34.58272],[-58.39928,-34.58274],[-58.39994,-34.58365],[-58.40055,-34.58448],[-58.40113,-34.58395],[-58.40122,-34.58389],[-58.40135,-34.5838],[-58.40135,-34.5838],[-58.40195,-34.58343],[-58.40205,-34.58343],[-58.40403,-34.58345],[-58.40536,-34.58346],[-58.40618,-34.58346],[-58.4064,-34.58381],[-58.4071,-34.5848],[-58.40763,-34.58557],[-58.40804,-34.58615],[-58.40814,-34.58629],[-58.40832,-34.58655],[-58.40903,-34.58756],[-58.4092,-34.5878],[-58.4095,-34.58823],[-58.41008,-34.58906],[-58.41119,-34.59035],[-58.41233,-34.59168],[-58.41239,-34.59176],[-58.41247,-34.59184],[-58.41288,-34.59233],[-58.41353,-34.59308],[-58.4144,-34.59406],[-58.41463,-34.59461],[-58.41505,-34.5956],[-58.41552,-34.59672],[-58.416,-34.59786],[-58.416,-34.59786],[-58.41616,-34.59786],[-58.41616,-34.59786],[-58.41724,-34.59783],[-58.41727,-34.59783],[-58.41727,-34.59783],[-58.41727,-34.59783],[-58.4174,-34.59783],[-58.41741,-34.59783],[-58.41747,-34.59783],[-58.41885,-34.5978],[-58.41894,-34.59779],[-58.41912,-34.59779],[-58.42017,-34.59777],[-58.42044,-34.59776],[-58.42064,-34.59776],[-58.42178,-34.59774],[-58.42275,-34.59772],[-58.42284,-34.59772],[-58.42284,-34.59772],[-58.42337,-34.59775],[-58.42353,-34.59764],[-58.42354,-34.59764],[-58.42454,-34.5972],[-58.42485,-34.59707],[-58.42603,-34.59662],[-58.42624,-34.59652],[-58.42695,-34.59622],[-58.42695,-34.59622],[-58.42699,-34.59619],[-58.42703,-34.59617],[-58.42809,-34.59552],[-58.42917,-34.59486],[-58.42933,-34.59476],[-58.42935,-34.59475],[-58.43006,-34.59431],[-58.43021,-34.59421],[-58.43029,-34.59417],[-58.43075,-34.59386],[-58.43122,-34.59355],[-58.43236,-34.59279],[-58.43343,-34.59208],[-58.43345,-34.59206],[-58.43354,-34.592],[-58.43414,-34.59161],[-58.43437,-34.59145],[-58.43531,-34.59083],[-58.43604,-34.59035],[-58.43618,-34.59026],[-58.43713,-34.58962],[-58.43805,-34.589],[-58.43823,-34.58888],[-58.43825,-34.58886],[-58.4385,-34.5887],[-58.43854,-34.58867],[-58.43854,-34.58867],[-58.43855,-34.58867],[-58.43862,-34.58863],[-58.43939,-34.58811],[-58.44016,-34.58761],[-58.44109,-34.58699],[-58.4414,-34.58679],[-58.44243,-34.5861],[-58.44348,-34.58541],[-58.44459,-34.58467],[-58.44479,-34.58452],[-58.4444,-34.5832],[-58.4444,-34.5832],[-58.44441,-34.58319],[-58.44445,-34.58318],[-58.44445,-34.58318],[-58.44378,-34.58226],[-58.44376,-34.58223],[-58.44343,-34.5818],[-58.44343,-34.58179],[-58.44251,-34.58094],[-58.44229,-34.58073],[-58.44158,-34.58008],[-58.44155,-34.58005],[-58.44054,-34.57911],[-58.43994,-34.57855],[-58.44022,-34.57833],[-58.44089,-34.5778],[-58.44182,-34.57682],[-58.44188,-34.57678],[-58.44257,-34.57629],[-58.44273,-34.57617],[-58.44292,-34.57605],[-58.44376,-34.57551],[-58.44397,-34.57537],[-58.44355,-34.57494],[-58.44314,-34.57453],[-58.44242,-34.5738],[-58.44171,-34.57308],[-58.44075,-34.57211],[-58.44195,-34.57145],[-58.44221,-34.57131],[-58.44255,-34.57113],[-58.44296,-34.57092],[-58.44364,-34.57057],[-58.44383,-34.57048],[-58.44411,-34.57034],[-58.44489,-34.56996],[-58.44571,-34.56956],[-58.4465,-34.56917],[-58.44669,-34.56907],[-58.44704,-34.56889],[-58.44814,-34.56833],[-58.44865,-34.56807],[-58.44905,-34.56786],[-58.44905,-34.56786],[-58.44839,-34.56723],[-58.44786,-34.56672],[-58.4478,-34.56668],[-58.44732,-34.5664],[-58.44643,-34.56588],[-58.44607,-34.56567],[-58.44552,-34.56535],[-58.44461,-34.56481],[-58.44365,-34.56424],[-58.44262,-34.56363],[-58.44254,-34.5637],[-58.44197,-34.56306],[-58.4415,-34.56253],[-58.44135,-34.56236],[-58.44125,-34.56224],[-58.44117,-34.56214],[-58.44052,-34.56224],[-58.43966,-34.56235],[-58.43957,-34.56236],[-58.43875,-34.56245],[-58.43844,-34.56248],[-58.43771,-34.56251],[-58.43732,-34.56253],[-58.43672,-34.56257],[-58.43643,-34.56258],[-58.43583,-34.56255],[-58.43541,-34.56254],[-58.43495,-34.56217],[-58.43486,-34.5621],[-58.43496,-34.5618],[-58.43503,-34.56181],[-58.43513,-34.56182],[-58.43528,-34.56184],[-58.43539,-34.56186],[-58.4355,-34.56187],[-58.43557,-34.56188],[-58.43567,-34.56189],[-58.43575,-34.5619],[-58.43582,-34.56191],[-58.43589,-34.56191],[-58.43594,-34.56192],[-58.436,-34.56192],[-58.43603,-34.56192],[-58.43612,-34.56193],[-58.43622,-34.56193],[-58.4363,-34.56193],[-58.43637,-34.56194],[-58.43645,-34.56194],[-58.43655,-34.56193],[-58.43658,-34.56193],[-58.43662,-34.56193],[-58.43665,-34.56193],[-58.43668,-34.56193],[-58.43678,-34.56192],[-58.43689,-34.56192],[-58.43703,-34.5619],[-58.43711,-34.5619],[-58.43721,-34.56189],[-58.43728,-34.56188],[-58.43729,-34.56188],[-58.43766,-34.56183],[-58.43798,-34.56176],[-58.43825,-34.56169],[-58.43834,-34.56166],[-58.43846,-34.56162],[-58.43848,-34.56162],[-58.43853,-34.5616],[-58.43868,-34.56154],[-58.43869,-34.56154],[-58.43893,-34.56144],[-58.43924,-34.56129],[-58.43944,-34.56119],[-58.43947,-34.56117],[-58.43947,-34.56117],[-58.43947,-34.56117],[-58.4397,-34.56103],[-58.43984,-34.56093],[-58.4399,-34.5609],[-58.43991,-34.56089],[-58.44017,-34.56069],[-58.44033,-34.56056],[-58.44049,-34.56043],[-58.44062,-34.56032],[-58.44065,-34.56029],[-58.44066,-34.56028],[-58.44085,-34.56007],[-58.44096,-34.55992],[-58.44096,-34.55992],[-58.44103,-34.55977],[-58.44113,-34.55955],[-58.44121,-34.55933],[-58.44122,-34.55931],[-58.44126,-34.55917],[-58.4413,-34.55904],[-58.44134,-34.55896],[-58.44139,-34.55882],[-58.44138,-34.55875],[-58.44134,-34.55858],[-58.44125,-34.5583],[-58.44117,-34.55808],[-58.44106,-34.5579],[-58.44092,-34.55773],[-58.4407,-34.55752],[-58.44045,-34.55731],[-58.44016,-34.55711],[-58.4401,-34.55708],[-58.43984,-34.55694],[-58.43954,-34.5568],[-58.43915,-34.55665],[-58.43881,-34.55651],[-58.43835,-34.55637],[-58.43799,-34.55627],[-58.4377,-34.55615],[-58.4375,-34.55604],[-58.43733,-34.55593],[-58.43733,-34.55592],[-58.43719,-34.55582],[-58.43714,-34.55578],[-58.4371,-34.55575],[-58.43687,-34.55556],[-58.43672,-34.55541],[-58.43669,-34.55539],[-58.43654,-34.55527],[-58.43625,-34.55504],[-58.43599,-34.55487],[-58.43572,-34.55472],[-58.43558,-34.55465],[-58.43556,-34.55464],[-58.43546,-34.55459],[-58.43534,-34.55453],[-58.43518,-34.55446],[-58.43411,-34.55396],[-58.43466,-34.5536],[-58.43463,-34.55332],[-58.43443,-34.55306],[-58.43438,-34.55303],[-58.43346,-34.55251],[-58.43339,-34.55247],[-58.43234,-34.55186],[-58.4321,-34.5517],[-58.43184,-34.55152],[-58.43168,-34.55142],[-58.43161,-34.55139],[-58.43151,-34.55135],[-58.43099,-34.55113],[-58.43067,-34.55104],[-58.42976,-34.55094],[-58.4294,-34.55096],[-58.42915,-34.55102],[-58.42879,-34.55116],[-58.42872,-34.55119],[-58.42861,-34.55124],[-58.42848,-34.55129],[-58.42848,-34.55129],[-58.42731,-34.5518],[-58.427,-34.55194],[-58.42691,-34.55198],[-58.4268,-34.55202],[-58.4268,-34.55202],[-58.42677,-34.55203],[-58.42676,-34.55203],[-58.42676,-34.55203],[-58.4267,-34.55205],[-58.42669,-34.55204],[-58.42667,-34.55201],[-58.42661,-34.55189],[-58.42657,-34.55183],[-58.4265,-34.55181],[-58.4263,-34.55189],[-58.42608,-34.55197],[-58.42602,-34.55186],[-58.42567,-34.55197],[-58.42558,-34.55185],[-58.42452,-34.54976],[-58.42432,-34.54936],[-58.42446,-34.54927],[-58.42447,-34.54926],[-58.42473,-34.54911],[-58.42475,-34.54908],[-58.42476,-34.54907],[-58.42476,-34.54905],[-58.42474,-34.54902],[-58.42472,-34.54902],[-58.42442,-34.54921],[-58.4244,-34.54919],[-58.42439,-34.54919],[-58.42427,-34.54926],[-58.42426,-34.54925],[-58.42425,-34.54924],[-58.42422,-34.54923],[-58.42421,-34.54923],[-58.42419,-34.54925],[-58.42418,-34.54926],[-58.42418,-34.54927],[-58.42419,-34.54929],[-58.4242,-34.5493],[-58.42422,-34.5493],[-58.42423,-34.54932],[-58.4252,-34.5512],[-58.4257,-34.55216],[-58.42424,-34.55265],[-58.42369,-34.5528],[-58.42369,-34.5528],[-58.42343,-34.55287],[-58.42333,-34.5529],[-58.42313,-34.55296],[-58.42289,-34.55302],[-58.42283,-34.55288],[-58.42232,-34.55299],[-58.42233,-34.55302],[-58.42238,-34.55314],[-58.42236,-34.55314],[-58.42236,-34.55314],[-58.42202,-34.55322],[-58.42169,-34.5533],[-58.42131,-34.55339],[-58.42091,-34.55349],[-58.42067,-34.55355],[-58.4204,-34.55362],[-58.42036,-34.55359],[-58.42027,-34.55359],[-58.42016,-34.55361],[-58.42003,-34.55365],[-58.41991,-34.55367],[-58.41968,-34.55371],[-58.41947,-34.55373],[-58.41928,-34.55375],[-58.419,-34.55379],[-58.4187,-34.55383],[-58.41843,-34.55387],[-58.41814,-34.55392],[-58.41786,-34.55397],[-58.41763,-34.55401],[-58.41746,-34.55403],[-58.41703,-34.55412],[-58.41664,-34.5542],[-58.41649,-34.55423],[-58.41625,-34.55429],[-58.41608,-34.55433],[-58.41602,-34.55427],[-58.41596,-34.55422],[-58.41594,-34.55428],[-58.41594,-34.55436],[-58.41587,-34.55439],[-58.41577,-34.55441],[-58.41567,-34.55444],[-58.41559,-34.55446],[-58.41548,-34.55449],[-58.41535,-34.55453],[-58.41517,-34.55458],[-58.41497,-34.55464],[-58.41486,-34.55467],[-58.41478,-34.5547],[-58.41466,-34.55474],[-58.41455,-34.55477],[-58.41449,-34.55478],[-58.4144,-34.55481],[-58.41429,-34.55485],[-58.41423,-34.55487],[-58.41418,-34.55489],[-58.41414,-34.55484],[-58.4141,-34.55481],[-58.41406,-34.55478],[-58.41405,-34.55481],[-58.41404,-34.55484],[-58.41404,-34.55489],[-58.41405,-34.55493],[-58.41388,-34.55499],[-58.41374,-34.55504],[-58.41355,-34.55511],[-58.41333,-34.5552],[-58.41314,-34.55528],[-58.41295,-34.55536],[-58.41279,-34.55543],[-58.41259,-34.55552],[-58.41249,-34.55557],[-58.41231,-34.55566],[-58.4122,-34.55572],[-58.41202,-34.55582],[-58.41183,-34.55591],[-58.4116,-34.55604],[-58.41146,-34.55611],[-58.41135,-34.55617],[-58.41118,-34.55625],[-58.41108,-34.55629],[-58.41106,-34.55627],[-58.41103,-34.55625],[-58.41099,-34.55623],[-58.41094,-34.55621],[-58.41094,-34.55625],[-58.41095,-34.55629],[-58.41096,-34.55633],[-58.41097,-34.55636],[-58.41087,-34.55641],[-58.41071,-34.55648],[-58.4106,-34.55654],[-58.41047,-34.5566],[-58.41028,-34.55668],[-58.4102,-34.55672],[-58.41017,-34.55674],[-58.41008,-34.55666],[-58.41007,-34.55667],[-58.41006,-34.55667],[-58.41004,-34.55668],[-58.41003,-34.55668],[-58.41002,-34.55667],[-58.41001,-34.55666],[-58.41001,-34.55666],[-58.40997,-34.55663],[-58.40992,-34.5566],[-58.40988,-34.55659],[-58.40982,-34.55657],[-58.40977,-34.55657],[-58.40972,-34.55657],[-58.40967,-34.55657],[-58.40962,-34.55659],[-58.40957,-34.5566],[-58.40952,-34.55663],[-58.40948,-34.55667],[-58.40945,-34.55671],[-58.40942,-34.55676],[-58.4094,-34.55681],[-58.40939,-34.55686],[-58.40939,-34.55691],[-58.40939,-34.55696],[-58.40941,-34.557],[-58.40941,-34.55701],[-58.40944,-34.55705],[-58.40948,-34.5571],[-58.40948,-34.5571],[-58.40948,-34.5571],[-58.40947,-34.55711],[-58.40945,-34.55713],[-58.40944,-34.55714],[-58.40944,-34.55714],[-58.40953,-34.55722],[-58.40952,-34.55722]]]}},{"type":"Feature","properties":{"comuna":15},"geometry":{"type":"Polygon","coordinates":[[[-58.42603,-34.59662],[-58.42485,-34.59707],[-58.42454,-34.5972],[-58.42354,-34.59764],[-58.42353,-34.59764],[-58.42337,-34.59775],[-58.42376,-34.59783],[-58.42496,-34.59786],[-58.42631,-34.59789],[-58.42644,-34.5979],[-58.42657,-34.59792],[-58.42679,-34.59795],[-58.42778,-34.59833],[-58.42786,-34.59837],[-58.42799,-34.59843],[-58.42854,-34.59867],[-58.42855,-34.59868],[-58.42916,-34.59896],[-58.42922,-34.599],[-58.42943,-34.59913],[-58.42965,-34.59933],[-58.43015,-34.59978],[-58.43019,-34.59981],[-58.43028,-34.59989],[-58.43104,-34.60075],[-58.43116,-34.60089],[-58.43188,-34.6017],[-58.4322,-34.60208],[-58.43224,-34.60214],[-58.43314,-34.60258],[-58.43334,-34.60268],[-58.43387,-34.60294],[-58.43392,-34.60296],[-58.43497,-34.60349],[-58.43515,-34.60358],[-58.43534,-34.60368],[-58.43662,-34.60429],[-58.43685,-34.6044],[-58.43703,-34.60448],[-58.43705,-34.6045],[-58.43706,-34.6045],[-58.43706,-34.6045],[-58.43718,-34.60456],[-58.43719,-34.60457],[-58.43798,-34.60496],[-58.43851,-34.60524],[-58.4392,-34.60559],[-58.43929,-34.60561],[-58.44014,-34.60585],[-58.44034,-34.6059],[-58.44147,-34.60621],[-58.4416,-34.60624],[-58.44283,-34.60658],[-58.44298,-34.60662],[-58.44417,-34.60693],[-58.44513,-34.60718],[-58.44568,-34.60736],[-58.44625,-34.60762],[-58.44704,-34.60742],[-58.44906,-34.60692],[-58.44929,-34.60686],[-58.45024,-34.60663],[-58.45066,-34.60652],[-58.45074,-34.6065],[-58.45099,-34.60644],[-58.45102,-34.60643],[-58.45105,-34.60642],[-58.45151,-34.6063],[-58.45202,-34.60617],[-58.45243,-34.60607],[-58.45296,-34.60593],[-58.45307,-34.6059],[-58.454,-34.60566],[-58.45498,-34.6054],[-58.45553,-34.60526],[-58.45581,-34.60519],[-58.45657,-34.60499],[-58.45808,-34.6046],[-58.45848,-34.6045],[-58.45848,-34.6045],[-58.45894,-34.60438],[-58.46002,-34.6041],[-58.46013,-34.60407],[-58.46054,-34.60397],[-58.46147,-34.60373],[-58.46159,-34.6037],[-58.46211,-34.60357],[-58.46291,-34.60336],[-58.46307,-34.60332],[-58.46436,-34.603],[-58.46495,-34.60285],[-58.46528,-34.60276],[-58.4658,-34.60264],[-58.46608,-34.60256],[-58.46734,-34.60225],[-58.46749,-34.60222],[-58.46756,-34.6022],[-58.46877,-34.6019],[-58.46891,-34.60187],[-58.46929,-34.60217],[-58.4702,-34.60281],[-58.4702,-34.60281],[-58.47044,-34.60294],[-58.47161,-34.60383],[-58.47171,-34.60389],[-58.4718,-34.60395],[-58.47265,-34.60447],[-58.47298,-34.60468],[-58.47304,-34.60471],[-58.47402,-34.60532],[-58.47493,-34.60418],[-58.47571,-34.60322],[-58.47574,-34.60318],[-58.47638,-34.60237],[-58.47697,-34.60159],[-58.4775,-34.60083],[-58.47667,-34.60036],[-58.47655,-34.6003],[-58.47639,-34.6002],[-58.47773,-34.59992],[-58.47779,-34.5999],[-58.47854,-34.59974],[-58.47883,-34.59968],[-58.47975,-34.59928],[-58.48078,-34.59884],[-58.48213,-34.59826],[-58.48284,-34.59795],[-58.48298,-34.59789],[-58.483,-34.59789],[-58.48329,-34.5978],[-58.48346,-34.59776],[-58.48346,-34.59776],[-58.48485,-34.59764],[-58.48518,-34.59761],[-58.48613,-34.59754],[-58.48649,-34.59752],[-58.48668,-34.5975],[-58.48714,-34.59747],[-58.48735,-34.59745],[-58.4878,-34.59742],[-58.48783,-34.59742],[-58.48854,-34.59737],[-58.48953,-34.5973],[-58.49019,-34.59726],[-58.49122,-34.59719],[-58.49249,-34.5971],[-58.49282,-34.59708],[-58.49291,-34.59707],[-58.49342,-34.59704],[-58.49472,-34.59695],[-58.49679,-34.59682],[-58.49713,-34.59679],[-58.49718,-34.59682],[-58.49838,-34.59637],[-58.49955,-34.59594],[-58.49963,-34.59591],[-58.49979,-34.59585],[-58.50013,-34.59573],[-58.50071,-34.59551],[-58.50179,-34.59511],[-58.50276,-34.59475],[-58.50288,-34.5947],[-58.50318,-34.59459],[-58.50354,-34.59446],[-58.50308,-34.59439],[-58.50347,-34.59396],[-58.50331,-34.59386],[-58.50214,-34.59314],[-58.50193,-34.59301],[-58.50082,-34.59232],[-58.49949,-34.5915],[-58.4982,-34.59071],[-58.49707,-34.59001],[-58.49593,-34.5893],[-58.49559,-34.5891],[-58.49536,-34.58895],[-58.49479,-34.5886],[-58.49423,-34.58825],[-58.49389,-34.58804],[-58.49366,-34.5879],[-58.49254,-34.58719],[-58.49197,-34.58683],[-58.49141,-34.58648],[-58.49085,-34.58612],[-58.49029,-34.58577],[-58.48956,-34.58531],[-58.48897,-34.58494],[-58.48879,-34.58482],[-58.4881,-34.58442],[-58.48703,-34.5838],[-58.48596,-34.58318],[-58.48583,-34.5831],[-58.4851,-34.58268],[-58.48475,-34.58248],[-58.48412,-34.58211],[-58.48313,-34.58154],[-58.48301,-34.58147],[-58.48215,-34.58097],[-58.48113,-34.58037],[-58.48099,-34.58029],[-58.48048,-34.58],[-58.48031,-34.5799],[-58.48018,-34.57983],[-58.47923,-34.57928],[-58.47899,-34.57913],[-58.47866,-34.57893],[-58.4782,-34.57867],[-58.47777,-34.57843],[-58.47733,-34.57818],[-58.47715,-34.57808],[-58.4756,-34.5772],[-58.47501,-34.57686],[-58.47498,-34.57685],[-58.47485,-34.57677],[-58.47462,-34.57664],[-58.47383,-34.57619],[-58.47374,-34.57614],[-58.47369,-34.57611],[-58.47355,-34.57604],[-58.47289,-34.57566],[-58.47274,-34.57558],[-58.47196,-34.57513],[-58.47181,-34.57504],[-58.47087,-34.5745],[-58.46993,-34.57397],[-58.46914,-34.57352],[-58.46829,-34.57303],[-58.46808,-34.57291],[-58.46737,-34.5725],[-58.46604,-34.57334],[-58.46499,-34.574],[-58.46336,-34.57501],[-58.46319,-34.57511],[-58.46238,-34.57604],[-58.46225,-34.57617],[-58.46161,-34.57684],[-58.46063,-34.57786],[-58.46055,-34.57795],[-58.46023,-34.5783],[-58.4602,-34.5783],[-58.4601,-34.5783],[-58.45979,-34.57832],[-58.4597,-34.57833],[-58.45854,-34.5784],[-58.45777,-34.57844],[-58.45775,-34.57844],[-58.45734,-34.57855],[-58.45716,-34.5786],[-58.45715,-34.5786],[-58.45597,-34.57892],[-58.4554,-34.57908],[-58.45486,-34.57925],[-58.45354,-34.57967],[-58.45302,-34.57984],[-58.4522,-34.5801],[-58.45214,-34.58012],[-58.45202,-34.58016],[-58.45125,-34.58041],[-58.45102,-34.58048],[-58.45101,-34.58048],[-58.45095,-34.58051],[-58.45052,-34.58068],[-58.45,-34.58089],[-58.44968,-34.58101],[-58.4496,-34.58105],[-58.44944,-34.5811],[-58.44919,-34.58119],[-58.44846,-34.58146],[-58.4484,-34.58149],[-58.44833,-34.58151],[-58.44829,-34.58153],[-58.44828,-34.58153],[-58.44828,-34.58153],[-58.44805,-34.58163],[-58.44709,-34.58204],[-58.44618,-34.58243],[-58.44579,-34.5826],[-58.44464,-34.58309],[-58.44447,-34.58317],[-58.44445,-34.58318],[-58.44441,-34.58319],[-58.4444,-34.5832],[-58.4444,-34.5832],[-58.44479,-34.58452],[-58.44459,-34.58467],[-58.44348,-34.58541],[-58.44243,-34.5861],[-58.4414,-34.58679],[-58.44109,-34.58699],[-58.44016,-34.58761],[-58.43939,-34.58811],[-58.43862,-34.58863],[-58.43855,-34.58867],[-58.43854,-34.58867],[-58.43854,-34.58867],[-58.4385,-34.5887],[-58.43825,-34.58886],[-58.43823,-34.58888],[-58.43805,-34.589],[-58.43713,-34.58962],[-58.43618,-34.59026],[-58.43604,-34.59035],[-58.43531,-34.59083],[-58.43437,-34.59145],[-58.43414,-34.59161],[-58.43354,-34.592],[-58.43345,-34.59206],[-58.43343,-34.59208],[-58.43236,-34.59279],[-58.43122,-34.59355],[-58.43075,-34.59386],[-58.43029,-34.59417],[-58.43021,-34.59421],[-58.43006,-34.59431],[-58.42935,-34.59475],[-58.42933,-34.59476],[-58.42917,-34.59486],[-58.42809,-34.59552],[-58.42703,-34.59617],[-58.42699,-34.59619],[-58.42695,-34.59622],[-58.42695,-34.59622],[-58.42624,-34.59652],[-58.42603,-34.59662]]]}}]}