{"type":"FeatureCollection","name":"gba_partidos","features":[{"type":"Feature","properties":{"id":"06308","nombre":"General Guido"},"geometry":{"type":"Polygon","coordinates":[[[-57.98676,-36.27783],[-57.77546,-36.43764],[-57.80981,-36.46702],[-57.77795,-36.49294],[-57.84853,-36.55517],[-57.76351,-36.62394],[-57.77636,-36.63453],[-57.66058,-36.72314],[-57.70711,-36.76301],[-57.74572,-36.73426],[-57.89164,-36.85449],[-57.91961,-36.83324],[-57.97236,-36.87782],[-57.94391,-36.8988],[-58.01067,-36.95872],[-57.94445,-37.0076],[-58.01987,-37.07597],[-58.28654,-36.88103],[-58.11442,-36.72812],[-58.22618,-36.62767],[-58.10146,-36.52129],[-58.18942,-36.45236],[-57.98676,-36.27783]]]}},{"type":"Feature","properties":{"id":"06315","nombre":"General Juan Madariaga"},"geometry":{"type":"Polygon","coordinates":[[[-57.10683,-36.83551],[-57.08975,-36.82952],[-56.99718,-36.86182],[-56.99154,-36.88948],[-57.00592,-36.90971],[-56.97939,-36.90336],[-56.98515,-36.94953],[-56.94007,-36.95936],[-56.95493,-36.98906],[-56.94698,-36.99509],[-56.81949,-37.0252],[-56.99197,-37.23709],[-57.04252,-37.23149],[-56.99358,-37.24127],[-57.10564,-37.37807],[-57.16338,-37.48575],[-57.21112,-37.53301],[-57.67482,-37.20294],[-57.5664,-37.10527],[-57.48694,-37.10495],[-57.49339,-37.01714],[-57.30492,-37.00389],[-57.32166,-36.91063],[-57.22393,-36.90859],[-57.23351,-36.7885],[-57.17582,-36.78442],[-57.10683,-36.83551]]]}},{"type":"Feature","properties":{"id":"06819","nombre":"Tornquist"},"geometry":{"type":"Polygon","coordinates":[[[-62.10005,-37.93545],[-62.0496,-37.9715],[-62.05036,-37.99073],[-61.95163,-38.05699],[-61.92978,-38.03912],[-61.94947,-38.02281],[-61.93072,-38.00846],[-61.8267,-38.06566],[-61.82181,-38.09726],[-61.79975,-38.10958],[-61.79269,-38.13749],[-61.77568,-38.14115],[-61.78323,-38.15844],[-61.76032,-38.17868],[-61.76988,-38.19691],[-61.73725,-38.21832],[-61.69692,-38.28532],[-61.71752,-38.28759],[-61.71708,-38.30963],[-61.75125,-38.36375],[-61.75662,-38.38418],[-61.74087,-38.40856],[-61.78188,-38.43753],[-61.7816,-38.45994],[-61.81274,-38.48546],[-61.89304,-38.42614],[-61.92536,-38.45346],[-61.93861,-38.41121],[-61.9886,-38.45251],[-62.01018,-38.43623],[-61.99865,-38.42681],[-62.08465,-38.36274],[-62.19634,-38.45202],[-62.22069,-38.43341],[-62.20949,-38.42442],[-62.22774,-38.4106],[-62.20907,-38.39543],[-62.23976,-38.36088],[-62.34185,-38.44265],[-62.38781,-38.40855],[-62.61446,-38.59162],[-62.64897,-38.51661],[-62.73722,-38.58584],[-62.89967,-38.45666],[-62.65499,-38.26701],[-62.73595,-38.20248],[-62.65471,-38.13911],[-62.81439,-38.01074],[-62.73443,-37.94867],[-62.5753,-38.07517],[-62.48968,-38.00818],[-62.46314,-38.072],[-62.44228,-38.05585],[-62.34607,-38.13629],[-62.33098,-38.10801],[-62.28238,-38.09016],[-62.24484,-38.04173],[-62.17794,-38.00205],[-62.15799,-37.96656],[-62.10005,-37.93545]]]}},{"type":"Feature","properties":{"id":"06196","nombre":"Coronel Pringles"},"geometry":{"type":"Polygon","coordinates":[[[-61.02652,-37.80244],[-60.74377,-38.01605],[-60.75949,-38.02854],[-60.67625,-38.09313],[-60.72923,-38.13024],[-60.71872,-38.22423],[-60.74687,-38.22995],[-60.74063,-38.33072],[-60.83612,-38.40382],[-60.99084,-38.31063],[-61.07781,-38.29335],[-61.13578,-38.30552],[-61.18856,-38.29058],[-61.31918,-38.39309],[-61.32873,-38.37533],[-61.46469,-38.48307],[-61.47271,-38.47605],[-61.51436,-38.50919],[-61.52573,-38.5007],[-61.59592,-38.54625],[-61.7285,-38.65709],[-61.75418,-38.61525],[-61.74762,-38.59689],[-61.77864,-38.57958],[-61.79518,-38.52901],[-61.7851,-38.51803],[-61.78393,-38.44079],[-61.74087,-38.40856],[-61.75662,-38.38418],[-61.75125,-38.36375],[-61.71708,-38.30963],[-61.71752,-38.28759],[-61.69692,-38.28532],[-61.73725,-38.21832],[-61.76988,-38.19691],[-61.75961,-38.19196],[-61.76739,-38.17245],[-61.66295,-38.09076],[-61.68295,-38.0742],[-61.17803,-37.68084],[-61.02652,-37.80244]]]}},{"type":"Feature","properties":{"id":"06875","nombre":"Villarino"},"geometry":{"type":"MultiPolygon","coordinates":[[[[-62.73734,-38.58575],[-62.64897,-38.51661],[-62.60711,-38.61632],[-62.47289,-38.66329],[-62.45138,-38.72997],[-62.4271,-38.76086],[-62.39902,-38.74947],[-62.35492,-38.75567],[-62.29542,-38.78858],[-62.33722,-38.81446],[-62.35182,-38.80269],[-62.36071,-38.81372],[-62.37142,-38.7993],[-62.36381,-38.81435],[-62.37927,-38.80123],[-62.37496,-38.8114],[-62.38501,-38.81051],[-62.38623,-38.80364],[-62.39727,-38.79561],[-62.38852,-38.81503],[-62.41401,-38.8175],[-62.39334,-38.82068],[-62.39531,-38.83445],[-62.38716,-38.83806],[-62.37579,-38.82564],[-62.37195,-38.84367],[-62.36272,-38.84546],[-62.36079,-38.82668],[-62.3479,-38.84641],[-62.33605,-38.83644],[-62.32615,-38.83818],[-62.35195,-38.86304],[-62.32053,-38.90427],[-62.34571,-38.95031],[-62.32174,-38.96844],[-62.32137,-38.99575],[-62.30038,-38.9934],[-62.31694,-39.00299],[-62.29928,-39.02501],[-62.30661,-39.05289],[-62.35416,-39.10111],[-62.33055,-39.11658],[-62.35202,-39.113],[-62.33234,-39.1325],[-62.34223,-39.16295],[-62.28637,-39.23329],[-62.26029,-39.23124],[-62.23741,-39.25159],[-62.28601,-39.25667],[-62.30169,-39.24504],[-62.31692,-39.26605],[-62.12989,-39.29272],[-62.06229,-39.31983],[-62.04077,-39.34913],[-62.01094,-39.35781],[-62.02264,-39.39061],[-62.08559,-39.39011],[-62.16746,-39.33112],[-62.18501,-39.29836],[-62.19994,-39.3074],[-62.2885,-39.29864],[-62.27715,-39.30675],[-62.2859,-39.31732],[-62.26056,-39.31543],[-62.26251,-39.31891],[-62.27443,-39.31736],[-62.28683,-39.32293],[-62.25982,-39.32229],[-62.27993,-39.32586],[-62.26261,-39.34723],[-62.23032,-39.35301],[-62.20312,-39.34685],[-62.21157,-39.36093],[-62.23931,-39.36019],[-62.19418,-39.37697],[-62.20759,-39.40104],[-62.19243,-39.38226],[-62.18044,-39.39697],[-62.16707,-39.37527],[-62.17223,-39.39077],[-62.16403,-39.39746],[-62.14986,-39.38002],[-62.14719,-39.39781],[-62.16049,-39.40004],[-62.148,-39.40286],[-62.14121,-39.39501],[-62.0455,-39.44742],[-62.08958,-39.5401],[-62.11906,-39.66255],[-62.09931,-39.68561],[-62.10621,-39.66684],[-62.09223,-39.67983],[-62.12271,-39.70767],[-62.11177,-39.70607],[-62.12604,-39.76686],[-62.11483,-39.83999],[-62.12731,-39.85911],[-62.14634,-39.85758],[-62.16653,-39.83018],[-62.21501,-39.83995],[-62.23354,-39.81623],[-62.29967,-39.79721],[-62.33783,-39.80227],[-62.37079,-39.77566],[-62.38911,-39.78079],[-62.3939,-39.77198],[-62.37509,-39.76401],[-62.39758,-39.75362],[-62.40891,-39.72502],[-62.43102,-39.72477],[-62.47639,-39.69367],[-62.48656,-39.66562],[-62.47505,-39.62824],[-62.49034,-39.60751],[-62.53704,-39.57516],[-62.61684,-39.54809],[-62.62662,-39.52987],[-62.69157,-39.53479],[-62.75441,-39.50618],[-62.85802,-39.5305],[-62.90868,-39.50514],[-62.95882,-39.51757],[-62.97316,-39.50373],[-63.01338,-39.50328],[-63.01696,-39.48569],[-63.02832,-39.49487],[-63.03268,-39.48097],[-63.07218,-39.47806],[-63.06602,-39.46019],[-63.09969,-39.46815],[-63.09173,-39.45158],[-63.11311,-39.45177],[-63.10185,-39.42441],[-63.13665,-39.39372],[-63.17345,-39.41302],[-63.23932,-39.36635],[-63.38327,-39.32849],[-63.38424,-38.82922],[-62.89967,-38.45666],[-62.73734,-38.58575]]],[[[-61.99898,-39.09074],[-61.98671,-39.09757],[-62.00148,-39.10474],[-61.99874,-39.10916],[-61.98961,-39.10951],[-62.00294,-39.11617],[-61.99911,-39.13005],[-61.98972,-39.12604],[-61.99822,-39.11679],[-61.98774,-39.10909],[-61.99954,-39.10545],[-61.98565,-39.10077],[-61.9847,-39.09568],[-61.9903,-39.08971],[-61.97725,-39.09006],[-61.9805,-39.10138],[-61.96688,-39.11454],[-61.97523,-39.09019],[-61.93172,-39.0956],[-61.9281,-39.0992],[-61.93245,-39.10253],[-61.93008,-39.10628],[-61.9369,-39.10226],[-61.94142,-39.10267],[-61.94506,-39.10674],[-61.94317,-39.11418],[-61.9404,-39.10356],[-61.92877,-39.10743],[-61.91287,-39.10166],[-61.9264,-39.11165],[-61.91735,-39.11147],[-61.92484,-39.12063],[-61.91349,-39.13154],[-61.92314,-39.14126],[-61.93411,-39.1385],[-61.94725,-39.14733],[-61.9287,-39.14],[-61.90929,-39.16265],[-61.90469,-39.14548],[-61.88864,-39.15865],[-61.88776,-39.10665],[-61.89558,-39.0909],[-61.8848,-39.09658],[-61.87072,-39.15018],[-61.88546,-39.15906],[-61.87973,-39.16502],[-61.86901,-39.165],[-61.86504,-39.19402],[-61.87359,-39.19202],[-61.8834,-39.19989],[-61.86359,-39.19392],[-61.86494,-39.16212],[-61.85237,-39.19361],[-61.85207,-39.22467],[-61.86982,-39.24433],[-61.94574,-39.19322],[-61.94981,-39.1786],[-61.97795,-39.18255],[-61.99451,-39.16766],[-62.0568,-39.15767],[-62.05447,-39.13625],[-62.03963,-39.13456],[-62.03487,-39.11557],[-62.04137,-39.10942],[-62.01617,-39.11767],[-62.03209,-39.10987],[-62.01299,-39.10756],[-62.01132,-39.10024],[-62.02073,-39.08718],[-61.99898,-39.09074]]],[[[-62.04053,-38.99616],[-62.01147,-39.00868],[-62.02016,-39.01947],[-62.00822,-39.01481],[-62.04052,-39.03977],[-62.07445,-39.00336],[-62.09708,-39.02381],[-62.11201,-39.00873],[-62.12677,-39.00462],[-62.07921,-38.98387],[-62.04053,-38.99616]]],[[[-62.03767,-39.08173],[-62.02214,-39.08552],[-62.01446,-39.10683],[-62.02282,-39.10306],[-62.03778,-39.10313],[-62.04279,-39.11126],[-62.03632,-39.11505],[-62.05537,-39.13472],[-62.06118,-39.15039],[-62.07288,-39.14867],[-62.07469,-39.1347],[-62.06139,-39.13505],[-62.08405,-39.09944],[-62.08013,-39.08554],[-62.03767,-39.08173]]],[[[-62.08421,-39.23239],[-62.06448,-39.246],[-62.11473,-39.24383],[-62.1575,-39.21108],[-62.15953,-39.19535],[-62.08421,-39.23239]]],[[[-61.89547,-39.13342],[-61.90454,-39.13547],[-61.8982,-39.14465],[-61.90746,-39.14394],[-61.91077,-39.15405],[-61.92062,-39.14196],[-61.9102,-39.12844],[-61.92245,-39.11995],[-61.9084,-39.10754],[-61.89027,-39.12251],[-61.89547,-39.13342]]],[[[-62.01817,-39.23892],[-61.99696,-39.24842],[-62.01104,-39.2617],[-62.03276,-39.25145],[-62.01817,-39.23892]]],[[[-62.24049,-38.83921],[-62.22742,-38.85729],[-62.27097,-38.83942],[-62.25775,-38.82722],[-62.24049,-38.83921]]],[[[-62.26068,-38.93248],[-62.28321,-38.95184],[-62.29411,-38.94493],[-62.2804,-38.92624],[-62.25598,-38.92418],[-62.26068,-38.93248]]],[[[-62.12721,-39.00606],[-62.12226,-39.02865],[-62.14064,-39.03554],[-62.13808,-39.01305],[-62.12721,-39.00606]]],[[[-62.29913,-39.02316],[-62.30219,-39.00986],[-62.27031,-38.99986],[-62.2781,-39.0176],[-62.29913,-39.02316]]],[[[-62.04973,-38.98321],[-62.02181,-38.98597],[-62.01414,-38.99414],[-62.05653,-38.98205],[-62.04973,-38.98321]]],[[[-62.26291,-38.82164],[-62.27399,-38.81952],[-62.27977,-38.80011],[-62.25939,-38.81363],[-62.26291,-38.82164]]],[[[-62.30279,-38.87248],[-62.28688,-38.877],[-62.30516,-38.87834],[-62.29443,-38.89246],[-62.31258,-38.88209],[-62.30279,-38.87248]]],[[[-62.23469,-39.18479],[-62.22386,-39.19807],[-62.22455,-39.20515],[-62.24048,-39.19038],[-62.23469,-39.18479]]],[[[-62.23474,-39.33826],[-62.22683,-39.33821],[-62.21182,-39.34415],[-62.22009,-39.34987],[-62.23474,-39.33826]]],[[[-62.30714,-38.84396],[-62.29915,-38.84624],[-62.29485,-38.85259],[-62.30866,-38.85511],[-62.316,-38.84484],[-62.30714,-38.84396]]],[[[-62.20089,-39.00601],[-62.2089,-39.00911],[-62.21042,-39.02132],[-62.21837,-39.00669],[-62.20089,-39.00601]]],[[[-62.32237,-38.84892],[-62.31766,-38.84795],[-62.31367,-38.85571],[-62.33088,-38.84797],[-62.32237,-38.84892]]],[[[-62.28589,-38.87154],[-62.28176,-38.86999],[-62.27921,-38.87203],[-62.26738,-38.87325],[-62.28589,-38.87154]]],[[[-62.30464,-38.8321],[-62.30782,-38.83765],[-62.31925,-38.83828],[-62.31784,-38.83366],[-62.30464,-38.8321]]],[[[-62.31372,-38.87164],[-62.31841,-38.87461],[-62.32439,-38.87424],[-62.3162,-38.86378],[-62.31372,-38.87164]]],[[[-62.29534,-38.96174],[-62.30324,-38.96171],[-62.29839,-38.95269],[-62.29636,-38.95417],[-62.29534,-38.96174]]],[[[-62.08007,-38.9806],[-62.08395,-38.97964],[-62.07075,-38.97689],[-62.07119,-38.97907],[-62.08007,-38.9806]]],[[[-61.87372,-39.16341],[-61.87671,-39.16215],[-61.8712,-39.15106],[-61.87043,-39.15336],[-61.87372,-39.16341]]],[[[-62.27885,-38.85224],[-62.28209,-38.8586],[-62.28645,-38.85839],[-62.28428,-38.85256],[-62.27885,-38.85224]]],[[[-62.2522,-39.34098],[-62.24603,-39.3385],[-62.25508,-39.34267],[-62.25906,-39.33813],[-62.2522,-39.34098]]],[[[-62.19387,-39.17804],[-62.19782,-39.17485],[-62.1947,-39.17237],[-62.19002,-39.1755],[-62.19387,-39.17804]]],[[[-62.28576,-38.95955],[-62.29199,-38.96188],[-62.29457,-38.95431],[-62.28512,-38.95871],[-62.28576,-38.95955]]],[[[-62.27357,-38.86797],[-62.26822,-38.86878],[-62.27929,-38.87107],[-62.2788,-38.86897],[-62.27357,-38.86797]]],[[[-62.24929,-39.33398],[-62.2494,-39.3363],[-62.26015,-39.33424],[-62.25153,-39.33323],[-62.24929,-39.33398]]],[[[-61.91249,-39.09903],[-61.90768,-39.09957],[-61.91259,-39.10018],[-61.91946,-39.09794],[-61.91249,-39.09903]]],[[[-62.28172,-38.97682],[-62.28898,-38.97911],[-62.29121,-38.97731],[-62.28354,-38.97531],[-62.28172,-38.97682]]],[[[-62.30149,-38.8233],[-62.30587,-38.82537],[-62.30983,-38.82402],[-62.30254,-38.82091],[-62.30149,-38.8233]]],[[[-62.23601,-38.87089],[-62.23682,-38.8744],[-62.24145,-38.87413],[-62.24048,-38.87144],[-62.23601,-38.87089]]],[[[-62.33,-38.85953],[-62.33196,-38.86091],[-62.3358,-38.8589],[-62.33326,-38.85553],[-62.33,-38.85953]]],[[[-62.32395,-38.82898],[-62.32393,-38.82681],[-62.31679,-38.82485],[-62.31712,-38.82653],[-62.32395,-38.82898]]],[[[-62.03493,-39.1067],[-62.03748,-39.10448],[-62.03228,-39.10394],[-62.03213,-39.10432],[-62.03493,-39.1067]]],[[[-61.86611,-39.15805],[-61.8672,-39.15631],[-61.8652,-39.15368],[-61.86328,-39.15574],[-61.86611,-39.15805]]],[[[-62.30997,-38.9904],[-62.31178,-38.99189],[-62.313,-38.98799],[-62.31013,-38.9888],[-62.30997,-38.9904]]],[[[-62.25555,-38.8705],[-62.25801,-38.86822],[-62.25735,-38.86685],[-62.25453,-38.86892],[-62.25555,-38.8705]]],[[[-62.26762,-38.86685],[-62.26931,-38.86576],[-62.26487,-38.86392],[-62.26491,-38.86486],[-62.26762,-38.86685]]],[[[-62.25946,-38.86759],[-62.26034,-38.86762],[-62.2623,-38.86652],[-62.26031,-38.86616],[-62.25946,-38.86759]]],[[[-62.26186,-38.863],[-62.26393,-38.8626],[-62.26439,-38.86188],[-62.2617,-38.86218],[-62.26186,-38.863]]],[[[-62.25762,-38.86539],[-62.25903,-38.86532],[-62.25918,-38.86524],[-62.25724,-38.86464],[-62.25762,-38.86539]]],[[[-62.25406,-38.86606],[-62.25453,-38.8661],[-62.25474,-38.8655],[-62.25354,-38.86564],[-62.25406,-38.86606]]]]}},{"type":"Feature","properties":{"id":"06749","nombre":"San Fernando"},"geometry":{"type":"MultiPolygon","coordinates":[[[[-58.36352,-34.02206],[-58.34499,-34.0384],[-58.33674,-34.08435],[-58.35415,-34.21647],[-58.39255,-34.23356],[-58.38132,-34.23995],[-58.3894,-34.26259],[-58.42432,-34.28155],[-58.45958,-34.32479],[-58.71215,-34.2489],[-58.6914,-34.17243],[-58.7467,-34.16551],[-58.76385,-34.12647],[-58.80475,-34.08752],[-58.6753,-34.02547],[-58.60717,-34.03787],[-58.4632,-34.00189],[-58.36352,-34.02206]]],[[[-58.54505,-34.43073],[-58.51617,-34.44332],[-58.6003,-34.49035],[-58.59517,-34.44834],[-58.55795,-34.42409],[-58.54505,-34.43073]]],[[[-58.28379,-34.2099],[-58.29243,-34.23141],[-58.29771,-34.21857],[-58.32991,-34.20595],[-58.31226,-34.18627],[-58.28379,-34.2099]]],[[[-58.32001,-34.17654],[-58.31727,-34.18192],[-58.33447,-34.19526],[-58.33323,-34.17875],[-58.32001,-34.17654]]],[[[-58.3371,-34.23725],[-58.34887,-34.22169],[-58.3388,-34.21427],[-58.33227,-34.22135],[-58.3371,-34.23725]]],[[[-58.30988,-34.2294],[-58.3299,-34.23171],[-58.3308,-34.2137],[-58.31697,-34.22559],[-58.30988,-34.2294]]],[[[-58.32783,-34.16309],[-58.33497,-34.17389],[-58.3421,-34.15129],[-58.33179,-34.15392],[-58.32783,-34.16309]]],[[[-58.31944,-34.21535],[-58.30696,-34.21796],[-58.3095,-34.22678],[-58.33042,-34.21057],[-58.31944,-34.21535]]],[[[-58.32178,-34.1732],[-58.33274,-34.17756],[-58.33439,-34.17721],[-58.32585,-34.16331],[-58.32178,-34.1732]]],[[[-58.25293,-34.20683],[-58.2503,-34.21435],[-58.25317,-34.21698],[-58.2601,-34.20836],[-58.25293,-34.20683]]],[[[-58.26178,-34.2305],[-58.26454,-34.23672],[-58.27103,-34.22577],[-58.26805,-34.22474],[-58.26178,-34.2305]]],[[[-58.32505,-34.24909],[-58.33072,-34.2467],[-58.33005,-34.24169],[-58.32355,-34.24498],[-58.32505,-34.24909]]],[[[-58.33903,-34.14983],[-58.34087,-34.14948],[-58.33655,-34.13898],[-58.33427,-34.14597],[-58.33903,-34.14983]]],[[[-58.32811,-34.23425],[-58.3243,-34.23545],[-58.32908,-34.23896],[-58.3305,-34.23418],[-58.32811,-34.23425]]],[[[-58.29549,-34.23432],[-58.2973,-34.23461],[-58.29813,-34.23198],[-58.29465,-34.23183],[-58.29549,-34.23432]]],[[[-58.32333,-34.23657],[-58.31929,-34.23732],[-58.31922,-34.23866],[-58.32572,-34.23777],[-58.32333,-34.23657]]],[[[-58.32983,-34.15216],[-58.33244,-34.14968],[-58.33228,-34.14684],[-58.33046,-34.1482],[-58.32983,-34.15216]]]]}},{"type":"Feature","properties":{"id":"06805","nombre":"Tigre"},"geometry":{"type":"Polygon","coordinates":[[[-58.47202,-34.32351],[-58.43694,-34.30088],[-58.44139,-34.38666],[-58.4892,-34.44407],[-58.52351,-34.44378],[-58.55795,-34.42409],[-58.59517,-34.44834],[-58.60634,-34.53454],[-58.67821,-34.47465],[-58.73463,-34.40246],[-58.70533,-34.37297],[-58.72062,-34.36329],[-58.67981,-34.34569],[-58.64952,-34.2666],[-58.47202,-34.32351]]]}},{"type":"Feature","properties":{"id":"06413","nombre":"Junín"},"geometry":{"type":"Polygon","coordinates":[[[-61.01318,-34.30632],[-60.96644,-34.34583],[-60.90268,-34.32608],[-60.6467,-34.53305],[-60.7584,-34.63079],[-60.74145,-34.64912],[-60.71396,-34.64713],[-60.79551,-34.71747],[-60.76449,-34.74103],[-60.81568,-34.78965],[-60.84925,-34.76302],[-60.90399,-34.81084],[-61.04818,-34.69291],[-61.15116,-34.77721],[-61.22255,-34.71737],[-61.20474,-34.70249],[-61.33848,-34.59217],[-61.2752,-34.54121],[-61.35551,-34.47395],[-61.27581,-34.40173],[-61.24315,-34.39984],[-61.23422,-34.43335],[-61.22114,-34.43779],[-61.19218,-34.41829],[-61.19394,-34.36568],[-61.16839,-34.35937],[-61.09815,-34.28453],[-61.0701,-34.30721],[-61.04155,-34.28329],[-61.01318,-34.30632]]]}},{"type":"Feature","properties":{"id":"06224","nombre":"Chivilcoy"},"geometry":{"type":"Polygon","coordinates":[[[-59.98813,-34.67641],[-59.96787,-34.69185],[-59.94468,-34.67198],[-59.79005,-34.78848],[-59.80914,-34.80541],[-59.79812,-34.82566],[-59.75017,-34.87429],[-59.69824,-34.89768],[-59.60518,-34.99771],[-59.82224,-35.17682],[-59.83573,-35.15778],[-59.87039,-35.15261],[-59.90557,-35.11487],[-59.97364,-35.13279],[-60.04694,-35.09252],[-60.13272,-35.08242],[-60.15125,-35.06564],[-60.11875,-35.03516],[-60.30415,-34.8811],[-60.17299,-34.77025],[-60.19076,-34.75677],[-60.17414,-34.74305],[-60.19184,-34.72874],[-60.10685,-34.6575],[-60.06352,-34.69113],[-60.0066,-34.64101],[-59.98813,-34.67641]]]}},{"type":"Feature","properties":{"id":"06021","nombre":"Alberti"},"geometry":{"type":"Polygon","coordinates":[[[-60.28146,-34.79361],[-60.23955,-34.82653],[-60.30415,-34.8811],[-60.11875,-35.03516],[-60.15125,-35.06564],[-60.13272,-35.08242],[-60.05429,-35.09075],[-60.02109,-35.10804],[-60.23504,-35.29586],[-60.35384,-35.19383],[-60.33853,-35.17974],[-60.36504,-35.15958],[-60.32894,-35.12766],[-60.38869,-35.08823],[-60.44002,-35.03678],[-60.43491,-35.01639],[-60.47391,-34.99761],[-60.48776,-34.9748],[-60.4746,-34.93991],[-60.45304,-34.93041],[-60.44871,-34.87931],[-60.46028,-34.86238],[-60.32251,-34.76153],[-60.28146,-34.79361]]]}},{"type":"Feature","properties":{"id":"06112","nombre":"Bragado"},"geometry":{"type":"Polygon","coordinates":[[[-60.7124,-34.64714],[-60.68532,-34.65704],[-60.68637,-34.70765],[-60.65771,-34.70927],[-60.62576,-34.74336],[-60.62763,-34.75965],[-60.58805,-34.81675],[-60.55827,-34.82957],[-60.54081,-34.82152],[-60.52928,-34.84162],[-60.49468,-34.83849],[-60.45515,-34.86419],[-60.45304,-34.93041],[-60.4746,-34.93991],[-60.48538,-34.98029],[-60.43491,-35.01639],[-60.44002,-35.03678],[-60.38869,-35.08823],[-60.32894,-35.12766],[-60.36504,-35.15958],[-60.33853,-35.17974],[-60.35384,-35.19383],[-60.31579,-35.22313],[-60.52805,-35.4103],[-60.87266,-35.14367],[-60.75423,-35.0414],[-60.84769,-34.96808],[-60.72396,-34.86123],[-60.81568,-34.78965],[-60.76449,-34.74103],[-60.79551,-34.71747],[-60.7124,-34.64714]]]}},{"type":"Feature","properties":{"id":"06329","nombre":"General Las Heras"},"geometry":{"type":"Polygon","coordinates":[[[-59.03175,-34.76382],[-58.9515,-34.83118],[-58.93619,-34.81783],[-58.92511,-34.82631],[-58.84527,-34.89171],[-58.85909,-34.90405],[-58.77748,-34.96496],[-58.9341,-35.10351],[-59.01481,-35.04129],[-58.99258,-35.02143],[-59.21873,-34.85257],[-59.08981,-34.71714],[-59.03175,-34.76382]]]}},{"type":"Feature","properties":{"id":"06525","nombre":"Marcos Paz"},"geometry":{"type":"Polygon","coordinates":[[[-58.86029,-34.68521],[-58.86089,-34.70133],[-58.70705,-34.81127],[-58.77404,-34.82866],[-58.74986,-34.84737],[-58.76249,-34.85842],[-58.69411,-34.91219],[-58.76534,-34.959],[-58.79114,-34.95532],[-58.85909,-34.90405],[-58.84527,-34.89171],[-58.93619,-34.81783],[-58.9515,-34.83118],[-59.03373,-34.76693],[-58.99829,-34.76279],[-58.93534,-34.70373],[-58.86029,-34.68521]]]}},{"type":"Feature","properties":{"id":"06854","nombre":"25 de Mayo"},"geometry":{"type":"Polygon","coordinates":[[[-59.98928,-35.12981],[-59.90557,-35.11487],[-59.87039,-35.15261],[-59.83573,-35.15778],[-59.82237,-35.17681],[-59.77416,-35.17397],[-59.72139,-35.22268],[-59.69912,-35.21095],[-59.66918,-35.2231],[-59.66388,-35.21001],[-59.57374,-35.17806],[-59.54301,-35.20435],[-59.54998,-35.26753],[-59.50606,-35.28926],[-59.58576,-35.35996],[-59.64251,-35.31661],[-59.7129,-35.37877],[-59.75548,-35.34674],[-59.82544,-35.40735],[-59.76867,-35.45104],[-59.77501,-35.47847],[-59.83035,-35.49694],[-59.90604,-35.48093],[-60.00489,-35.52892],[-60.02873,-35.55525],[-60.00979,-35.57566],[-60.0106,-35.5971],[-60.03997,-35.6242],[-60.03395,-35.65624],[-60.00544,-35.6617],[-60.02575,-35.67235],[-60.02437,-35.69562],[-60.05925,-35.70946],[-60.11673,-35.66444],[-60.41714,-35.92824],[-60.46155,-35.94931],[-60.46244,-35.97272],[-60.49487,-35.99499],[-60.51575,-35.98497],[-60.53106,-36.00056],[-60.63807,-35.92107],[-60.69545,-35.96881],[-60.86792,-35.84001],[-60.44488,-35.47332],[-60.52805,-35.4103],[-60.3231,-35.22972],[-60.23504,-35.29586],[-60.02109,-35.10804],[-59.98928,-35.12981]]]}},{"type":"Feature","properties":{"id":"06588","nombre":"9 de Julio"},"geometry":{"type":"Polygon","coordinates":[[[-60.86863,-35.14543],[-60.44488,-35.47332],[-60.96967,-35.92662],[-61.10173,-35.82476],[-61.0319,-35.76555],[-61.2726,-35.56008],[-61.28802,-35.57282],[-61.53193,-35.37853],[-61.27818,-35.16585],[-61.15502,-35.26417],[-61.06251,-35.18678],[-60.98463,-35.2466],[-60.86863,-35.14543]]]}},{"type":"Feature","properties":{"id":"06609","nombre":"Pehuajó"},"geometry":{"type":"Polygon","coordinates":[[[-61.72474,-35.53738],[-61.57437,-35.64308],[-61.60119,-35.6645],[-61.50277,-35.74542],[-61.63612,-35.85274],[-61.54368,-35.92899],[-61.56005,-35.94276],[-61.43614,-36.03924],[-61.45038,-36.05144],[-61.49149,-36.0191],[-61.59672,-36.10728],[-61.61637,-36.09159],[-61.68908,-36.14031],[-61.70262,-36.12927],[-61.74244,-36.16208],[-61.77255,-36.13856],[-61.94475,-36.26856],[-61.92118,-36.28843],[-61.97444,-36.33363],[-62.01496,-36.30064],[-62.04897,-36.32646],[-62.14431,-36.24547],[-62.17895,-36.27188],[-62.2057,-36.2494],[-62.08244,-36.1523],[-62.43109,-35.85884],[-62.09829,-35.59161],[-62.12999,-35.56537],[-62.05017,-35.50123],[-61.98814,-35.55221],[-61.90631,-35.48561],[-61.78328,-35.58545],[-61.72474,-35.53738]]]}},{"type":"Feature","properties":{"id":"06798","nombre":"Tapalqué"},"geometry":{"type":"Polygon","coordinates":[[[-59.55321,-36.00679],[-59.38245,-36.13538],[-59.63458,-36.35887],[-59.7272,-36.28822],[-59.86257,-36.38976],[-59.93118,-36.46661],[-60.02369,-36.53184],[-59.91889,-36.61481],[-60.06283,-36.73181],[-60.135,-36.67483],[-60.16141,-36.71966],[-60.28557,-36.61995],[-60.3265,-36.65252],[-60.47805,-36.52973],[-60.43841,-36.49777],[-60.53223,-36.41252],[-60.64997,-36.34288],[-60.7288,-36.40269],[-60.76283,-36.37861],[-60.87544,-36.46783],[-60.92962,-36.42455],[-60.86612,-36.37219],[-60.90601,-36.34157],[-60.86025,-36.32251],[-60.80597,-36.25284],[-60.79908,-36.23156],[-60.81038,-36.21036],[-60.72667,-36.13694],[-60.69944,-36.13535],[-60.56518,-36.2362],[-60.52355,-36.21403],[-60.35968,-36.32641],[-60.29692,-36.26707],[-60.24592,-36.30337],[-60.09018,-36.16134],[-59.96694,-36.2486],[-59.94754,-36.20211],[-59.83867,-36.11135],[-59.85865,-36.09567],[-59.79711,-36.04375],[-59.71806,-36.10585],[-59.61386,-36.02386],[-59.59244,-36.04053],[-59.55321,-36.00679]]]}},{"type":"Feature","properties":{"id":"06007","nombre":"Adolfo Alsina"},"geometry":{"type":"Polygon","coordinates":[[[-63.28276,-36.60756],[-62.64731,-37.12305],[-62.59499,-37.09639],[-62.51102,-37.19602],[-62.50955,-37.23377],[-62.53881,-37.25742],[-62.4254,-37.34868],[-62.64215,-37.51981],[-62.8132,-37.37393],[-63.37766,-37.81518],[-63.38537,-36.52495],[-63.28276,-36.60756]]]}},{"type":"Feature","properties":{"id":"06077","nombre":"Arrecifes"},"geometry":{"type":"Polygon","coordinates":[[[-60.10961,-33.81354],[-60.02435,-33.82663],[-59.77871,-34.01381],[-59.812,-34.01516],[-59.84448,-34.05269],[-59.89626,-34.07819],[-59.98479,-34.08464],[-59.9836,-34.19757],[-60.03961,-34.26861],[-60.20288,-34.2039],[-60.20676,-34.17166],[-60.18456,-34.13553],[-60.16669,-34.06153],[-60.19631,-34.05145],[-60.2376,-34.01112],[-60.23147,-33.86979],[-60.15638,-33.74548],[-60.10961,-33.81354]]]}},{"type":"Feature","properties":{"id":"06140","nombre":"Capitán Sarmiento"},"geometry":{"type":"Polygon","coordinates":[[[-59.74648,-33.99814],[-59.75439,-34.01356],[-59.74039,-34.04847],[-59.70723,-34.09359],[-59.72227,-34.13107],[-59.67518,-34.16775],[-59.87394,-34.2643],[-59.89524,-34.23644],[-59.97057,-34.28655],[-60.03961,-34.26861],[-59.9836,-34.19757],[-59.98479,-34.08464],[-59.89626,-34.07819],[-59.84448,-34.05269],[-59.812,-34.01516],[-59.79206,-34.02035],[-59.74648,-33.99814]]]}},{"type":"Feature","properties":{"id":"06714","nombre":"Salto"},"geometry":{"type":"Polygon","coordinates":[[[-60.23754,-34.01109],[-60.19631,-34.05145],[-60.16669,-34.06153],[-60.18456,-34.13553],[-60.20676,-34.17166],[-60.20288,-34.2039],[-59.97077,-34.28642],[-60.01214,-34.32291],[-60.00443,-34.32891],[-60.06503,-34.38265],[-60.08409,-34.36752],[-60.21123,-34.45956],[-60.24578,-34.4319],[-60.31913,-34.49719],[-60.37407,-34.45493],[-60.404,-34.48004],[-60.489,-34.41514],[-60.5169,-34.43917],[-60.57827,-34.39217],[-60.53878,-34.34929],[-60.54917,-34.27566],[-60.46989,-34.19987],[-60.49639,-34.17646],[-60.3124,-34.00145],[-60.23754,-34.01109]]]}},{"type":"Feature","properties":{"id":"06266","nombre":"Exaltación de la Cruz"},"geometry":{"type":"Polygon","coordinates":[[[-59.30539,-34.16204],[-59.10307,-34.20009],[-59.0915,-34.22822],[-59.05715,-34.2415],[-58.91853,-34.38191],[-58.9189,-34.41379],[-58.98026,-34.35064],[-58.99323,-34.35808],[-58.98401,-34.369],[-58.99298,-34.37929],[-59.07591,-34.43534],[-59.09765,-34.46432],[-59.12959,-34.42061],[-59.31035,-34.28943],[-59.29868,-34.26429],[-59.37526,-34.23806],[-59.3666,-34.19892],[-59.3247,-34.16368],[-59.30539,-34.16204]]]}},{"type":"Feature","properties":{"id":"06760","nombre":"San Miguel"},"geometry":{"type":"Polygon","coordinates":[[[-58.61209,-34.52986],[-58.61768,-34.5469],[-58.71337,-34.60564],[-58.77694,-34.55792],[-58.7209,-34.51823],[-58.68913,-34.53016],[-58.64659,-34.50138],[-58.61209,-34.52986]]]}},{"type":"Feature","properties":{"id":"06728","nombre":"San Andrés de Giles"},"geometry":{"type":"Polygon","coordinates":[[[-59.36073,-34.24338],[-59.29868,-34.26429],[-59.31035,-34.28943],[-59.1926,-34.37054],[-59.23932,-34.4137],[-59.21772,-34.44656],[-59.52366,-34.59689],[-59.56882,-34.56059],[-59.63243,-34.61502],[-59.76841,-34.5073],[-59.73511,-34.47782],[-59.76761,-34.45281],[-59.67052,-34.39792],[-59.64458,-34.41753],[-59.61885,-34.39664],[-59.6066,-34.40614],[-59.49073,-34.31892],[-59.4238,-34.30261],[-59.41187,-34.27626],[-59.41948,-34.26861],[-59.37478,-34.23873],[-59.36073,-34.24338]]]}},{"type":"Feature","properties":{"id":"06638","nombre":"Pilar"},"geometry":{"type":"Polygon","coordinates":[[[-58.90127,-34.3111],[-58.81699,-34.4154],[-58.77767,-34.40427],[-58.73731,-34.45642],[-58.78469,-34.47616],[-58.82169,-34.45196],[-58.81352,-34.49115],[-58.8475,-34.54917],[-58.88507,-34.57705],[-58.92842,-34.5162],[-58.96189,-34.53374],[-59.05627,-34.42821],[-58.99298,-34.37929],[-58.98401,-34.369],[-58.99323,-34.35808],[-58.98026,-34.35064],[-58.91967,-34.41477],[-58.92121,-34.37155],[-58.90774,-34.35995],[-58.91735,-34.328],[-58.90127,-34.3111]]]}},{"type":"Feature","properties":{"id":"06497","nombre":"Luján"},"geometry":{"type":"Polygon","coordinates":[[[-59.17759,-34.38852],[-59.12959,-34.42061],[-59.09765,-34.46432],[-59.05627,-34.42821],[-58.9542,-34.54373],[-58.98719,-34.55986],[-58.9866,-34.57744],[-59.07099,-34.60439],[-59.05638,-34.61646],[-59.13608,-34.65886],[-59.09121,-34.71923],[-59.16498,-34.80347],[-59.2559,-34.68558],[-59.24128,-34.67733],[-59.28123,-34.62585],[-59.26245,-34.62012],[-59.33852,-34.50844],[-59.21772,-34.44656],[-59.23932,-34.4137],[-59.19674,-34.37365],[-59.17759,-34.38852]]]}},{"type":"Feature","properties":{"id":"06210","nombre":"Chacabuco"},"geometry":{"type":"Polygon","coordinates":[[[-60.52283,-34.43474],[-60.489,-34.41514],[-60.404,-34.48004],[-60.37407,-34.45493],[-60.31913,-34.49719],[-60.24578,-34.4319],[-60.21123,-34.45956],[-60.15419,-34.41007],[-60.08363,-34.46978],[-60.09804,-34.48293],[-60.01471,-34.5469],[-59.97474,-34.51043],[-59.93031,-34.54351],[-59.90931,-34.5612],[-59.9332,-34.58126],[-59.88457,-34.61943],[-59.96787,-34.69185],[-59.99296,-34.67401],[-60.0066,-34.64101],[-60.06352,-34.69113],[-60.10685,-34.6575],[-60.19184,-34.72874],[-60.17414,-34.74305],[-60.19076,-34.75677],[-60.17299,-34.77025],[-60.24355,-34.82996],[-60.32251,-34.76153],[-60.46028,-34.86238],[-60.49468,-34.83849],[-60.52928,-34.84162],[-60.54081,-34.82152],[-60.55827,-34.82957],[-60.58805,-34.81675],[-60.62763,-34.75965],[-60.62576,-34.74336],[-60.65771,-34.70927],[-60.68637,-34.70765],[-60.68532,-34.65704],[-60.74145,-34.64912],[-60.7584,-34.63079],[-60.6467,-34.53305],[-60.67721,-34.50935],[-60.55985,-34.40644],[-60.52283,-34.43474]]]}},{"type":"Feature","properties":{"id":"06042","nombre":"Ayacucho"},"geometry":{"type":"Polygon","coordinates":[[[-58.21306,-36.61549],[-58.22618,-36.62767],[-58.11442,-36.72812],[-58.28654,-36.88103],[-58.01987,-37.07597],[-57.94442,-37.00758],[-57.76897,-37.13597],[-58.09451,-37.4374],[-58.08398,-37.44506],[-58.16358,-37.38824],[-58.28266,-37.49209],[-58.35463,-37.43985],[-58.4264,-37.50119],[-58.57711,-37.38398],[-58.6109,-37.41126],[-59.09013,-37.06278],[-59.04075,-37.02608],[-59.0215,-36.9601],[-59.00267,-36.94465],[-58.93688,-36.93605],[-58.91121,-36.87642],[-58.87309,-36.86076],[-58.86682,-36.83837],[-58.83701,-36.83625],[-58.79518,-36.806],[-58.79087,-36.78911],[-58.71996,-36.75258],[-58.66685,-36.74293],[-58.72095,-36.70023],[-58.43724,-36.4521],[-58.21306,-36.61549]]]}},{"type":"Feature","properties":{"id":"06399","nombre":"Guaminí"},"geometry":{"type":"Polygon","coordinates":[[[-62.47329,-36.45721],[-62.41154,-36.50918],[-62.38467,-36.48844],[-62.224,-36.62264],[-62.24898,-36.64596],[-62.20179,-36.68458],[-62.17548,-36.66331],[-62.00005,-36.81165],[-61.98355,-36.8047],[-62.01662,-36.8223],[-61.99326,-36.85424],[-62.0197,-36.84969],[-61.8565,-36.99537],[-61.89205,-37.02253],[-61.87568,-37.03658],[-61.91627,-37.06714],[-61.97484,-37.01677],[-62.20297,-37.18714],[-62.21177,-37.18027],[-62.4254,-37.34868],[-62.53881,-37.25742],[-62.50955,-37.23377],[-62.51102,-37.19602],[-62.59499,-37.09639],[-62.64731,-37.12305],[-62.97002,-36.86303],[-62.47329,-36.45721]]]}},{"type":"Feature","properties":{"id":"06364","nombre":"General Rodríguez"},"geometry":{"type":"Polygon","coordinates":[[[-58.90991,-34.54231],[-58.86411,-34.61688],[-58.88431,-34.6272],[-58.88447,-34.6688],[-58.8637,-34.68337],[-58.93534,-34.70373],[-58.99829,-34.76279],[-59.03175,-34.76382],[-59.09121,-34.71923],[-59.13368,-34.66405],[-59.05638,-34.61646],[-59.07099,-34.60439],[-58.9866,-34.57744],[-58.98719,-34.55986],[-58.9542,-34.54373],[-58.96189,-34.53374],[-58.92842,-34.5162],[-58.90991,-34.54231]]]}},{"type":"Feature","properties":{"id":"06784","nombre":"Suipacha"},"geometry":{"type":"Polygon","coordinates":[[[-59.67296,-34.58263],[-59.71641,-34.62002],[-59.52592,-34.76477],[-59.49133,-34.80294],[-59.52259,-34.82879],[-59.46651,-34.87259],[-59.63537,-34.95799],[-59.79812,-34.82566],[-59.80914,-34.80541],[-59.79005,-34.78848],[-59.94468,-34.67198],[-59.75488,-34.51828],[-59.67296,-34.58263]]]}},{"type":"Feature","properties":{"id":"06840","nombre":"Tres de Febrero"},"geometry":{"type":"Polygon","coordinates":[[[-58.6199,-34.54657],[-58.56231,-34.59141],[-58.52297,-34.59756],[-58.52921,-34.65464],[-58.64634,-34.56297],[-58.6199,-34.54657]]]}},{"type":"Feature","properties":{"id":"06574","nombre":"Navarro"},"geometry":{"type":"Polygon","coordinates":[[[-59.19262,-34.81154],[-59.16497,-34.80348],[-59.21873,-34.85257],[-59.07111,-34.96133],[-59.22134,-35.08509],[-59.24769,-35.06479],[-59.25145,-35.09828],[-59.55253,-35.25494],[-59.54301,-35.20435],[-59.5752,-35.17762],[-59.66388,-35.21001],[-59.67041,-35.22315],[-59.69912,-35.21095],[-59.72139,-35.22268],[-59.77529,-35.17336],[-59.82224,-35.17682],[-59.60518,-34.99771],[-59.63537,-34.95799],[-59.40873,-34.84242],[-59.37317,-34.89113],[-59.28944,-34.82168],[-59.27871,-34.83435],[-59.20452,-34.79623],[-59.19262,-34.81154]]]}},{"type":"Feature","properties":{"id":"06134","nombre":"Cañuelas"},"geometry":{"type":"Polygon","coordinates":[[[-58.64294,-34.90064],[-58.59905,-34.94295],[-58.62015,-34.96074],[-58.55426,-35.00914],[-58.60044,-35.05242],[-58.57932,-35.06835],[-58.57792,-35.15166],[-58.46797,-35.23842],[-58.57165,-35.3282],[-58.52511,-35.36657],[-58.5821,-35.42144],[-58.66313,-35.35495],[-58.67415,-35.36038],[-58.70743,-35.33509],[-58.67832,-35.30447],[-58.74675,-35.2527],[-58.77077,-35.27398],[-58.89485,-35.17619],[-58.86897,-35.15357],[-58.9341,-35.10351],[-58.77748,-34.96496],[-58.79107,-34.95526],[-58.76534,-34.959],[-58.72693,-34.92375],[-58.65033,-34.89109],[-58.64294,-34.90064]]]}},{"type":"Feature","properties":{"id":"06483","nombre":"Lobos"},"geometry":{"type":"Polygon","coordinates":[[[-59.00239,-35.0138],[-58.99258,-35.02143],[-59.01481,-35.04129],[-58.86897,-35.15357],[-58.89485,-35.17619],[-58.80859,-35.23932],[-58.92511,-35.3417],[-58.9795,-35.34234],[-59.00584,-35.36692],[-59.02541,-35.35227],[-59.12518,-35.4359],[-59.1646,-35.42057],[-59.16724,-35.4059],[-59.26286,-35.39068],[-59.29261,-35.3654],[-59.32252,-35.37468],[-59.32209,-35.35916],[-59.38007,-35.33345],[-59.39338,-35.29095],[-59.46851,-35.30737],[-59.48033,-35.2873],[-59.52181,-35.287],[-59.54998,-35.26753],[-59.55253,-35.25494],[-59.25145,-35.09828],[-59.24769,-35.06479],[-59.22134,-35.08509],[-59.07104,-34.96124],[-59.00239,-35.0138]]]}},{"type":"Feature","properties":{"id":"06287","nombre":"General Alvear"},"geometry":{"type":"Polygon","coordinates":[[[-60.18266,-35.78118],[-60.11796,-35.83367],[-60.05608,-35.78053],[-59.8856,-35.91259],[-59.87115,-35.89925],[-59.87234,-35.87667],[-59.83543,-35.84929],[-59.70006,-35.83167],[-59.51648,-35.97599],[-59.59244,-36.04053],[-59.61386,-36.02386],[-59.71806,-36.10585],[-59.79711,-36.04375],[-59.85865,-36.09567],[-59.83867,-36.11135],[-59.94754,-36.20211],[-59.96694,-36.2486],[-60.09018,-36.16134],[-60.24592,-36.30337],[-60.29692,-36.26707],[-60.35968,-36.32641],[-60.52355,-36.21403],[-60.56518,-36.2362],[-60.69888,-36.13577],[-60.63476,-36.11002],[-60.57241,-36.02875],[-60.519,-35.9858],[-60.4954,-35.99513],[-60.47095,-35.98106],[-60.46155,-35.94931],[-60.41714,-35.92824],[-60.38552,-35.89004],[-60.21391,-35.75617],[-60.18266,-35.78118]]]}},{"type":"Feature","properties":{"id":"06658","nombre":"Quilmes"},"geometry":{"type":"Polygon","coordinates":[[[-58.26292,-34.68757],[-58.19465,-34.73569],[-58.29845,-34.78344],[-58.30411,-34.80116],[-58.34696,-34.73934],[-58.27964,-34.67864],[-58.26292,-34.68757]]]}},{"type":"Feature","properties":{"id":"06630","nombre":"Pila"},"geometry":{"type":"MultiPolygon","coordinates":[[[[-58.23406,-35.82702],[-58.20432,-35.82572],[-58.18523,-35.86348],[-58.14723,-35.86657],[-58.13754,-35.90545],[-58.10252,-35.92167],[-58.1112,-35.93343],[-58.09067,-35.93923],[-58.09209,-35.94985],[-58.01393,-35.94805],[-58.00814,-35.96055],[-58.03311,-36.01447],[-58.01232,-36.04219],[-57.9668,-36.06463],[-58.09322,-36.15481],[-57.95972,-36.25292],[-58.18942,-36.45236],[-58.10146,-36.52129],[-58.21306,-36.61549],[-58.5791,-36.34737],[-58.59751,-36.36368],[-58.78151,-36.22688],[-58.76309,-36.20831],[-58.84132,-36.1414],[-58.82886,-36.11082],[-58.70753,-36.01728],[-58.57185,-36.12097],[-58.2718,-35.85863],[-58.26382,-35.82305],[-58.23406,-35.82702]]],[[[-58.22618,-36.62767],[-58.22607,-36.62776],[-58.22617,-36.62767],[-58.22618,-36.62767]]]]}},{"type":"Feature","properties":{"id":"06322","nombre":"General La Madrid"},"geometry":{"type":"Polygon","coordinates":[[[-61.40042,-36.88352],[-60.89133,-37.30235],[-60.97545,-37.36813],[-60.87854,-37.45146],[-61.50947,-37.93905],[-61.60554,-37.86153],[-61.44205,-37.73494],[-61.53817,-37.65728],[-61.48843,-37.61886],[-61.5968,-37.53086],[-61.53674,-37.48301],[-61.75008,-37.30353],[-61.74426,-37.27156],[-61.70275,-37.2162],[-61.72499,-37.15603],[-61.71664,-37.13533],[-61.74051,-37.10613],[-61.42348,-36.86458],[-61.40042,-36.88352]]]}},{"type":"Feature","properties":{"id":"06105","nombre":"Bolívar"},"geometry":{"type":"Polygon","coordinates":[[[-60.78583,-35.90711],[-60.69545,-35.96881],[-60.63807,-35.92107],[-60.53112,-36.00052],[-60.57241,-36.02875],[-60.63476,-36.11002],[-60.68888,-36.13575],[-60.72734,-36.13721],[-60.81038,-36.21036],[-60.79908,-36.23156],[-60.80609,-36.25305],[-60.86025,-36.32251],[-60.90601,-36.34157],[-60.86612,-36.37219],[-60.92962,-36.42455],[-60.89623,-36.45134],[-60.94041,-36.48666],[-61.25482,-36.73498],[-61.36885,-36.64099],[-61.49722,-36.74407],[-61.6641,-36.60689],[-61.61688,-36.5699],[-61.67698,-36.53008],[-61.68562,-36.53591],[-61.72467,-36.49426],[-61.4061,-36.24096],[-61.43969,-36.21442],[-61.0353,-35.87666],[-60.96967,-35.92662],[-60.86792,-35.84001],[-60.78583,-35.90711]]]}},{"type":"Feature","properties":{"id":"06049","nombre":"Azul"},"geometry":{"type":"Polygon","coordinates":[[[-59.48757,-36.22753],[-59.22971,-36.42085],[-59.25,-36.43753],[-59.13842,-36.54288],[-59.19554,-36.59087],[-59.2219,-36.57439],[-59.22656,-36.61687],[-59.25532,-36.64688],[-59.28153,-36.76464],[-59.35279,-36.82504],[-59.36501,-36.85126],[-59.35966,-36.89722],[-59.39957,-36.97078],[-59.43353,-36.99946],[-59.43683,-37.02133],[-59.47985,-37.03674],[-59.52083,-37.08236],[-59.56764,-37.09781],[-59.58657,-37.13249],[-59.66836,-37.18193],[-59.69936,-37.21661],[-59.80644,-37.25113],[-59.82649,-37.31093],[-59.88029,-37.35594],[-59.86062,-37.3712],[-59.95326,-37.44751],[-60.03793,-37.38112],[-59.98674,-37.33994],[-60.2076,-37.17277],[-60.12638,-37.09682],[-60.14521,-37.08118],[-60.11304,-37.04164],[-60.12285,-37.03431],[-60.10365,-37.01607],[-60.11613,-37.00657],[-60.0959,-36.98914],[-60.10674,-36.98081],[-60.02342,-36.91558],[-60.03289,-36.908],[-60.01256,-36.89103],[-60.02806,-36.88001],[-60.00751,-36.86352],[-60.0212,-36.85259],[-60.00136,-36.83548],[-60.16141,-36.71966],[-60.135,-36.67483],[-60.06283,-36.73181],[-59.91889,-36.61481],[-60.02369,-36.53184],[-59.93118,-36.46661],[-59.82391,-36.35854],[-59.7272,-36.28822],[-59.63458,-36.35887],[-59.48757,-36.22753]]]}},{"type":"Feature","properties":{"id":"06231","nombre":"Daireaux"},"geometry":{"type":"Polygon","coordinates":[[[-62.04825,-36.3259],[-61.95453,-36.40413],[-61.91207,-36.38578],[-61.76341,-36.52495],[-61.72467,-36.49426],[-61.68562,-36.53591],[-61.64181,-36.54944],[-61.61688,-36.5699],[-61.6641,-36.60689],[-61.49722,-36.74407],[-61.36885,-36.64099],[-61.25482,-36.73498],[-61.59904,-36.99898],[-61.70785,-36.90719],[-61.76002,-36.94597],[-61.77816,-36.93042],[-61.85977,-36.99255],[-62.0197,-36.84969],[-62.00664,-36.85761],[-61.99326,-36.85424],[-62.01662,-36.8223],[-61.98355,-36.8047],[-62.00005,-36.81165],[-62.17548,-36.66331],[-62.20179,-36.68458],[-62.24898,-36.64596],[-62.224,-36.62264],[-62.38467,-36.48844],[-62.41154,-36.50918],[-62.47329,-36.45721],[-62.20548,-36.24959],[-62.17895,-36.27188],[-62.14431,-36.24547],[-62.04825,-36.3259]]]}},{"type":"Feature","properties":{"id":"06700","nombre":"Saavedra"},"geometry":{"type":"Polygon","coordinates":[[[-62.4217,-37.36023],[-62.38388,-37.39305],[-62.3984,-37.39941],[-62.39081,-37.41257],[-62.37317,-37.40407],[-62.322,-37.46787],[-62.2834,-37.45341],[-62.23351,-37.53901],[-62.25,-37.54498],[-62.21858,-37.56072],[-62.22735,-37.57238],[-62.21106,-37.5778],[-62.22058,-37.5908],[-62.12479,-37.63352],[-62.13111,-37.65687],[-62.08461,-37.70646],[-62.10035,-37.72552],[-62.04469,-37.75247],[-62.09893,-37.93548],[-62.15799,-37.96656],[-62.17794,-38.00205],[-62.24484,-38.04173],[-62.28238,-38.09016],[-62.33098,-38.10801],[-62.34607,-38.13629],[-62.44228,-38.05585],[-62.46314,-38.072],[-62.48968,-38.00818],[-62.5753,-38.07517],[-62.89556,-37.81916],[-62.73076,-37.6905],[-62.73548,-37.67184],[-62.58143,-37.54922],[-62.62989,-37.51015],[-62.4254,-37.34868],[-62.4217,-37.36023]]]}},{"type":"Feature","properties":{"id":"06553","nombre":"Monte Hermoso"},"geometry":{"type":"Polygon","coordinates":[[[-61.34203,-38.91585],[-61.3149,-38.94628],[-61.13784,-38.92939],[-61.10526,-38.97959],[-61.11952,-38.98197],[-61.11017,-38.99589],[-61.45573,-38.9954],[-61.45268,-38.92403],[-61.34203,-38.91585]]]}},{"type":"Feature","properties":{"id":"06476","nombre":"Lobería"},"geometry":{"type":"Polygon","coordinates":[[[-58.74878,-37.62774],[-58.50734,-37.80574],[-58.59123,-37.87799],[-58.32913,-38.0741],[-58.34361,-38.15957],[-58.32362,-38.22339],[-58.33817,-38.25092],[-58.28307,-38.31577],[-58.26951,-38.35399],[-58.28485,-38.38557],[-58.2565,-38.43595],[-58.23808,-38.44579],[-58.49755,-38.53747],[-58.61945,-38.56187],[-58.70802,-38.49502],[-58.73921,-38.51586],[-58.752,-38.48872],[-58.74007,-38.48059],[-58.75711,-38.47245],[-58.77415,-38.43577],[-58.78225,-38.37796],[-58.81319,-38.33997],[-58.80898,-38.32882],[-58.86722,-38.29209],[-58.90657,-38.2452],[-58.91281,-38.20198],[-58.9511,-38.18268],[-58.95434,-38.1551],[-59.03838,-38.08696],[-59.05363,-38.04706],[-59.12478,-37.99556],[-59.12769,-37.9736],[-59.16791,-37.93666],[-59.16236,-37.87662],[-58.80913,-37.57872],[-58.74878,-37.62774]]]}},{"type":"Feature","properties":{"id":"06098","nombre":"Berisso"},"geometry":{"type":"Polygon","coordinates":[[[-57.86216,-34.84109],[-57.75102,-34.91493],[-57.70822,-34.93035],[-57.75236,-34.97066],[-57.8959,-34.93044],[-57.93185,-34.90346],[-57.90055,-34.87486],[-57.87695,-34.82772],[-57.86216,-34.84109]]]}},{"type":"Feature","properties":{"id":"06812","nombre":"Tordillo"},"geometry":{"type":"Polygon","coordinates":[[[-57.20923,-36.19622],[-57.11519,-36.28015],[-57.01851,-36.32227],[-57.01549,-36.34164],[-57.06466,-36.3856],[-57.04029,-36.42919],[-57.07442,-36.43875],[-57.08253,-36.45371],[-57.09874,-36.44213],[-57.17615,-36.51281],[-57.16477,-36.521],[-57.32878,-36.66916],[-57.46436,-36.57093],[-57.39923,-36.51308],[-57.44366,-36.47943],[-57.39933,-36.41582],[-57.34298,-36.36617],[-57.47326,-36.34034],[-57.47116,-36.33174],[-57.41785,-36.15762],[-57.20923,-36.19622]]]}},{"type":"Feature","properties":{"id":"06882","nombre":"Zárate"},"geometry":{"type":"Polygon","coordinates":[[[-59.16809,-33.80939],[-59.13068,-33.84772],[-59.05548,-33.8324],[-59.02048,-33.84894],[-58.99288,-33.8418],[-58.97789,-33.87036],[-58.89978,-33.89099],[-58.86843,-33.93651],[-58.8372,-33.95375],[-58.96605,-33.96058],[-59.00952,-34.09907],[-58.9775,-34.11328],[-58.97331,-34.1291],[-59.1029,-34.20012],[-59.31234,-34.16104],[-59.27957,-34.14597],[-59.2662,-34.09178],[-59.3025,-34.06406],[-59.30849,-34.01927],[-59.34714,-33.93503],[-59.30981,-33.92412],[-59.26054,-33.94158],[-59.22838,-33.92503],[-59.24014,-33.89626],[-59.30209,-33.84663],[-59.27636,-33.82026],[-59.16809,-33.80939]]]}},{"type":"Feature","properties":{"id":"06665","nombre":"Ramallo"},"geometry":{"type":"Polygon","coordinates":[[[-60.13812,-33.35907],[-60.09882,-33.38312],[-60.04484,-33.44753],[-59.99939,-33.47013],[-59.93301,-33.47489],[-59.89474,-33.51028],[-59.83395,-33.52126],[-59.80953,-33.55166],[-59.81401,-33.59302],[-59.83138,-33.57981],[-60.04114,-33.76882],[-60.05172,-33.76128],[-60.07271,-33.77886],[-60.01675,-33.82642],[-60.04859,-33.82706],[-60.08267,-33.80933],[-60.10741,-33.81694],[-60.15638,-33.74548],[-60.14124,-33.69309],[-60.15977,-33.68996],[-60.17224,-33.66192],[-60.31318,-33.65112],[-60.28092,-33.62046],[-60.24444,-33.61569],[-60.19904,-33.53451],[-60.17213,-33.51094],[-60.15996,-33.47389],[-60.19373,-33.45041],[-60.18984,-33.40878],[-60.17136,-33.38688],[-60.16807,-33.35275],[-60.13812,-33.35907]]]}},{"type":"Feature","properties":{"id":"06763","nombre":"San Nicolás"},"geometry":{"type":"Polygon","coordinates":[[[-60.25421,-33.26471],[-60.20068,-33.29218],[-60.16555,-33.35077],[-60.19447,-33.44478],[-60.16021,-33.47861],[-60.24232,-33.61342],[-60.28659,-33.62446],[-60.32679,-33.68327],[-60.42934,-33.61939],[-60.45842,-33.58751],[-60.41849,-33.55853],[-60.41022,-33.46789],[-60.33566,-33.4126],[-60.32396,-33.35075],[-60.28295,-33.31372],[-60.26461,-33.28132],[-60.27271,-33.26386],[-60.25271,-33.27555],[-60.25421,-33.26471]]]}},{"type":"Feature","properties":{"id":"06294","nombre":"General Arenales"},"geometry":{"type":"Polygon","coordinates":[[[-61.21004,-34.12553],[-61.12208,-34.07195],[-60.91725,-34.24159],[-60.95829,-34.27669],[-61.01386,-34.23162],[-61.05911,-34.26901],[-61.04155,-34.28329],[-61.0701,-34.30721],[-61.09815,-34.28453],[-61.16839,-34.35937],[-61.19337,-34.36505],[-61.19627,-34.4243],[-61.22686,-34.43658],[-61.23797,-34.40369],[-61.27359,-34.40086],[-61.32917,-34.45314],[-61.41697,-34.39232],[-61.39541,-34.3735],[-61.47167,-34.30741],[-61.50886,-34.33685],[-61.54908,-34.30339],[-61.61078,-34.35272],[-61.64839,-34.31947],[-61.33141,-34.02568],[-61.21004,-34.12553]]]}},{"type":"Feature","properties":{"id":"06707","nombre":"Saladillo"},"geometry":{"type":"Polygon","coordinates":[[[-59.61517,-35.45838],[-59.52448,-35.4564],[-59.49552,-35.49308],[-59.37696,-35.53688],[-59.34967,-35.52944],[-59.41261,-35.58613],[-59.18335,-35.76286],[-59.24094,-35.79317],[-59.30299,-35.79504],[-59.31845,-35.80945],[-59.34727,-35.8036],[-59.38161,-35.81723],[-59.41642,-35.8022],[-59.5057,-35.817],[-59.56943,-35.85382],[-59.64712,-35.86164],[-59.69191,-35.82759],[-59.81461,-35.85428],[-59.83139,-35.84778],[-59.87234,-35.87667],[-59.87115,-35.89925],[-59.8856,-35.91259],[-60.05608,-35.78053],[-60.11796,-35.83367],[-60.2186,-35.75235],[-60.11673,-35.66444],[-60.05925,-35.70946],[-60.02437,-35.69562],[-60.02575,-35.67235],[-60.00544,-35.6617],[-60.03484,-35.65526],[-60.03997,-35.6242],[-60.00842,-35.57988],[-60.02802,-35.55258],[-59.93006,-35.48818],[-59.88658,-35.48081],[-59.8227,-35.49649],[-59.78024,-35.47681],[-59.69749,-35.47622],[-59.61517,-35.45838]]]}},{"type":"Feature","properties":{"id":"06455","nombre":"Las Flores"},"geometry":{"type":"Polygon","coordinates":[[[-59.11058,-35.68464],[-58.97442,-35.81693],[-58.95675,-35.80319],[-58.90058,-35.84745],[-58.89182,-35.84017],[-58.72917,-35.96755],[-58.74902,-35.98472],[-58.70753,-36.01728],[-58.82886,-36.11082],[-58.84401,-36.14443],[-59.02868,-36.21683],[-59.07103,-36.22162],[-59.10308,-36.247],[-59.10597,-36.27477],[-59.2184,-36.32121],[-59.29298,-36.37464],[-59.48819,-36.22705],[-59.38245,-36.13538],[-59.55321,-36.00679],[-59.51648,-35.97599],[-59.70006,-35.83167],[-59.67614,-35.83333],[-59.6416,-35.862],[-59.56008,-35.85103],[-59.47954,-35.81092],[-59.41642,-35.8022],[-59.37936,-35.81739],[-59.34727,-35.8036],[-59.31845,-35.80945],[-59.30299,-35.79504],[-59.24094,-35.79317],[-59.18335,-35.76286],[-59.17488,-35.71201],[-59.13108,-35.69818],[-59.13976,-35.66625],[-59.11058,-35.68464]]]}},{"type":"Feature","properties":{"id":"06686","nombre":"Rojas"},"geometry":{"type":"Polygon","coordinates":[[[-60.89525,-33.88662],[-60.70328,-34.02687],[-60.7154,-34.03574],[-60.6553,-34.09314],[-60.51527,-34.14391],[-60.46989,-34.19987],[-60.54917,-34.27566],[-60.53878,-34.34929],[-60.57827,-34.39217],[-60.55985,-34.40644],[-60.67721,-34.50935],[-60.90268,-34.32608],[-60.96644,-34.34583],[-61.05911,-34.26901],[-61.01386,-34.23162],[-60.95829,-34.27669],[-60.91725,-34.24159],[-61.12208,-34.07195],[-61.06269,-34.03938],[-60.94911,-33.92301],[-60.89525,-33.88662]]]}},{"type":"Feature","properties":{"id":"06252","nombre":"Escobar"},"geometry":{"type":"Polygon","coordinates":[[[-58.71215,-34.2489],[-58.64952,-34.2666],[-58.68081,-34.34721],[-58.72062,-34.36329],[-58.70533,-34.37297],[-58.73463,-34.40246],[-58.70561,-34.43934],[-58.73731,-34.45642],[-58.77767,-34.40427],[-58.81699,-34.4154],[-58.90064,-34.30849],[-58.85839,-34.26198],[-58.77638,-34.28574],[-58.79851,-34.23022],[-58.71215,-34.2489]]]}},{"type":"Feature","properties":{"id":"06412","nombre":"José C. Paz"},"geometry":{"type":"Polygon","coordinates":[[[-58.78948,-34.47385],[-58.7209,-34.51823],[-58.77603,-34.55706],[-58.82358,-34.50821],[-58.81115,-34.48574],[-58.82169,-34.45196],[-58.78948,-34.47385]]]}},{"type":"Feature","properties":{"id":"06056","nombre":"Bahía Blanca"},"geometry":{"type":"Polygon","coordinates":[[[-62.21064,-38.44114],[-62.19634,-38.45202],[-62.08465,-38.36274],[-61.99865,-38.42681],[-62.01018,-38.43623],[-61.9886,-38.45251],[-61.93861,-38.41121],[-61.92536,-38.45346],[-61.89304,-38.42614],[-61.81274,-38.48546],[-61.7816,-38.45994],[-61.78,-38.45959],[-61.79504,-38.52967],[-61.77864,-38.57958],[-61.74762,-38.59689],[-61.75418,-38.61525],[-61.74236,-38.62721],[-61.81841,-38.68787],[-61.84793,-38.66536],[-61.92567,-38.73125],[-62.01216,-38.70677],[-62.06198,-38.71233],[-62.18198,-38.81706],[-62.21217,-38.7982],[-62.23451,-38.80517],[-62.23627,-38.78919],[-62.30177,-38.78719],[-62.35492,-38.75567],[-62.39902,-38.74947],[-62.4271,-38.76086],[-62.45138,-38.72997],[-62.47289,-38.66329],[-62.61121,-38.61124],[-62.61446,-38.59162],[-62.38781,-38.40855],[-62.34185,-38.44265],[-62.23976,-38.36088],[-62.20907,-38.39543],[-62.22774,-38.4106],[-62.20949,-38.42442],[-62.22069,-38.43341],[-62.21064,-38.44114]]]}},{"type":"Feature","properties":{"id":"06735","nombre":"San Antonio de Areco"},"geometry":{"type":"Polygon","coordinates":[[[-59.32196,-33.9963],[-59.3025,-34.06406],[-59.2662,-34.09178],[-59.27957,-34.14597],[-59.3666,-34.19892],[-59.37423,-34.23999],[-59.41948,-34.26861],[-59.41187,-34.27626],[-59.4238,-34.30261],[-59.49073,-34.31892],[-59.6066,-34.40614],[-59.61885,-34.39664],[-59.64458,-34.41753],[-59.67533,-34.40405],[-59.6927,-34.28592],[-59.78158,-34.21932],[-59.64274,-34.15864],[-59.56209,-34.16797],[-59.51091,-34.0994],[-59.46309,-34.13501],[-59.39554,-34.07451],[-59.40646,-34.06095],[-59.33443,-34.03858],[-59.31822,-34.02066],[-59.32196,-33.9963]]]}},{"type":"Feature","properties":{"id":"06511","nombre":"Maipú"},"geometry":{"type":"Polygon","coordinates":[[[-57.32878,-36.66916],[-57.17582,-36.78442],[-57.23351,-36.7885],[-57.22393,-36.90859],[-57.32166,-36.91063],[-57.30492,-37.00389],[-57.49339,-37.01714],[-57.48694,-37.10495],[-57.5664,-37.10527],[-57.67482,-37.20294],[-58.01067,-36.95872],[-57.94391,-36.8988],[-57.97236,-36.87782],[-57.91961,-36.83324],[-57.89164,-36.85449],[-57.74572,-36.73426],[-57.70711,-36.76301],[-57.49374,-36.58136],[-57.46436,-36.57093],[-57.32878,-36.66916]]]}},{"type":"Feature","properties":{"id":"06280","nombre":"General Alvarado"},"geometry":{"type":"Polygon","coordinates":[[[-57.95915,-38.02258],[-57.94257,-38.00894],[-57.88173,-38.05545],[-57.85277,-38.03189],[-57.82946,-38.04919],[-57.84651,-38.06161],[-57.83802,-38.08146],[-57.81319,-38.09288],[-57.8212,-38.12048],[-57.77663,-38.24588],[-57.85273,-38.2964],[-58.24304,-38.44585],[-58.28485,-38.38557],[-58.26951,-38.35399],[-58.28307,-38.31577],[-58.33817,-38.25092],[-58.32362,-38.22339],[-58.34361,-38.15957],[-58.32968,-38.07468],[-58.25591,-38.13086],[-58.04728,-37.95562],[-57.95915,-38.02258]]]}},{"type":"Feature","properties":{"id":"06357","nombre":"General Pueyrredón"},"geometry":{"type":"Polygon","coordinates":[[[-57.67326,-37.74815],[-57.69805,-37.75427],[-57.51973,-37.88948],[-57.54428,-37.99003],[-57.52238,-38.03712],[-57.53326,-38.03197],[-57.54033,-38.0485],[-57.5345,-38.0503],[-57.52657,-38.04278],[-57.5217,-38.04004],[-57.51778,-38.03897],[-57.53973,-38.06422],[-57.54492,-38.10064],[-57.59321,-38.11894],[-57.63655,-38.17319],[-57.68337,-38.20587],[-57.7768,-38.24552],[-57.8212,-38.12048],[-57.81319,-38.09288],[-57.83802,-38.08146],[-57.84651,-38.06161],[-57.82946,-38.04919],[-57.85277,-38.03189],[-57.88173,-38.05545],[-57.94257,-38.00894],[-57.959,-38.02269],[-58.04728,-37.95562],[-57.73584,-37.69955],[-57.67326,-37.74815]]]}},{"type":"Feature","properties":{"id":"06518","nombre":"Mar Chiquita"},"geometry":{"type":"Polygon","coordinates":[[[-57.67482,-37.20294],[-57.18764,-37.54975],[-57.4116,-37.73523],[-57.49156,-37.82824],[-57.51973,-37.88948],[-57.69805,-37.75427],[-57.67321,-37.74498],[-58.09451,-37.4374],[-57.76897,-37.13597],[-57.67482,-37.20294]]]}},{"type":"Feature","properties":{"id":"06868","nombre":"Villa Gesell"},"geometry":{"type":"Polygon","coordinates":[[[-56.90913,-37.18903],[-57.1255,-37.49278],[-57.18764,-37.54975],[-57.21112,-37.53301],[-57.16338,-37.48575],[-57.10564,-37.37807],[-56.99358,-37.24127],[-57.04252,-37.23149],[-56.99197,-37.23709],[-56.94955,-37.18458],[-56.90913,-37.18903]]]}},{"type":"Feature","properties":{"id":"06644","nombre":"Pinamar"},"geometry":{"type":"Polygon","coordinates":[[[-56.81931,-37.02492],[-56.79024,-37.03413],[-56.88508,-37.16015],[-56.90913,-37.18903],[-56.94955,-37.18458],[-56.81931,-37.02492]]]}},{"type":"Feature","properties":{"id":"06336","nombre":"General Lavalle"},"geometry":{"type":"Polygon","coordinates":[[[-56.77925,-36.32093],[-56.77412,-36.32141],[-56.75282,-36.338],[-56.77593,-36.3383],[-56.7273,-36.36647],[-56.73936,-36.3886],[-56.71063,-36.43283],[-56.715,-36.53322],[-56.74189,-36.5314],[-56.71561,-36.56016],[-56.70074,-36.70546],[-56.71242,-36.82063],[-56.69792,-36.85388],[-56.81949,-37.0252],[-56.94698,-36.99509],[-56.95493,-36.98906],[-56.94007,-36.95936],[-56.98515,-36.94953],[-56.97939,-36.90336],[-57.00592,-36.90971],[-56.99154,-36.88948],[-56.99718,-36.86182],[-57.08975,-36.82952],[-57.1062,-36.83595],[-57.32878,-36.66916],[-57.16477,-36.521],[-57.17615,-36.51281],[-57.09874,-36.44213],[-57.08253,-36.45371],[-57.07442,-36.43875],[-57.04029,-36.42919],[-57.06466,-36.3856],[-57.01424,-36.32759],[-56.90477,-36.33819],[-56.816,-36.33497],[-56.77925,-36.32093]]]}},{"type":"Feature","properties":{"id":"06420","nombre":"La Costa"},"geometry":{"type":"Polygon","coordinates":[[[-56.79024,-37.03413],[-56.81931,-37.02492],[-56.69792,-36.85388],[-56.71242,-36.82063],[-56.70074,-36.70546],[-56.71561,-36.56016],[-56.74189,-36.5314],[-56.715,-36.53322],[-56.71063,-36.43283],[-56.73936,-36.3886],[-56.7273,-36.36647],[-56.77593,-36.3383],[-56.75282,-36.338],[-56.77406,-36.32254],[-56.77653,-36.29308],[-56.73168,-36.32598],[-56.70024,-36.4122],[-56.66499,-36.87147],[-56.79024,-37.03413]]]}},{"type":"Feature","properties":{"id":"06505","nombre":"Magdalena"},"geometry":{"type":"Polygon","coordinates":[[[-57.70568,-34.93081],[-57.67307,-34.93712],[-57.58334,-34.99889],[-57.50846,-35.02471],[-57.3037,-35.19718],[-57.40388,-35.25051],[-57.42564,-35.23463],[-57.46012,-35.26676],[-57.4929,-35.24359],[-57.54944,-35.29623],[-57.50315,-35.30201],[-57.57134,-35.36343],[-57.58887,-35.35002],[-57.60218,-35.36166],[-57.58138,-35.29413],[-57.60292,-35.26918],[-57.63298,-35.26086],[-57.66761,-35.29326],[-57.61339,-35.33306],[-57.64007,-35.35556],[-57.66464,-35.34228],[-57.68266,-35.3768],[-57.7268,-35.3493],[-57.79617,-35.44492],[-57.81452,-35.4419],[-57.87392,-35.38589],[-57.88871,-35.39202],[-57.91786,-35.37143],[-57.9472,-35.37195],[-57.9854,-35.32847],[-58.025,-35.35378],[-58.03543,-35.34688],[-57.89014,-35.22214],[-57.96811,-35.15969],[-57.70568,-34.93081]]]}},{"type":"Feature","properties":{"id":"06861","nombre":"Vicente López"},"geometry":{"type":"Polygon","coordinates":[[[-58.47928,-34.4944],[-58.45956,-34.52778],[-58.5008,-34.54953],[-58.50996,-34.5692],[-58.52981,-34.53733],[-58.53778,-34.54416],[-58.55376,-34.53021],[-58.47928,-34.4944]]]}},{"type":"Feature","properties":{"id":"06672","nombre":"Rauch"},"geometry":{"type":"Polygon","coordinates":[[[-58.83321,-36.14768],[-58.76309,-36.20831],[-58.78151,-36.22688],[-58.59751,-36.36368],[-58.5791,-36.34737],[-58.43724,-36.4521],[-58.72095,-36.70023],[-58.66685,-36.74293],[-58.71996,-36.75258],[-58.79087,-36.78911],[-58.79518,-36.806],[-58.83701,-36.83625],[-58.86682,-36.83837],[-58.87309,-36.86076],[-58.91121,-36.87642],[-58.93688,-36.93605],[-59.00267,-36.94465],[-59.0215,-36.9601],[-59.04075,-37.02608],[-59.09013,-37.06278],[-59.35931,-36.84514],[-59.34768,-36.81704],[-59.28153,-36.76464],[-59.25532,-36.64688],[-59.22656,-36.61687],[-59.2219,-36.57439],[-59.19554,-36.59087],[-59.13842,-36.54288],[-59.20281,-36.49323],[-59.1909,-36.48309],[-59.25,-36.43753],[-59.22971,-36.42085],[-59.28916,-36.37472],[-59.2184,-36.32121],[-59.10597,-36.27477],[-59.10308,-36.247],[-59.07067,-36.22143],[-59.02065,-36.21402],[-58.88073,-36.15062],[-58.83321,-36.14768]]]}},{"type":"Feature","properties":{"id":"06560","nombre":"Moreno"},"geometry":{"type":"Polygon","coordinates":[[[-58.81109,-34.52105],[-58.71337,-34.60564],[-58.73174,-34.64256],[-58.75755,-34.66048],[-58.81831,-34.68559],[-58.86029,-34.68521],[-58.88447,-34.6688],[-58.88431,-34.6272],[-58.86411,-34.61688],[-58.89095,-34.57981],[-58.8475,-34.54917],[-58.82377,-34.50837],[-58.81109,-34.52105]]]}},{"type":"Feature","properties":{"id":"06427","nombre":"La Matanza"},"geometry":{"type":"Polygon","coordinates":[[[-58.55221,-34.63759],[-58.46166,-34.70513],[-58.4839,-34.73214],[-58.50447,-34.72128],[-58.53751,-34.75695],[-58.56698,-34.75776],[-58.61551,-34.81853],[-58.64686,-34.88969],[-58.69411,-34.91219],[-58.76249,-34.85842],[-58.74986,-34.84737],[-58.77324,-34.82761],[-58.70705,-34.81127],[-58.75025,-34.77759],[-58.7284,-34.75931],[-58.70388,-34.77871],[-58.68194,-34.7595],[-58.67361,-34.76633],[-58.65792,-34.7533],[-58.67546,-34.73929],[-58.63615,-34.71503],[-58.63938,-34.70062],[-58.58188,-34.64317],[-58.55221,-34.63759]]]}},{"type":"Feature","properties":{"id":"06791","nombre":"Tandil"},"geometry":{"type":"Polygon","coordinates":[[[-59.21129,-36.96963],[-58.6109,-37.41126],[-59.11039,-37.82643],[-59.13357,-37.75749],[-59.16623,-37.7365],[-59.17084,-37.70055],[-59.15302,-37.65896],[-59.16256,-37.63156],[-59.1855,-37.61675],[-59.22598,-37.65084],[-59.77974,-37.23839],[-59.69936,-37.21661],[-59.66836,-37.18193],[-59.58657,-37.13249],[-59.56764,-37.09781],[-59.52083,-37.08236],[-59.47985,-37.03674],[-59.43683,-37.02133],[-59.43353,-36.99946],[-59.39957,-36.97078],[-59.35966,-36.89722],[-59.35931,-36.84514],[-59.2107,-36.95645],[-59.21129,-36.96963]]]}},{"type":"Feature","properties":{"id":"06203","nombre":"Coronel Suárez"},"geometry":{"type":"Polygon","coordinates":[[[-61.66987,-36.93888],[-61.60463,-36.99442],[-61.73544,-37.09351],[-61.70277,-37.21655],[-61.74426,-37.27156],[-61.75008,-37.30353],[-61.53674,-37.48301],[-61.5968,-37.53086],[-61.48843,-37.61886],[-61.53817,-37.65728],[-61.44205,-37.73494],[-61.60554,-37.86153],[-61.50932,-37.93797],[-61.68295,-38.0742],[-61.66295,-38.09076],[-61.76739,-38.17245],[-61.78332,-38.15821],[-61.77588,-38.14068],[-61.79269,-38.13749],[-61.79975,-38.10958],[-61.82231,-38.09647],[-61.82713,-38.06535],[-61.93072,-38.00846],[-61.94947,-38.02281],[-61.92978,-38.03912],[-61.95163,-38.05699],[-62.05036,-37.99073],[-62.0496,-37.9715],[-62.09893,-37.93548],[-62.04469,-37.75247],[-62.10035,-37.72552],[-62.08461,-37.70646],[-62.13111,-37.65687],[-62.12479,-37.63352],[-62.22058,-37.5908],[-62.21106,-37.5778],[-62.22735,-37.57238],[-62.21858,-37.56072],[-62.25,-37.54498],[-62.23351,-37.53901],[-62.2834,-37.45341],[-62.322,-37.46787],[-62.37317,-37.40407],[-62.39081,-37.41257],[-62.3984,-37.39941],[-62.38388,-37.39305],[-62.40815,-37.38288],[-62.4254,-37.34868],[-62.21177,-37.18027],[-62.20297,-37.18714],[-61.97484,-37.01677],[-61.91627,-37.06714],[-61.87568,-37.03658],[-61.89205,-37.02253],[-61.77816,-36.93042],[-61.76002,-36.94597],[-61.70785,-36.90719],[-61.66987,-36.93888]]]}},{"type":"Feature","properties":{"id":"06014","nombre":"Adolfo Gonzales Chaves"},"geometry":{"type":"Polygon","coordinates":[[[-60.3334,-37.76862],[-60.32344,-37.77637],[-60.26196,-37.72875],[-60.08913,-37.85167],[-60.0605,-37.82823],[-60.01816,-37.86075],[-59.93661,-37.79445],[-59.75469,-37.91413],[-59.71834,-37.95598],[-59.67368,-37.97955],[-59.67703,-38.00011],[-59.64135,-38.02515],[-59.77794,-38.13764],[-59.7667,-38.14624],[-59.78882,-38.16498],[-59.75388,-38.19123],[-59.77588,-38.21026],[-59.79357,-38.19733],[-59.83418,-38.2315],[-59.88666,-38.15728],[-60.0363,-38.28084],[-60.37069,-38.01672],[-60.4632,-38.0895],[-60.44213,-38.10698],[-60.54961,-38.19215],[-60.75949,-38.02854],[-60.74377,-38.01605],[-60.84565,-37.9358],[-60.55667,-37.72085],[-60.58083,-37.70081],[-60.45274,-37.60104],[-60.37802,-37.66269],[-60.42421,-37.69767],[-60.3334,-37.76862]]]}},{"type":"Feature","properties":{"id":"06343","nombre":"General Paz"},"geometry":{"type":"Polygon","coordinates":[[[-58.41555,-35.23778],[-58.24682,-35.36532],[-58.25955,-35.37711],[-58.21927,-35.40804],[-58.18685,-35.38258],[-58.15486,-35.40809],[-58.19391,-35.44095],[-58.15239,-35.47237],[-58.43625,-35.73305],[-58.44138,-35.70287],[-58.46259,-35.68659],[-58.48652,-35.70694],[-58.49936,-35.64514],[-58.56871,-35.5959],[-58.47049,-35.51194],[-58.58208,-35.42143],[-58.52511,-35.36657],[-58.57165,-35.3282],[-58.44296,-35.21624],[-58.41555,-35.23778]]]}},{"type":"Feature","properties":{"id":"06721","nombre":"Salliqueló"},"geometry":{"type":"Polygon","coordinates":[[[-63.01261,-36.57265],[-62.81319,-36.73427],[-62.97002,-36.86303],[-63.28276,-36.60756],[-63.12756,-36.4795],[-63.01261,-36.57265]]]}},{"type":"Feature","properties":{"id":"06091","nombre":"Berazategui"},"geometry":{"type":"Polygon","coordinates":[[[-58.19101,-34.7382],[-58.01769,-34.78032],[-58.21108,-34.95178],[-58.24741,-34.92359],[-58.17987,-34.866],[-58.19991,-34.81377],[-58.26746,-34.77365],[-58.19101,-34.7382]]]}},{"type":"Feature","properties":{"id":"06351","nombre":"General Pinto"},"geometry":{"type":"Polygon","coordinates":[[[-61.92801,-34.56715],[-61.84537,-34.63741],[-61.76961,-34.57642],[-61.71057,-34.62712],[-61.7729,-34.67641],[-61.67347,-34.76095],[-61.90272,-34.95275],[-61.9832,-34.88603],[-62.10456,-34.98469],[-62.20555,-34.89012],[-62.22067,-34.89134],[-62.22259,-34.85478],[-62.28306,-34.85677],[-62.28561,-34.81353],[-62.30505,-34.81282],[-62.24024,-34.76204],[-62.2638,-34.74306],[-62.18818,-34.68272],[-62.34817,-34.65378],[-62.26908,-34.38582],[-61.81615,-34.3856],[-61.98394,-34.51825],[-61.92801,-34.56715]]]}},{"type":"Feature","properties":{"id":"06742","nombre":"San Cayetano"},"geometry":{"type":"Polygon","coordinates":[[[-59.62116,-38.0452],[-59.53811,-38.05726],[-59.41488,-38.11373],[-59.35536,-38.11457],[-59.24624,-38.15305],[-59.31376,-38.20697],[-59.35418,-38.30342],[-59.33568,-38.32153],[-59.34017,-38.33643],[-59.316,-38.38394],[-59.40585,-38.45714],[-59.33555,-38.50136],[-59.34031,-38.54775],[-59.44473,-38.58852],[-59.43148,-38.60443],[-59.40775,-38.59399],[-59.41134,-38.62296],[-59.37112,-38.65942],[-59.35595,-38.7086],[-59.33126,-38.71996],[-59.33279,-38.73667],[-59.62729,-38.78584],[-59.63567,-38.76296],[-59.62586,-38.7429],[-59.64755,-38.73598],[-59.65396,-38.70023],[-59.70333,-38.65412],[-59.69057,-38.63699],[-59.73364,-38.53338],[-59.73366,-38.48894],[-59.76714,-38.51594],[-59.82147,-38.47539],[-59.88636,-38.52933],[-59.93671,-38.49144],[-59.87413,-38.43999],[-59.92952,-38.3965],[-59.94266,-38.40704],[-59.98997,-38.37142],[-59.79369,-38.1974],[-59.77588,-38.21026],[-59.75388,-38.19123],[-59.78882,-38.16498],[-59.7667,-38.14624],[-59.77794,-38.13764],[-59.64135,-38.02515],[-59.62116,-38.0452]]]}},{"type":"Feature","properties":{"id":"06833","nombre":"Tres Arroyos"},"geometry":{"type":"Polygon","coordinates":[[[-60.15612,-38.18944],[-60.0363,-38.28084],[-59.88321,-38.16028],[-59.83352,-38.24223],[-59.98997,-38.37142],[-59.94266,-38.40704],[-59.92952,-38.3965],[-59.87413,-38.43999],[-59.93671,-38.49144],[-59.88636,-38.52933],[-59.82147,-38.47539],[-59.76714,-38.51594],[-59.73366,-38.48894],[-59.73364,-38.53338],[-59.69057,-38.63699],[-59.70333,-38.65412],[-59.65396,-38.70023],[-59.64755,-38.73598],[-59.62586,-38.7429],[-59.63567,-38.76296],[-59.62729,-38.78584],[-59.85396,-38.83738],[-60.11653,-38.86575],[-60.49272,-38.92854],[-60.52213,-38.91915],[-60.53675,-38.82231],[-60.61057,-38.61949],[-60.6125,-38.58693],[-60.59147,-38.55698],[-60.6196,-38.47128],[-60.74502,-38.36578],[-60.7336,-38.31477],[-60.74687,-38.22995],[-60.71872,-38.22423],[-60.7293,-38.19666],[-60.72481,-38.1184],[-60.67625,-38.09313],[-60.54961,-38.19215],[-60.44213,-38.10698],[-60.4632,-38.0895],[-60.37069,-38.01672],[-60.15612,-38.18944]]]}},{"type":"Feature","properties":{"id":"06189","nombre":"Coronel Dorrego"},"geometry":{"type":"Polygon","coordinates":[[[-61.14516,-38.30341],[-61.07781,-38.29335],[-60.99084,-38.31063],[-60.83612,-38.40382],[-60.74063,-38.33072],[-60.73856,-38.37565],[-60.6196,-38.47128],[-60.59147,-38.55698],[-60.6125,-38.58693],[-60.61022,-38.62086],[-60.53675,-38.82231],[-60.52199,-38.8838],[-60.52934,-38.91433],[-60.49734,-38.92893],[-60.85214,-38.97971],[-61.11017,-38.99589],[-61.11952,-38.98197],[-61.10526,-38.97959],[-61.13784,-38.92939],[-61.29202,-38.94767],[-61.3149,-38.94628],[-61.34235,-38.91548],[-61.42437,-38.91634],[-61.47367,-38.94599],[-61.66315,-38.858],[-61.69967,-38.81685],[-61.69876,-38.78142],[-61.72407,-38.74898],[-61.71545,-38.71432],[-61.7285,-38.65709],[-61.59592,-38.54625],[-61.52573,-38.5007],[-61.51436,-38.50919],[-61.47271,-38.47605],[-61.46469,-38.48307],[-61.32873,-38.37533],[-61.31918,-38.39309],[-61.18856,-38.29058],[-61.14516,-38.30341]]]}},{"type":"Feature","properties":{"id":"06581","nombre":"Necochea"},"geometry":{"type":"Polygon","coordinates":[[[-59.18469,-37.61693],[-59.15306,-37.65744],[-59.17084,-37.70055],[-59.16608,-37.73704],[-59.13357,-37.75749],[-59.10938,-37.80816],[-59.10968,-37.83884],[-59.1654,-37.88065],[-59.16824,-37.93612],[-59.12769,-37.9736],[-59.12478,-37.99556],[-59.05363,-38.04706],[-59.03838,-38.08696],[-58.95434,-38.1551],[-58.9511,-38.18268],[-58.91281,-38.20198],[-58.90657,-38.2452],[-58.86722,-38.29209],[-58.80898,-38.32882],[-58.81319,-38.33997],[-58.78225,-38.37796],[-58.77415,-38.43577],[-58.75711,-38.47245],[-58.74007,-38.48059],[-58.752,-38.48872],[-58.74017,-38.51499],[-58.70802,-38.49502],[-58.61945,-38.56187],[-58.69091,-38.57502],[-58.68946,-38.58794],[-58.735,-38.58726],[-59.01221,-38.67853],[-59.33279,-38.73667],[-59.33126,-38.71996],[-59.35595,-38.7086],[-59.37112,-38.65942],[-59.41134,-38.62296],[-59.40775,-38.59399],[-59.43148,-38.60443],[-59.44473,-38.58852],[-59.34031,-38.54775],[-59.33555,-38.50136],[-59.40585,-38.45714],[-59.316,-38.38394],[-59.34017,-38.33643],[-59.33568,-38.32153],[-59.35418,-38.30342],[-59.31376,-38.20697],[-59.24624,-38.15305],[-59.35536,-38.11457],[-59.41488,-38.11373],[-59.53811,-38.05726],[-59.62256,-38.04488],[-59.67703,-38.00011],[-59.38335,-37.7586],[-59.2925,-37.71033],[-59.18469,-37.61693]]]}},{"type":"Feature","properties":{"id":"06218","nombre":"Chascomús"},"geometry":{"type":"Polygon","coordinates":[[[-57.98233,-35.33238],[-57.9472,-35.37195],[-57.91786,-35.37143],[-57.88871,-35.39202],[-57.87392,-35.38589],[-57.81402,-35.44219],[-57.77063,-35.43982],[-57.7669,-35.46326],[-57.7449,-35.47362],[-57.68794,-35.48471],[-57.67075,-35.4635],[-57.63002,-35.4695],[-57.55739,-35.4562],[-57.55083,-35.4697],[-57.52184,-35.47309],[-57.48656,-35.46116],[-57.48086,-35.48754],[-57.46167,-35.49407],[-57.4699,-35.50057],[-57.43525,-35.51823],[-57.46405,-35.5945],[-57.42636,-35.61579],[-57.43879,-35.63633],[-57.41661,-35.64463],[-57.41101,-35.66422],[-57.36587,-35.67743],[-57.38296,-35.6942],[-57.38114,-35.71227],[-57.3575,-35.71042],[-57.35042,-35.72762],[-57.36497,-35.746],[-57.40958,-35.7431],[-57.40206,-35.75749],[-57.42543,-35.78491],[-57.47002,-35.78055],[-57.48537,-35.80958],[-57.52347,-35.80969],[-57.61348,-35.77694],[-57.74984,-35.7661],[-57.86099,-35.68578],[-57.88737,-35.69987],[-57.89818,-35.6915],[-57.98031,-35.75732],[-58.01162,-35.7397],[-58.08004,-35.7869],[-58.09687,-35.77504],[-58.14589,-35.81934],[-58.13758,-35.82541],[-58.16688,-35.86807],[-58.18523,-35.86348],[-58.20432,-35.82572],[-58.22151,-35.81963],[-58.26382,-35.82305],[-58.2718,-35.85863],[-58.29626,-35.85341],[-58.31374,-35.86785],[-58.3386,-35.86172],[-58.34275,-35.84359],[-58.38296,-35.81934],[-58.41355,-35.81474],[-58.41757,-35.79022],[-58.45364,-35.76954],[-58.45166,-35.74119],[-58.15239,-35.47237],[-58.19391,-35.44095],[-58.15486,-35.40815],[-58.13862,-35.42037],[-58.04482,-35.33456],[-58.025,-35.35378],[-58.00245,-35.33254],[-57.98233,-35.33238]]]}},{"type":"Feature","properties":{"id":"06655","nombre":"Punta Indio"},"geometry":{"type":"Polygon","coordinates":[[[-57.27667,-35.22568],[-57.20424,-35.30011],[-57.14704,-35.38978],[-57.12794,-35.44576],[-57.15247,-35.4951],[-57.23538,-35.57707],[-57.34475,-35.71534],[-57.38092,-35.71285],[-57.38296,-35.6942],[-57.36587,-35.67743],[-57.41101,-35.66422],[-57.41661,-35.64463],[-57.43879,-35.63633],[-57.42636,-35.61579],[-57.46365,-35.59525],[-57.43525,-35.51823],[-57.4699,-35.50057],[-57.46167,-35.49407],[-57.48086,-35.48754],[-57.48656,-35.46116],[-57.52184,-35.47309],[-57.55083,-35.4697],[-57.55739,-35.4562],[-57.63002,-35.4695],[-57.67075,-35.4635],[-57.68794,-35.48471],[-57.76631,-35.46368],[-57.77063,-35.43982],[-57.7964,-35.44525],[-57.7268,-35.3493],[-57.68266,-35.3768],[-57.66464,-35.34228],[-57.64007,-35.35556],[-57.61339,-35.33306],[-57.66761,-35.29326],[-57.63298,-35.26086],[-57.60292,-35.26918],[-57.58138,-35.29413],[-57.60218,-35.36166],[-57.58887,-35.35002],[-57.57134,-35.36343],[-57.50315,-35.30201],[-57.54944,-35.29623],[-57.4929,-35.24359],[-57.46012,-35.26676],[-57.42564,-35.23463],[-57.40388,-35.25051],[-57.3037,-35.19718],[-57.27667,-35.22568]]]}},{"type":"Feature","properties":{"id":"06466","nombre":"Lezama"},"geometry":{"type":"Polygon","coordinates":[[[-57.86023,-35.68635],[-57.74984,-35.7661],[-57.61198,-35.77725],[-57.54379,-35.80558],[-57.48964,-35.81152],[-57.48897,-35.8263],[-57.51252,-35.82448],[-57.5679,-35.85707],[-57.58803,-35.83073],[-57.64928,-35.83699],[-57.65627,-35.85006],[-57.68225,-35.83163],[-57.70766,-35.83228],[-57.71228,-35.87267],[-57.73245,-35.89647],[-57.72607,-35.91978],[-57.76385,-35.92199],[-57.83292,-35.94371],[-57.84644,-35.96154],[-57.90409,-35.97355],[-57.91419,-35.99381],[-57.93943,-35.99301],[-57.95745,-36.02783],[-57.98331,-36.02872],[-57.98367,-36.01732],[-58.01075,-36.04308],[-58.03474,-36.00229],[-58.00814,-35.96055],[-58.01446,-35.94737],[-58.0928,-35.9494],[-58.09067,-35.93923],[-58.1112,-35.93343],[-58.10252,-35.92167],[-58.13754,-35.90545],[-58.14723,-35.86657],[-58.16495,-35.86756],[-58.1639,-35.84889],[-58.09687,-35.77504],[-58.08004,-35.7869],[-58.01162,-35.7397],[-57.98031,-35.75732],[-57.89818,-35.6915],[-57.88737,-35.69987],[-57.86023,-35.68635]]]}},{"type":"Feature","properties":{"id":"06126","nombre":"Campana"},"geometry":{"type":"Polygon","coordinates":[[[-58.74946,-33.95459],[-58.6753,-34.02547],[-58.80475,-34.08752],[-58.76385,-34.12647],[-58.7467,-34.16551],[-58.6914,-34.17243],[-58.71215,-34.2489],[-58.79851,-34.23022],[-58.77874,-34.28675],[-58.86283,-34.26418],[-58.88079,-34.29792],[-58.91493,-34.32072],[-58.91798,-34.35231],[-58.90774,-34.35995],[-58.91974,-34.38103],[-59.05715,-34.2415],[-59.10581,-34.2139],[-59.10226,-34.19745],[-58.97331,-34.1291],[-58.9775,-34.11328],[-59.00952,-34.09907],[-58.96605,-33.96058],[-58.77771,-33.94263],[-58.74946,-33.95459]]]}},{"type":"Feature","properties":{"id":"06616","nombre":"Pellegrini"},"geometry":{"type":"Polygon","coordinates":[[[-63.20373,-36.03308],[-62.9391,-36.24832],[-62.9789,-36.28014],[-62.95927,-36.29608],[-63.03995,-36.35907],[-63.0284,-36.36881],[-63.06798,-36.39948],[-63.04864,-36.41541],[-63.28276,-36.60756],[-63.38537,-36.52495],[-63.38547,-35.88368],[-63.20373,-36.03308]]]}},{"type":"Feature","properties":{"id":"06245","nombre":"Ensenada"},"geometry":{"type":"Polygon","coordinates":[[[-58.01632,-34.78036],[-57.94734,-34.83348],[-57.87695,-34.82772],[-57.90055,-34.87486],[-57.93185,-34.90346],[-57.9746,-34.87237],[-57.99087,-34.87968],[-58.08363,-34.83514],[-58.01632,-34.78036]]]}},{"type":"Feature","properties":{"id":"06623","nombre":"Pergamino"},"geometry":{"type":"Polygon","coordinates":[[[-60.81824,-33.5437],[-60.78195,-33.57897],[-60.68458,-33.58516],[-60.61992,-33.62834],[-60.55695,-33.6466],[-60.46855,-33.63775],[-60.45745,-33.59835],[-60.32679,-33.68327],[-60.31318,-33.65112],[-60.17224,-33.66192],[-60.17514,-33.67366],[-60.14124,-33.69309],[-60.13877,-33.71113],[-60.23147,-33.86979],[-60.23658,-34.01071],[-60.3124,-34.00145],[-60.49639,-34.17646],[-60.5155,-34.14378],[-60.65798,-34.09111],[-60.7154,-34.03574],[-60.7054,-34.02512],[-60.9428,-33.85686],[-60.86129,-33.78097],[-60.90102,-33.74935],[-60.81081,-33.6748],[-60.91108,-33.58082],[-60.86713,-33.5483],[-60.81824,-33.5437]]]}},{"type":"Feature","properties":{"id":"06651","nombre":"Puán"},"geometry":{"type":"Polygon","coordinates":[[[-62.70604,-37.46829],[-62.58143,-37.54922],[-62.73548,-37.67184],[-62.73076,-37.6905],[-62.89556,-37.81916],[-62.73478,-37.94792],[-62.81439,-38.01074],[-62.65471,-38.13911],[-62.73595,-38.20248],[-62.65499,-38.26701],[-63.38424,-38.82922],[-63.38568,-37.80879],[-63.37734,-37.81513],[-62.8132,-37.37393],[-62.70604,-37.46829]]]}},{"type":"Feature","properties":{"id":"06392","nombre":"General Villegas"},"geometry":{"type":"Polygon","coordinates":[[[-62.8899,-34.38654],[-62.26908,-34.38582],[-62.34817,-34.65378],[-62.58485,-34.61069],[-62.59472,-34.65019],[-62.62217,-34.6325],[-62.60672,-34.99671],[-62.64216,-34.99699],[-62.61063,-35.02272],[-62.68835,-35.0851],[-62.65718,-35.11082],[-62.67689,-35.12661],[-62.70752,-35.10116],[-62.96461,-35.31189],[-63.11541,-35.18887],[-63.09038,-35.16825],[-63.13905,-35.1284],[-63.23551,-35.20857],[-63.21117,-35.22897],[-63.28514,-35.28849],[-63.31002,-35.26781],[-63.34717,-35.30004],[-63.32948,-35.32316],[-63.38571,-35.36972],[-63.38508,-34.38576],[-62.8899,-34.38654]]]}},{"type":"Feature","properties":{"id":"06270","nombre":"Ezeiza"},"geometry":{"type":"Polygon","coordinates":[[[-58.52051,-34.74106],[-58.52446,-34.77997],[-58.50285,-34.85496],[-58.51033,-34.90168],[-58.49016,-34.92884],[-58.55317,-34.97628],[-58.55627,-35.00705],[-58.62015,-34.96074],[-58.59905,-34.94295],[-58.65033,-34.89109],[-58.61551,-34.81853],[-58.56815,-34.75883],[-58.53751,-34.75695],[-58.52051,-34.74106]]]}},{"type":"Feature","properties":{"id":"06168","nombre":"Castelli"},"geometry":{"type":"Polygon","coordinates":[[[-57.38471,-35.73808],[-57.36205,-35.75061],[-57.38972,-35.85317],[-57.36881,-35.9511],[-57.38245,-35.96674],[-57.27924,-36.13759],[-57.20923,-36.19622],[-57.64506,-36.10709],[-57.67096,-36.20333],[-57.7845,-36.17814],[-57.81586,-36.2784],[-57.87204,-36.26687],[-57.88351,-36.30214],[-57.96431,-36.27033],[-57.97175,-36.26396],[-57.95972,-36.25292],[-58.09322,-36.15481],[-57.9668,-36.06463],[-58.00434,-36.04214],[-57.98566,-36.01835],[-57.98331,-36.02872],[-57.95745,-36.02783],[-57.93943,-35.99301],[-57.91419,-35.99381],[-57.90409,-35.97355],[-57.84644,-35.96154],[-57.83292,-35.94371],[-57.76385,-35.92199],[-57.72607,-35.91978],[-57.73245,-35.89647],[-57.71228,-35.87267],[-57.70766,-35.83228],[-57.68225,-35.83163],[-57.65627,-35.85006],[-57.64928,-35.83699],[-57.58803,-35.83073],[-57.56704,-35.857],[-57.51252,-35.82448],[-57.48897,-35.8263],[-57.47519,-35.78307],[-57.42479,-35.78458],[-57.40206,-35.75749],[-57.40958,-35.7431],[-57.38471,-35.73808]]]}},{"type":"Feature","properties":{"id":"06028","nombre":"Almirante Brown"},"geometry":{"type":"Polygon","coordinates":[[[-58.33396,-34.75824],[-58.30978,-34.79339],[-58.3328,-34.80575],[-58.29247,-34.85487],[-58.39644,-34.90988],[-58.44775,-34.82599],[-58.33396,-34.75824]]]}},{"type":"Feature","properties":{"id":"06648","nombre":"Presidente Perón"},"geometry":{"type":"Polygon","coordinates":[[[-58.40467,-34.89856],[-58.39644,-34.90988],[-58.31246,-34.87484],[-58.27461,-34.91706],[-58.37762,-34.95049],[-58.4687,-35.01127],[-58.46305,-34.95145],[-58.49186,-34.92763],[-58.41304,-34.87358],[-58.40467,-34.89856]]]}},{"type":"Feature","properties":{"id":"06119","nombre":"Brandsen"},"geometry":{"type":"Polygon","coordinates":[[[-58.16704,-35.04774],[-58.17725,-35.05715],[-58.01807,-35.16811],[-58.07753,-35.22],[-58.05409,-35.23683],[-57.96811,-35.15969],[-57.89014,-35.22214],[-58.03584,-35.344],[-58.04482,-35.33456],[-58.13862,-35.42037],[-58.18685,-35.38258],[-58.21927,-35.40804],[-58.25955,-35.37711],[-58.24682,-35.36532],[-58.4469,-35.21403],[-58.35271,-35.13786],[-58.33884,-35.14853],[-58.16142,-34.97185],[-58.12026,-35.00457],[-58.16704,-35.04774]]]}},{"type":"Feature","properties":{"id":"06147","nombre":"Carlos Casares"},"geometry":{"type":"Polygon","coordinates":[[[-61.53188,-35.37858],[-61.28802,-35.57282],[-61.2726,-35.56008],[-61.0319,-35.76555],[-61.10173,-35.82476],[-61.0353,-35.87666],[-61.26976,-36.0711],[-61.33319,-36.02141],[-61.3934,-36.07181],[-61.56005,-35.94276],[-61.54368,-35.92899],[-61.63612,-35.85274],[-61.50277,-35.74542],[-61.60119,-35.6645],[-61.57437,-35.64308],[-61.72474,-35.53738],[-61.53188,-35.37858]]]}},{"type":"Feature","properties":{"id":"06385","nombre":"General Viamonte"},"geometry":{"type":"Polygon","coordinates":[[[-60.90415,-34.81072],[-60.84925,-34.76302],[-60.72396,-34.86123],[-60.84769,-34.96808],[-60.75423,-35.0414],[-60.98463,-35.2466],[-61.06251,-35.18678],[-61.15502,-35.26417],[-61.27818,-35.16585],[-61.30094,-35.1852],[-61.41974,-35.08791],[-61.12769,-34.84741],[-61.18237,-34.80221],[-61.04818,-34.69291],[-60.90415,-34.81072]]]}},{"type":"Feature","properties":{"id":"06154","nombre":"Carlos Tejedor"},"geometry":{"type":"Polygon","coordinates":[[[-62.39642,-35.07176],[-62.28518,-35.16382],[-62.27061,-35.15177],[-62.22419,-35.18988],[-62.21004,-35.20186],[-62.22502,-35.21414],[-61.90631,-35.48561],[-61.98814,-35.55221],[-62.05017,-35.50123],[-62.12999,-35.56537],[-62.09829,-35.59161],[-62.33855,-35.78408],[-62.69389,-35.49264],[-62.68526,-35.48563],[-62.77769,-35.4087],[-62.80381,-35.4295],[-62.8731,-35.37161],[-62.84654,-35.35045],[-62.89316,-35.31132],[-62.86414,-35.2885],[-62.89956,-35.25928],[-62.70752,-35.10116],[-62.67689,-35.12661],[-62.65718,-35.11082],[-62.68835,-35.0851],[-62.61063,-35.02272],[-62.54855,-35.07387],[-62.47145,-35.01066],[-62.39642,-35.07176]]]}},{"type":"Feature","properties":{"id":"06826","nombre":"Trenque Lauquen"},"geometry":{"type":"Polygon","coordinates":[[[-62.48359,-35.66572],[-62.33842,-35.7842],[-62.43109,-35.85884],[-62.08244,-36.1523],[-62.60758,-36.56142],[-62.62575,-36.50236],[-63.20373,-36.03308],[-62.62381,-35.55074],[-62.48359,-35.66572]]]}},{"type":"Feature","properties":{"id":"06301","nombre":"General Belgrano"},"geometry":{"type":"Polygon","coordinates":[[[-59.03437,-35.56489],[-59.00303,-35.59494],[-58.97394,-35.58998],[-58.94742,-35.62297],[-58.90375,-35.60551],[-58.9076,-35.59409],[-58.88186,-35.59313],[-58.8883,-35.62112],[-58.87657,-35.6401],[-58.8392,-35.65631],[-58.84314,-35.68185],[-58.788,-35.70097],[-58.76172,-35.75664],[-58.71602,-35.72173],[-58.66171,-35.72458],[-58.6581,-35.74416],[-58.62906,-35.75108],[-58.60863,-35.74111],[-58.54136,-35.7463],[-58.52453,-35.72248],[-58.5017,-35.75333],[-58.48694,-35.70743],[-58.46525,-35.68538],[-58.43839,-35.70914],[-58.45364,-35.76954],[-58.41757,-35.79022],[-58.41355,-35.81474],[-58.34275,-35.84359],[-58.33695,-35.86276],[-58.28236,-35.86064],[-58.57185,-36.12097],[-58.74902,-35.98472],[-58.72917,-35.96755],[-58.89182,-35.84017],[-58.90058,-35.84745],[-58.95675,-35.80319],[-58.97442,-35.81693],[-59.14205,-35.66571],[-59.14253,-35.62537],[-59.08154,-35.6163],[-59.08004,-35.60683],[-59.03609,-35.6117],[-59.02542,-35.58026],[-59.03437,-35.56489]]]}},{"type":"Feature","properties":{"id":"06547","nombre":"Monte"},"geometry":{"type":"Polygon","coordinates":[[[-58.77086,-35.27391],[-58.74675,-35.2527],[-58.67832,-35.30447],[-58.70743,-35.33509],[-58.67415,-35.36038],[-58.66313,-35.35495],[-58.47049,-35.51194],[-58.56871,-35.5959],[-58.49936,-35.64514],[-58.48652,-35.70694],[-58.50071,-35.75287],[-58.52453,-35.72248],[-58.54136,-35.7463],[-58.60863,-35.74111],[-58.62906,-35.75108],[-58.6581,-35.74416],[-58.66171,-35.72458],[-58.71602,-35.72173],[-58.76518,-35.75542],[-58.788,-35.70097],[-58.84314,-35.68185],[-58.8392,-35.65631],[-58.87657,-35.6401],[-58.8883,-35.62112],[-58.88186,-35.59313],[-58.9076,-35.59409],[-58.90315,-35.60501],[-58.93681,-35.62342],[-58.95797,-35.61717],[-58.97394,-35.58998],[-59.00788,-35.59169],[-59.05038,-35.54163],[-59.01085,-35.50989],[-59.00934,-35.47971],[-59.10537,-35.42675],[-59.12058,-35.43071],[-59.02541,-35.35227],[-59.00584,-35.36692],[-58.9795,-35.34234],[-58.92511,-35.3417],[-58.81179,-35.24238],[-58.77086,-35.27391]]]}},{"type":"Feature","properties":{"id":"06693","nombre":"Roque Pérez"},"geometry":{"type":"Polygon","coordinates":[[[-59.49216,-35.28948],[-59.48033,-35.2873],[-59.46851,-35.30737],[-59.46241,-35.29874],[-59.44177,-35.30812],[-59.39338,-35.29095],[-59.38007,-35.33345],[-59.32209,-35.35916],[-59.32252,-35.37468],[-59.29714,-35.36417],[-59.26286,-35.39068],[-59.16724,-35.4059],[-59.16395,-35.42098],[-59.1283,-35.43635],[-59.10537,-35.42675],[-59.00934,-35.47971],[-59.01085,-35.50989],[-59.05038,-35.54163],[-59.02683,-35.57544],[-59.03152,-35.60559],[-59.14301,-35.62562],[-59.13108,-35.69818],[-59.17488,-35.71201],[-59.18144,-35.75551],[-59.41261,-35.58613],[-59.34967,-35.52944],[-59.37696,-35.53688],[-59.49552,-35.49308],[-59.52448,-35.4564],[-59.59976,-35.46271],[-59.62052,-35.45138],[-59.64772,-35.46924],[-59.77501,-35.47847],[-59.76867,-35.45104],[-59.82544,-35.40735],[-59.75548,-35.34674],[-59.7129,-35.37877],[-59.64251,-35.31661],[-59.58576,-35.35996],[-59.50606,-35.28926],[-59.49216,-35.28948]]]}},{"type":"Feature","properties":{"id":"06595","nombre":"Olavarría"},"geometry":{"type":"Polygon","coordinates":[[[-60.57485,-36.39391],[-60.53223,-36.41252],[-60.43841,-36.49777],[-60.47805,-36.52973],[-60.3265,-36.65252],[-60.28557,-36.61995],[-60.00136,-36.83548],[-60.0212,-36.85259],[-60.00751,-36.86352],[-60.02806,-36.88001],[-60.01256,-36.89103],[-60.03289,-36.908],[-60.02342,-36.91558],[-60.10674,-36.98081],[-60.0959,-36.98914],[-60.11613,-37.00657],[-60.10365,-37.01607],[-60.12285,-37.03431],[-60.11304,-37.04164],[-60.14521,-37.08118],[-60.12638,-37.09682],[-60.27747,-37.24949],[-60.43715,-37.37682],[-60.62567,-37.2322],[-60.73174,-37.14023],[-60.71596,-37.12827],[-60.81453,-37.05124],[-61.01096,-37.20353],[-61.42348,-36.86458],[-60.89623,-36.45134],[-60.87544,-36.46783],[-60.76283,-36.37861],[-60.7288,-36.40269],[-60.64997,-36.34288],[-60.57485,-36.39391]]]}},{"type":"Feature","properties":{"id":"06539","nombre":"Merlo"},"geometry":{"type":"Polygon","coordinates":[[[-58.69829,-34.66026],[-58.63615,-34.71503],[-58.67546,-34.73929],[-58.65792,-34.7533],[-58.70388,-34.77871],[-58.7284,-34.75931],[-58.75025,-34.77759],[-58.86429,-34.69842],[-58.86029,-34.68521],[-58.81831,-34.68559],[-58.75755,-34.66048],[-58.72903,-34.63478],[-58.69829,-34.66026]]]}},{"type":"Feature","properties":{"id":"06260","nombre":"Esteban Echeverría"},"geometry":{"type":"Polygon","coordinates":[[[-58.5008,-34.72299],[-58.43053,-34.81725],[-58.44775,-34.82599],[-58.41304,-34.87358],[-58.49186,-34.92763],[-58.51033,-34.90168],[-58.50285,-34.85496],[-58.5245,-34.77914],[-58.52051,-34.74106],[-58.5008,-34.72299]]]}},{"type":"Feature","properties":{"id":"06161","nombre":"Carmen de Areco"},"geometry":{"type":"Polygon","coordinates":[[[-59.73087,-34.25721],[-59.69223,-34.28704],[-59.67533,-34.40405],[-59.76761,-34.45281],[-59.73511,-34.47782],[-59.76841,-34.5073],[-59.75465,-34.51809],[-59.88457,-34.61943],[-59.9332,-34.58126],[-59.90931,-34.5612],[-59.93031,-34.54351],[-59.97474,-34.51043],[-60.01471,-34.5469],[-60.09804,-34.48293],[-60.08363,-34.46978],[-60.14258,-34.4188],[-60.08409,-34.36752],[-60.06503,-34.38265],[-59.97084,-34.28648],[-59.89524,-34.23644],[-59.87394,-34.2643],[-59.78158,-34.21932],[-59.73087,-34.25721]]]}},{"type":"Feature","properties":{"id":"06532","nombre":"Mercedes"},"geometry":{"type":"Polygon","coordinates":[[[-59.29807,-34.57363],[-59.26245,-34.62012],[-59.28123,-34.62585],[-59.24128,-34.67733],[-59.2559,-34.68558],[-59.16809,-34.79942],[-59.19219,-34.8121],[-59.20452,-34.79623],[-59.27871,-34.83435],[-59.28944,-34.82168],[-59.37317,-34.89113],[-59.40873,-34.84242],[-59.46651,-34.87259],[-59.49683,-34.84939],[-59.52259,-34.82879],[-59.49133,-34.80294],[-59.52592,-34.76477],[-59.71641,-34.62002],[-59.67296,-34.58263],[-59.63243,-34.61502],[-59.56882,-34.56059],[-59.52366,-34.59689],[-59.33852,-34.50846],[-59.29807,-34.57363]]]}},{"type":"Feature","properties":{"id":"06408","nombre":"Hurlingham"},"geometry":{"type":"Polygon","coordinates":[[[-58.64223,-34.56631],[-58.61603,-34.5887],[-58.62181,-34.63315],[-58.65349,-34.63161],[-58.69393,-34.59374],[-58.64223,-34.56631]]]}},{"type":"Feature","properties":{"id":"06568","nombre":"Morón"},"geometry":{"type":"Polygon","coordinates":[[[-58.61603,-34.5887],[-58.55611,-34.6347],[-58.58188,-34.64317],[-58.64097,-34.70454],[-58.66738,-34.68599],[-58.65349,-34.63161],[-58.62038,-34.63142],[-58.61603,-34.5887]]]}},{"type":"Feature","properties":{"id":"06515","nombre":"Malvinas Argentinas"},"geometry":{"type":"Polygon","coordinates":[[[-58.6848,-34.46615],[-58.64659,-34.50138],[-58.70127,-34.53275],[-58.78454,-34.47607],[-58.70556,-34.43931],[-58.6848,-34.46615]]]}},{"type":"Feature","properties":{"id":"06847","nombre":"Tres Lomas"},"geometry":{"type":"Polygon","coordinates":[[[-62.8473,-36.32229],[-62.62575,-36.50236],[-62.60758,-36.56142],[-62.81604,-36.73195],[-63.12756,-36.4795],[-63.04864,-36.41541],[-63.06798,-36.39948],[-63.0284,-36.36881],[-63.03995,-36.35907],[-62.95927,-36.29608],[-62.9789,-36.28014],[-62.93975,-36.24884],[-62.8473,-36.32229]]]}},{"type":"Feature","properties":{"id":"06371","nombre":"General San Martín"},"geometry":{"type":"Polygon","coordinates":[[[-58.55376,-34.53021],[-58.53778,-34.54416],[-58.52981,-34.53733],[-58.50996,-34.5692],[-58.52297,-34.59756],[-58.56231,-34.59141],[-58.61924,-34.54673],[-58.60152,-34.52124],[-58.6003,-34.49035],[-58.55376,-34.53021]]]}},{"type":"Feature","properties":{"id":"06469","nombre":"Lincoln"},"geometry":{"type":"Polygon","coordinates":[[[-61.24672,-34.66818],[-61.20474,-34.70249],[-61.22255,-34.71737],[-61.15116,-34.77721],[-61.18237,-34.80221],[-61.12769,-34.84741],[-61.41974,-35.08791],[-61.30094,-35.1852],[-61.78328,-35.58545],[-62.14928,-35.28393],[-62.22502,-35.21414],[-62.21004,-35.20186],[-62.27061,-35.15177],[-62.16622,-35.06713],[-62.18537,-35.0507],[-61.9832,-34.88603],[-61.90272,-34.95275],[-61.67347,-34.76095],[-61.7729,-34.67641],[-61.71161,-34.62803],[-61.64458,-34.68365],[-61.61162,-34.6567],[-61.59761,-34.66871],[-61.5164,-34.6032],[-61.43641,-34.67116],[-61.33848,-34.59217],[-61.24672,-34.66818]]]}},{"type":"Feature","properties":{"id":"06448","nombre":"Laprida"},"geometry":{"type":"Polygon","coordinates":[[[-60.5989,-37.25413],[-60.47174,-37.34923],[-60.50268,-37.3735],[-60.3492,-37.49604],[-60.46588,-37.59027],[-60.45274,-37.60104],[-60.58083,-37.70081],[-60.55667,-37.72085],[-60.85195,-37.94079],[-61.17803,-37.68084],[-60.87854,-37.45146],[-60.97545,-37.36813],[-60.89133,-37.30235],[-61.01096,-37.20353],[-60.81453,-37.05124],[-60.71596,-37.12827],[-60.73174,-37.14023],[-60.5989,-37.25413]]]}},{"type":"Feature","properties":{"id":"06756","nombre":"San Isidro"},"geometry":{"type":"Polygon","coordinates":[[[-58.51416,-34.44353],[-58.4794,-34.48976],[-58.55376,-34.53021],[-58.6003,-34.49035],[-58.51416,-34.44353]]]}},{"type":"Feature","properties":{"id":"06084","nombre":"Benito Juárez"},"geometry":{"type":"Polygon","coordinates":[[[-60.17691,-37.19463],[-59.98674,-37.33994],[-60.03793,-37.38112],[-59.95326,-37.44751],[-59.86062,-37.3712],[-59.88029,-37.35594],[-59.82649,-37.31093],[-59.81155,-37.25632],[-59.77974,-37.23839],[-59.22598,-37.65084],[-59.30704,-37.72029],[-59.38335,-37.7586],[-59.67646,-37.99968],[-59.67368,-37.97955],[-59.71834,-37.95598],[-59.75469,-37.91413],[-59.93661,-37.79445],[-60.01816,-37.86075],[-60.0605,-37.82823],[-60.08913,-37.85167],[-60.26196,-37.72875],[-60.32344,-37.77637],[-60.42421,-37.69767],[-60.37802,-37.66269],[-60.46588,-37.59027],[-60.3492,-37.49604],[-60.50268,-37.3735],[-60.47174,-37.34923],[-60.43715,-37.37682],[-60.20058,-37.17804],[-60.17691,-37.19463]]]}},{"type":"Feature","properties":{"id":"06175","nombre":"Colón"},"geometry":{"type":"Polygon","coordinates":[[[-60.90652,-33.88731],[-61.06269,-34.03938],[-61.17502,-34.09528],[-61.20989,-34.12564],[-61.33141,-34.02568],[-60.93403,-33.65473],[-60.91043,-33.58089],[-60.81081,-33.6748],[-60.90102,-33.74935],[-60.86129,-33.78097],[-60.9428,-33.85686],[-60.90652,-33.88731]]]}},{"type":"Feature","properties":{"id":"06410","nombre":"Ituzaingó"},"geometry":{"type":"Polygon","coordinates":[[[-58.68222,-34.60323],[-58.65349,-34.63161],[-58.66738,-34.68599],[-58.72903,-34.63478],[-58.7099,-34.60151],[-58.69393,-34.59374],[-58.68222,-34.60323]]]}},{"type":"Feature","properties":{"id":"06274","nombre":"Florencio Varela"},"geometry":{"type":"Polygon","coordinates":[[[-58.26746,-34.77365],[-58.19991,-34.81377],[-58.17987,-34.866],[-58.24741,-34.92359],[-58.21108,-34.95178],[-58.27717,-35.00942],[-58.30079,-34.97168],[-58.2882,-34.96504],[-58.31632,-34.92633],[-58.27461,-34.91706],[-58.31715,-34.86815],[-58.29247,-34.85487],[-58.33281,-34.80574],[-58.30978,-34.79339],[-58.30411,-34.80116],[-58.29845,-34.78344],[-58.26746,-34.77365]]]}},{"type":"Feature","properties":{"id":"06778","nombre":"San Vicente"},"geometry":{"type":"Polygon","coordinates":[[[-58.31632,-34.92633],[-58.2882,-34.96504],[-58.30079,-34.97168],[-58.27717,-35.00942],[-58.2884,-35.01727],[-58.23627,-35.05828],[-58.33884,-35.14853],[-58.35271,-35.13786],[-58.41482,-35.18543],[-58.46797,-35.23842],[-58.57792,-35.15166],[-58.57932,-35.06835],[-58.60044,-35.05242],[-58.55439,-35.01143],[-58.55317,-34.97628],[-58.49191,-34.93017],[-58.46305,-34.95145],[-58.4687,-35.01127],[-58.43038,-34.97806],[-58.40833,-34.97787],[-58.39462,-34.95888],[-58.31632,-34.92633]]]}},{"type":"Feature","properties":{"id":"06063","nombre":"Balcarce"},"geometry":{"type":"Polygon","coordinates":[[[-58.42719,-37.50067],[-58.35463,-37.43985],[-58.28266,-37.49209],[-58.16358,-37.38824],[-57.73357,-37.69778],[-58.25591,-38.13086],[-58.59123,-37.87799],[-58.50734,-37.80574],[-58.80913,-37.57872],[-58.57711,-37.38398],[-58.42719,-37.50067]]]}},{"type":"Feature","properties":{"id":"06406","nombre":"Hipólito Yrigoyen"},"geometry":{"type":"Polygon","coordinates":[[[-61.45595,-36.04707],[-61.43614,-36.03924],[-61.3934,-36.07181],[-61.33319,-36.02141],[-61.26976,-36.0711],[-61.43969,-36.21442],[-61.4061,-36.24096],[-61.76341,-36.52495],[-61.91207,-36.38578],[-61.95453,-36.40413],[-62.04825,-36.3259],[-62.01496,-36.30064],[-61.97444,-36.33363],[-61.94432,-36.31492],[-61.92118,-36.28843],[-61.94475,-36.26856],[-61.77255,-36.13856],[-61.74244,-36.16208],[-61.70262,-36.12927],[-61.68908,-36.14031],[-61.61637,-36.09159],[-61.59672,-36.10728],[-61.49149,-36.0191],[-61.45595,-36.04707]]]}},{"type":"Feature","properties":{"id":"06238","nombre":"Dolores"},"geometry":{"type":"Polygon","coordinates":[[[-57.56601,-36.12172],[-57.41785,-36.15762],[-57.47326,-36.34034],[-57.34298,-36.36617],[-57.39933,-36.41582],[-57.44366,-36.47943],[-57.39923,-36.51308],[-57.46436,-36.57093],[-57.49374,-36.58136],[-57.65398,-36.7281],[-57.77636,-36.63453],[-57.76351,-36.62394],[-57.84853,-36.55517],[-57.77795,-36.49294],[-57.80981,-36.46702],[-57.77546,-36.43764],[-57.98732,-36.2774],[-57.97175,-36.26396],[-57.88351,-36.30214],[-57.87204,-36.26687],[-57.81586,-36.2784],[-57.7845,-36.17814],[-57.67096,-36.20333],[-57.64506,-36.10709],[-57.56601,-36.12172]]]}},{"type":"Feature","properties":{"id":"06462","nombre":"Leandro N. Alem"},"geometry":{"type":"Polygon","coordinates":[[[-61.51315,-34.33283],[-61.47167,-34.30741],[-61.43334,-34.3399],[-61.39541,-34.3735],[-61.41697,-34.39232],[-61.32917,-34.45314],[-61.35551,-34.47395],[-61.2752,-34.54121],[-61.43641,-34.67116],[-61.5164,-34.6032],[-61.59761,-34.66871],[-61.61162,-34.6567],[-61.64458,-34.68365],[-61.76961,-34.57642],[-61.84537,-34.63741],[-61.98394,-34.51825],[-61.81615,-34.3856],[-61.71975,-34.38555],[-61.64839,-34.31947],[-61.61078,-34.35272],[-61.54908,-34.30339],[-61.51315,-34.33283]]]}},{"type":"Feature","properties":{"id":"06679","nombre":"Rivadavia"},"geometry":{"type":"Polygon","coordinates":[[[-62.99718,-35.28533],[-62.96461,-35.31189],[-62.89953,-35.2593],[-62.86414,-35.2885],[-62.89316,-35.31132],[-62.84654,-35.35045],[-62.8731,-35.37161],[-62.80381,-35.4295],[-62.77769,-35.4087],[-62.62381,-35.55074],[-63.20373,-36.03308],[-63.38547,-35.88368],[-63.38571,-35.36972],[-63.32948,-35.32316],[-63.34717,-35.30004],[-63.31002,-35.26781],[-63.28514,-35.28849],[-63.21117,-35.22897],[-63.23551,-35.20857],[-63.13905,-35.1284],[-63.09038,-35.16825],[-63.11541,-35.18887],[-62.99718,-35.28533]]]}},{"type":"Feature","properties":{"id":"06602","nombre":"Patagones"},"geometry":{"type":"MultiPolygon","coordinates":[[[[-62.31421,-39.89104],[-62.33109,-39.91577],[-62.32874,-39.95435],[-62.34223,-39.9636],[-62.32924,-39.97441],[-62.33042,-39.99879],[-62.3518,-40.06893],[-62.32765,-40.15136],[-62.33889,-40.18688],[-62.38939,-40.22842],[-62.44575,-40.25019],[-62.4894,-40.31769],[-62.44686,-40.40788],[-62.42102,-40.42862],[-62.41895,-40.46367],[-62.32037,-40.50485],[-62.32073,-40.53534],[-62.29761,-40.54271],[-62.2825,-40.57148],[-62.26215,-40.56296],[-62.25511,-40.57707],[-62.25078,-40.55677],[-62.31845,-40.52641],[-62.25513,-40.53914],[-62.17259,-40.58483],[-62.17454,-40.63753],[-62.23231,-40.68791],[-62.31069,-40.86982],[-62.41327,-40.92016],[-62.55304,-40.95919],[-62.71042,-41.03768],[-62.74341,-41.03777],[-62.78967,-41.02416],[-62.80197,-40.98257],[-62.95759,-40.81811],[-63.19208,-40.71668],[-63.28531,-40.72943],[-63.30005,-40.71113],[-63.36605,-40.68921],[-63.37935,-40.71037],[-63.38327,-39.32849],[-63.23932,-39.36635],[-63.17345,-39.41302],[-63.13665,-39.39372],[-63.10185,-39.42441],[-63.11311,-39.45177],[-63.09173,-39.45158],[-63.09969,-39.46815],[-63.06602,-39.46019],[-63.07218,-39.47806],[-63.03268,-39.48097],[-63.02832,-39.49487],[-63.01696,-39.48569],[-63.01338,-39.50328],[-62.97316,-39.50373],[-62.95882,-39.51757],[-62.90868,-39.50514],[-62.85802,-39.5305],[-62.75441,-39.50618],[-62.69157,-39.53479],[-62.62384,-39.53106],[-62.61684,-39.54809],[-62.53704,-39.57516],[-62.49034,-39.60751],[-62.47505,-39.62824],[-62.48656,-39.66562],[-62.47639,-39.69367],[-62.43102,-39.72477],[-62.40891,-39.72502],[-62.39758,-39.75362],[-62.37509,-39.76401],[-62.3901,-39.78013],[-62.37079,-39.77566],[-62.33783,-39.80227],[-62.29967,-39.79721],[-62.23354,-39.81623],[-62.21501,-39.83995],[-62.16653,-39.83018],[-62.13861,-39.86817],[-62.17977,-39.85352],[-62.26033,-39.85853],[-62.26994,-39.87219],[-62.27224,-39.86964],[-62.26335,-39.86035],[-62.26398,-39.85371],[-62.27006,-39.8494],[-62.27948,-39.84868],[-62.26497,-39.85356],[-62.27366,-39.87136],[-62.28649,-39.87957],[-62.31613,-39.86495],[-62.31421,-39.89104]]],[[[-62.15178,-40.3793],[-62.14169,-40.38658],[-62.15225,-40.39636],[-62.13176,-40.39185],[-62.13691,-40.40119],[-62.13773,-40.41059],[-62.14343,-40.42052],[-62.17106,-40.43884],[-62.19836,-40.43671],[-62.17395,-40.36851],[-62.1639,-40.36097],[-62.15178,-40.3793]]],[[[-62.18041,-40.4609],[-62.15662,-40.45768],[-62.19686,-40.51524],[-62.21714,-40.52348],[-62.23491,-40.50795],[-62.20203,-40.46924],[-62.20094,-40.44664],[-62.18041,-40.4609]]],[[[-62.11212,-40.17598],[-62.10917,-40.20158],[-62.09301,-40.2064],[-62.10877,-40.22],[-62.13147,-40.17801],[-62.12455,-40.14463],[-62.11651,-40.12694],[-62.11029,-40.12498],[-62.11212,-40.17598]]],[[[-62.32885,-40.28649],[-62.31124,-40.29794],[-62.32803,-40.34161],[-62.34476,-40.34163],[-62.34336,-40.28571],[-62.32885,-40.28649]]],[[[-62.28766,-40.29948],[-62.26492,-40.29943],[-62.26696,-40.31512],[-62.29462,-40.34251],[-62.31206,-40.34286],[-62.28766,-40.29948]]],[[[-62.25081,-39.86556],[-62.19931,-39.86332],[-62.18978,-39.87304],[-62.22246,-39.88109],[-62.25081,-39.86556]]],[[[-62.15967,-40.01985],[-62.16431,-40.02876],[-62.14974,-40.03489],[-62.1194,-40.02562],[-62.15562,-40.03693],[-62.16877,-40.02732],[-62.15967,-40.01985]]],[[[-62.36934,-40.25599],[-62.37468,-40.23743],[-62.3571,-40.23391],[-62.35706,-40.25098],[-62.36934,-40.25599]]],[[[-62.3536,-40.22306],[-62.34267,-40.20746],[-62.31917,-40.19442],[-62.33297,-40.21269],[-62.3536,-40.22306]]],[[[-62.15339,-40.45148],[-62.15854,-40.45646],[-62.1767,-40.45437],[-62.15783,-40.44676],[-62.15339,-40.45148]]],[[[-62.11812,-40.40114],[-62.1266,-40.40639],[-62.13315,-40.39903],[-62.12126,-40.39547],[-62.11812,-40.40114]]],[[[-62.07582,-40.26221],[-62.08183,-40.25949],[-62.07496,-40.24583],[-62.07215,-40.2519],[-62.07582,-40.26221]]],[[[-62.36773,-40.2224],[-62.36909,-40.21497],[-62.35333,-40.20568],[-62.36171,-40.21863],[-62.36773,-40.2224]]],[[[-62.36171,-40.35291],[-62.35605,-40.35656],[-62.35707,-40.36426],[-62.36435,-40.35761],[-62.36171,-40.35291]]],[[[-62.11896,-40.38864],[-62.12521,-40.38656],[-62.11232,-40.37939],[-62.11367,-40.38625],[-62.11896,-40.38864]]],[[[-62.3569,-40.21899],[-62.35324,-40.21166],[-62.34338,-40.20707],[-62.3464,-40.21193],[-62.3569,-40.21899]]],[[[-62.13386,-40.41127],[-62.13602,-40.40189],[-62.13422,-40.40078],[-62.1306,-40.40646],[-62.13386,-40.41127]]],[[[-62.1228,-39.885],[-62.12369,-39.88141],[-62.11342,-39.86516],[-62.11548,-39.87488],[-62.1228,-39.885]]],[[[-62.14741,-39.8882],[-62.14991,-39.89124],[-62.15318,-39.88684],[-62.14964,-39.88661],[-62.14741,-39.8882]]]]}},{"type":"Feature","properties":{"id":"06182","nombre":"Coronel de Marina Leonardo Rosales"},"geometry":{"type":"Polygon","coordinates":[[[-61.7285,-38.65709],[-61.71545,-38.71432],[-61.72467,-38.74645],[-61.69876,-38.78142],[-61.69349,-38.82616],[-61.62612,-38.87855],[-61.5797,-38.88894],[-61.47643,-38.94505],[-61.45325,-38.93972],[-61.45573,-38.9954],[-61.61287,-39.00365],[-61.66966,-38.98989],[-61.7067,-38.96547],[-61.81303,-38.99239],[-61.86648,-38.96904],[-62.07341,-38.92511],[-62.07554,-38.90547],[-62.10578,-38.8971],[-62.10495,-38.87059],[-62.12635,-38.8417],[-62.16591,-38.81204],[-62.18192,-38.81729],[-62.06198,-38.71233],[-62.01216,-38.70677],[-61.92567,-38.73125],[-61.84793,-38.66536],[-61.81841,-38.68787],[-61.74236,-38.62721],[-61.7285,-38.65709]]]}},{"type":"Feature","properties":{"id":"06070","nombre":"Baradero"},"geometry":{"type":"Polygon","coordinates":[[[-59.39368,-33.73657],[-59.23981,-33.7301],[-59.25482,-33.79388],[-59.22272,-33.81343],[-59.28917,-33.82628],[-59.30274,-33.85285],[-59.24014,-33.89626],[-59.22838,-33.92503],[-59.26054,-33.94158],[-59.34088,-33.92538],[-59.34559,-33.9524],[-59.31963,-34.0238],[-59.34104,-34.04257],[-59.40646,-34.06095],[-59.39554,-34.07451],[-59.46309,-34.13501],[-59.51091,-34.0994],[-59.56209,-34.16797],[-59.62753,-34.15832],[-59.67609,-34.16666],[-59.72227,-34.13107],[-59.70723,-34.09359],[-59.75439,-34.01356],[-59.71456,-33.94608],[-59.65302,-33.91721],[-59.62876,-33.87889],[-59.60457,-33.86604],[-59.60296,-33.82185],[-59.57243,-33.77572],[-59.51011,-33.77884],[-59.56258,-33.75937],[-59.4963,-33.64605],[-59.47571,-33.65839],[-59.45648,-33.71918],[-59.39368,-33.73657]]]}},{"type":"Feature","properties":{"id":"06770","nombre":"San Pedro"},"geometry":{"type":"Polygon","coordinates":[[[-59.82792,-33.58136],[-59.77839,-33.60668],[-59.72664,-33.60389],[-59.65891,-33.62004],[-59.61278,-33.69517],[-59.52976,-33.63339],[-59.4891,-33.64333],[-59.56258,-33.75937],[-59.53261,-33.76595],[-59.51011,-33.77884],[-59.57243,-33.77572],[-59.60296,-33.82185],[-59.60457,-33.86604],[-59.62876,-33.87889],[-59.65302,-33.91721],[-59.7139,-33.94526],[-59.73012,-33.98542],[-59.77934,-34.01339],[-60.07271,-33.77886],[-60.05172,-33.76128],[-60.04114,-33.76882],[-59.82792,-33.58136]]]}},{"type":"Feature","properties":{"id":"06277","nombre":"Florentino Ameghino"},"geometry":{"type":"Polygon","coordinates":[[[-62.36867,-34.65006],[-62.18818,-34.68272],[-62.2638,-34.74306],[-62.24024,-34.76204],[-62.30505,-34.81282],[-62.28561,-34.81353],[-62.28306,-34.85677],[-62.22259,-34.85478],[-62.22067,-34.89134],[-62.20555,-34.89012],[-62.10456,-34.98469],[-62.18537,-35.0507],[-62.16622,-35.06713],[-62.28518,-35.16382],[-62.47145,-35.01066],[-62.54855,-35.07387],[-62.64216,-34.99699],[-62.60672,-34.99671],[-62.62217,-34.6325],[-62.59472,-34.65019],[-62.58485,-34.61069],[-62.36867,-34.65006]]]}},{"type":"Feature","properties":{"id":"06434","nombre":"Lanús"},"geometry":{"type":"Polygon","coordinates":[[[-58.40845,-34.66013],[-58.33351,-34.72698],[-58.34731,-34.73984],[-58.41345,-34.73263],[-58.44691,-34.68878],[-58.40845,-34.66013]]]}},{"type":"Feature","properties":{"id":"06490","nombre":"Lomas de Zamora"},"geometry":{"type":"Polygon","coordinates":[[[-58.43444,-34.7052],[-58.41327,-34.73286],[-58.34696,-34.73934],[-58.33664,-34.7544],[-58.43053,-34.81725],[-58.5008,-34.72299],[-58.4839,-34.73214],[-58.44691,-34.68878],[-58.43444,-34.7052]]]}},{"type":"Feature","properties":{"id":"06035","nombre":"Avellaneda"},"geometry":{"type":"Polygon","coordinates":[[[-58.33838,-34.63358],[-58.27964,-34.67864],[-58.33351,-34.72698],[-58.40651,-34.66351],[-58.33838,-34.63358]]]}},{"type":"Feature","properties":{"id":"06441","nombre":"La Plata"},"geometry":{"type":"MultiPolygon","coordinates":[[[[-57.99667,-34.87535],[-57.9746,-34.87237],[-57.8959,-34.93044],[-57.75236,-34.97066],[-58.05409,-35.23683],[-58.07753,-35.22],[-58.01807,-35.16811],[-58.17725,-35.05715],[-58.12038,-35.00438],[-58.16142,-34.97185],[-58.24649,-35.04836],[-58.2884,-35.01727],[-58.08363,-34.83514],[-57.99667,-34.87535]]],[[[-58.24801,-34.17494],[-58.24306,-34.18694],[-58.25499,-34.19046],[-58.25827,-34.18171],[-58.24801,-34.17494]]]]}}]}